id,split,label,label_id,path,w,h,orig_split,orig_path,folder,orig_w,orig_h,orig_format,md5,dhash,dup_group,dup_group_size
apple_healthy__4d2a9d7b2b,test,apple healthy,0,data/images/test/apple_healthy/apple_healthy__4d2a9d7b2b.jpg,380,512,train,train/Apple leaf/apple-tree-branch-green-leaves-fresh-isolated-white-background-33032922.jpg,Apple leaf,966,1300,JPEG,4d2a9d7b2bb277911a12461b4a599f09,727351351031787016,96,1
apple_healthy__55f6a06dfa,test,apple healthy,0,data/images/test/apple_healthy/apple_healthy__55f6a06dfa.jpg,450,424,train,train/Apple leaf/depositphotos_6657863-stock-photo-single-red-apple-with-leaf.jpg,Apple leaf,450,424,JPEG,55f6a06dfa68315341d470aa80c94301,2322757050711639565,113,1
apple_healthy__5ab0428970,test,apple healthy,0,data/images/test/apple_healthy/apple_healthy__5ab0428970.jpg,480,512,train,train/Apple leaf/stock-photo-red-apple-with-leaf-124592107.jpg,Apple leaf,1500,1600,JPEG,5ab0428970a3627d15404129d39fb754,5153836729951456929,157,1
apple_healthy__807dd13dd2,test,apple healthy,0,data/images/test/apple_healthy/apple_healthy__807dd13dd2.jpg,512,404,train,train/Apple leaf/stock-photo-whole-ripe-green-apple-with-apple-leaf-and-green-apple-half-isolated-on-white-background-with-566226067.jpg,Apple leaf,1500,1183,JPEG,807dd13dd27823edb68eab3e469b6a9a,5954613032841056387,161,1
apple_healthy__81fb193758,test,apple healthy,0,data/images/test/apple_healthy/apple_healthy__81fb193758.jpg,497,512,train,train/Apple leaf/Malus+sylvestris+-+Crab+Apple+04.jpg,Apple leaf,1440,1484,JPEG,81fb193758b806c09b09f50e39597919,15688808935522232247,94,1
apple_healthy__9493d54b46,test,apple healthy,0,data/images/test/apple_healthy/apple_healthy__9493d54b46.jpg,450,435,train,train/Apple leaf/stock-photo-apple-leaves-collection-isolated-on-white-background-373945045.jpg,Apple leaf,450,435,JPEG,9493d54b46fe1956743d15cf9446c3fd,2426716039422551662,141,1
apple_healthy__9ec610e09c,test,apple healthy,0,data/images/test/apple_healthy/apple_healthy__9ec610e09c.jpg,512,512,train,train/Apple leaf/Crab-Apple-%28Malus-Sylvestris%29-Leaf.jpg,Apple leaf,1000,1000,JPEG,9ec610e09c9cc4d7d2c3777ec5325d9f,3680925120580536777,91,1
apple_healthy__a5f63f0581,test,apple healthy,0,data/images/test/apple_healthy/apple_healthy__a5f63f0581.jpg,512,358,train,train/Apple leaf/ripe-red-apple-with-leaf-picture-id117485645?b=1&k=6&m=117485645&s=612x612&w=0&h=Ii96HYzF-2E5ky-IcXbVhvEFvU28o0rlkwagb7T6LhY=.jpg,Apple leaf,612,428,JPEG,a5f63f05816936fd0b404959fec40d26,11172901833079718659,137,1
apple_healthy__d55f5444e2,test,apple healthy,0,data/images/test/apple_healthy/apple_healthy__d55f5444e2.jpg,512,399,train,train/Apple leaf/red-apple-leaf-slice-white-background-29914331.jpg,Apple leaf,1300,1012,JPEG,d55f5444e2d1118597893d8ef8f8a170,802596709560301507,133,1
apple_healthy__e2d35b04c8,test,apple healthy,0,data/images/test/apple_healthy/apple_healthy__e2d35b04c8.jpg,512,481,train,train/Apple leaf/crab_apple_03_leaves.jpg,Apple leaf,800,752,JPEG,e2d35b04c89334c93997f652a8f062c7,8169982913543556046,106,1
apple_healthy__fe032bf833,test,apple healthy,0,data/images/test/apple_healthy/apple_healthy__fe032bf833.jpg,512,365,train,train/Apple leaf/Apple-Leaves-Diabetes.jpg,Apple leaf,800,571,JPEG,fe032bf8330a0787ce923cd1c21309cd,11139252028290549681,85,1
apple_rust__1ba337e08a,test,apple rust,1,data/images/test/apple_rust/apple_rust__1ba337e08a.jpg,341,188,test,test/Apple rust leaf/0605_Rust-induced_leafspot.jpg,Apple rust leaf,341,188,JPEG,1ba337e08a75a5d99c278cc54eb1c55f,5974510532365660509,2306,1
apple_rust__2f37db1362,test,apple rust,1,data/images/test/apple_rust/apple_rust__2f37db1362.jpg,512,269,train,train/Apple rust leaf/apple+rust+001.jpg,Apple rust leaf,1200,630,JPEG,2f37db13625e5aa7ce2286368215271b,14587361901796046516,199,1
apple_rust__4048af1fe3,test,apple rust,1,data/images/test/apple_rust/apple_rust__4048af1fe3.jpg,512,358,train,train/Apple rust leaf/buckinghamshire-speen-garden-detail-cedar-apple-rust-on-apple-underside-f5d3r7.jpg,Apple rust leaf,640,447,JPEG,4048af1fe3af81488826097ed95dada2,3617066314595129693,211,1
apple_rust__4b358ecbd2,test,apple rust,1,data/images/test/apple_rust/apple_rust__4b358ecbd2.jpg,512,512,train,train/Apple rust leaf/601fbee78c62e32a76e768a92ee40193.jpg,Apple rust leaf,550,550,JPEG,4b358ecbd2bf7ab1c9cae443c0827077,13384132774123460276,171,1
apple_rust__58287aa643,test,apple rust,1,data/images/test/apple_rust/apple_rust__58287aa643.jpg,512,379,train,train/Apple rust leaf/Figure-3.-Aecial-projections-on-the-underside-of-an-apple-leaf-with-cedar-apple-rust-disease-.jpg,Apple rust leaf,550,407,JPEG,58287aa64361e2e2d91465837ae9d720,16267154482461245650,190,1
apple_rust__5e38c02118,test,apple rust,1,data/images/test/apple_rust/apple_rust__5e38c02118.jpg,512,394,train,train/Apple rust leaf/apples_black-rot_01_zoom.jpg,Apple rust leaf,900,692,JPEG,5e38c021181a66db1a667542912c0ebd,3762463060852094516,206,1
apple_rust__68be8816d4,test,apple rust,1,data/images/test/apple_rust/apple_rust__68be8816d4.jpg,512,384,train,train/Apple rust leaf/cedar_apple_rust_on_jonagold_3.jpg,Apple rust leaf,640,480,JPEG,68be8816d4e7464102fa8569e8d63f86,14756259163772714096,231,1
apple_rust__7074e4e5b5,test,apple rust,1,data/images/test/apple_rust/apple_rust__7074e4e5b5.jpg,353,512,train,train/Apple rust leaf/3-Rust-induced-leaf-scorch-1emjjbl.jpg,Apple rust leaf,706,1024,JPEG,7074e4e5b59b38b3d2e02199eea7c769,8753142192204254566,170,1
apple_rust__8245283f07,test,apple rust,1,data/images/test/apple_rust/apple_rust__8245283f07.jpg,512,391,train,train/Apple rust leaf/1-Severe-cedar-apple-rust-on-Ginger-Gold-1-Jul-09-1n5iktz.jpg,Apple rust leaf,1966,1502,JPEG,8245283f0706a21dd3a3828ffb4c67bb,12851828026313789820,165,1
apple_rust__988934f972,test,apple rust,1,data/images/test/apple_rust/apple_rust__988934f972.jpg,475,350,train,train/Apple rust leaf/tree-problems-cedar-apple-rust-apple-leaf-475x350.jpg,Apple rust leaf,475,350,JPEG,988934f9729499a7f1d11850ceed7d4c,15618695631566419160,241,1
apple_rust__f60fce3a03,test,apple rust,1,data/images/test/apple_rust/apple_rust__f60fce3a03.jpg,512,341,train,train/Apple rust leaf/cedar-apple-rust_fig-3.jpg,Apple rust leaf,5184,3456,JPEG,f60fce3a033aaa4393c95963936a2dc0,6920999782712609561,227,1
apple_scab__03e6016f6b,test,apple scab,2,data/images/test/apple_scab/apple_scab__03e6016f6b.jpg,307,512,train,train/Apple Scab Leaf/Scab+close-up5846.jpg,Apple Scab Leaf,565,943,JPEG,03e6016f6b9ad29201a975dc1e3878be,2594082782958061600,26,1
apple_scab__0c57c87ffe,test,apple scab,2,data/images/test/apple_scab/apple_scab__0c57c87ffe.jpg,490,392,test,test/Apple Scab Leaf/apple%20scabnew.jpg,Apple Scab Leaf,490,392,JPEG,0c57c87ffebc8b4a6165690b694d7e98,14403623152178498787,2291,1
apple_scab__145ba1254e,test,apple scab,2,data/images/test/apple_scab/apple_scab__145ba1254e.jpg,330,512,train,train/Apple Scab Leaf/disease-on-fruit-scab-on-apple-tree-j1r0jp.jpg,Apple Scab Leaf,348,540,JPEG,145ba1254e0511af3c138d28cfac693f,5059252402511827252,60,1
apple_scab__165a9da99e,test,apple scab,2,data/images/test/apple_scab/apple_scab__165a9da99e.jpg,239,299,train,train/Apple Scab Leaf/scab-disease-small.jpg,Apple Scab Leaf,239,299,JPEG,165a9da99e81d991f7c2acba029340b8,14179242341219666580,73,1
apple_scab__7fd5f5d3d7,test,apple scab,2,data/images/test/apple_scab/apple_scab__7fd5f5d3d7.jpg,300,200,train,train/Apple Scab Leaf/Apple_scab.jpg?t=1473441220256&width=300&height=200&name=Apple_scab.jpg,Apple Scab Leaf,300,200,JPEG,7fd5f5d3d7d2efcdf4afdfa064d19b62,10346195588330777411,19,1
apple_scab__9907bbce51,test,apple scab,2,data/images/test/apple_scab/apple_scab__9907bbce51.jpg,512,458,train,train/Apple Scab Leaf/apple-scab-venturia-inaequalis-early-leaf-infection-and-mycelium-bxbd0k.jpg,Apple Scab Leaf,604,540,JPEG,9907bbce51d66f6d9b523bb916461720,18226749932116049116,34,1
apple_scab__b0662ccc8e,test,apple scab,2,data/images/test/apple_scab/apple_scab__b0662ccc8e.jpg,512,394,train,train/Apple Scab Leaf/apples_apple-scab_03_zoom.jpg,Apple Scab Leaf,900,692,JPEG,b0662ccc8ec821e9c2e83eda6dba7498,14173457481856879820,48,1
apple_scab__dae965f374,test,apple scab,2,data/images/test/apple_scab/apple_scab__dae965f374.jpg,512,384,train,train/Apple Scab Leaf/img_6415.jpg,Apple Scab Leaf,2048,1536,JPEG,dae965f3743730f81eec4d26e320d223,1376736199153499676,67,1
apple_scab__ede4f82b9b,test,apple scab,2,data/images/test/apple_scab/apple_scab__ede4f82b9b.jpg,390,512,train,train/Apple Scab Leaf/scab_large.jpg,Apple Scab Leaf,914,1200,JPEG,ede4f82b9bcf122f7abd61211d39d0b2,1619405636953010790,77,1
apple_scab__f0d74894e2,test,apple scab,2,data/images/test/apple_scab/apple_scab__f0d74894e2.jpg,119,200,train,train/Apple Scab Leaf/scab_on_leaf.jpg,Apple Scab Leaf,119,200,JPEG,f0d74894e22ed2e290443df6adb70ec4,9270386080860966064,78,1
apple_scab__f26344c9ed,test,apple scab,2,data/images/test/apple_scab/apple_scab__f26344c9ed.jpg,512,384,train,train/Apple Scab Leaf/apple-scab-leaf-big.jpg,Apple Scab Leaf,768,576,JPEG,f26344c9ed80321c97e4dc0a209f9e1f,7744891803107537779,31,1
bell_pepper_healthy__37730a00b9,test,bell pepper healthy,3,data/images/test/bell_pepper_healthy/bell_pepper_healthy__37730a00b9.jpg,341,512,train,train/Bell_pepper leaf/img_2509_b.jpg,Bell_pepper leaf,2592,3888,JPEG,37730a00b95075b388647132ef879941,3270002814755424007,276,1
bell_pepper_healthy__3b8728d96d,test,bell pepper healthy,3,data/images/test/bell_pepper_healthy/bell_pepper_healthy__3b8728d96d.jpg,384,512,test,test/Bell_pepper leaf/e33155.jpg,Bell_pepper leaf,600,800,JPEG,3b8728d96dc8180409c06fa6b3481bc6,7040023850190633456,2320,1
bell_pepper_healthy__7a04a22196,test,bell pepper healthy,3,data/images/test/bell_pepper_healthy/bell_pepper_healthy__7a04a22196.jpg,381,512,train,train/Bell_pepper leaf/pepper.jpg,Bell_pepper leaf,1195,1607,JPEG,7a04a221961056d7ed63563416e204cb,16204528038402771176,282,1
bell_pepper_healthy__bc5323329c,test,bell pepper healthy,3,data/images/test/bell_pepper_healthy/bell_pepper_healthy__bc5323329c.jpg,512,343,train,train/Bell_pepper leaf/tomato_bell_pepper_garden_pt3-03.jpg,Bell_pepper leaf,1600,1071,JPEG,bc5323329c5338210e8340bc46f01274,3404560727884394284,287,1
bell_pepper_healthy__c33f105afd,test,bell pepper healthy,3,data/images/test/bell_pepper_healthy/bell_pepper_healthy__c33f105afd.jpg,512,384,train,train/Bell_pepper leaf/951d30.jpg,Bell_pepper leaf,600,450,JPEG,c33f105afdc509fda7135038e3658d58,4521442958724451,250,1
bell_pepper_healthy__f5ac08a1f8,test,bell pepper healthy,3,data/images/test/bell_pepper_healthy/bell_pepper_healthy__f5ac08a1f8.jpg,512,365,train,train/Bell_pepper leaf/october-bell-peppers.jpg,Bell_pepper leaf,800,571,JPEG,f5ac08a1f85a465410b43c4b030e1035,4265950579411597183,279,1
bell_pepper_healthy__f6c45be797,test,bell pepper healthy,3,data/images/test/bell_pepper_healthy/bell_pepper_healthy__f6c45be797.jpg,384,512,train,train/Bell_pepper leaf/leaves11.jpg,Bell_pepper leaf,800,1067,JPEG,f6c45be79709eb437242da9aa00d3afd,12841485227112216083,278,1
bell_pepper_leaf_spot__248d6513b0,test,bell pepper leaf spot,4,data/images/test/bell_pepper_leaf_spot/bell_pepper_leaf_spot__248d6513b0.jpg,300,300,train,train/Bell_pepper leaf spot/image_300x300%2523.jpeg?1472603886.jpg,Bell_pepper leaf spot,300,300,JPEG,248d6513b0f1f2979271f466a9c18ca4,2052583825354025379,341,1
bell_pepper_leaf_spot__2e04cb9ceb,test,bell pepper leaf spot,4,data/images/test/bell_pepper_leaf_spot/bell_pepper_leaf_spot__2e04cb9ceb.jpg,400,329,train,train/Bell_pepper leaf spot/figure1.jpg,Bell_pepper leaf spot,400,329,JPEG,2e04cb9ceb2b03637305ab8d6b849a7c,3689318440733193011,334,1
bell_pepper_leaf_spot__47c68851e6,test,bell pepper leaf spot,4,data/images/test/bell_pepper_leaf_spot/bell_pepper_leaf_spot__47c68851e6.jpg,512,384,train,train/Bell_pepper leaf spot/bacterialCanker08-129kre6-on-pepper-50-QUALITY-1tzxf2r.jpg,Bell_pepper leaf spot,667,500,JPEG,47c68851e610f3b29f185d3a20961464,7485530076837069763,328,1
bell_pepper_leaf_spot__52ee71c0a0,test,bell pepper leaf spot,4,data/images/test/bell_pepper_leaf_spot/bell_pepper_leaf_spot__52ee71c0a0.jpg,512,384,train,train/Bell_pepper leaf spot/IMG_0945.jpg,Bell_pepper leaf spot,640,480,JPEG,52ee71c0a03cef99867b15db0d30ff46,11158685789626014489,315,1
bell_pepper_leaf_spot__581bd313ee,test,bell pepper leaf spot,4,data/images/test/bell_pepper_leaf_spot/bell_pepper_leaf_spot__581bd313ee.jpg,512,382,train,train/Bell_pepper leaf spot/image_original.jpeg?1472603886.jpg,Bell_pepper leaf spot,2592,1936,JPEG,581bd313ee103a2d3ceb682616b98ccc,1817692344694172642,338,2
bell_pepper_leaf_spot__94f904aec1,test,bell pepper leaf spot,4,data/images/test/bell_pepper_leaf_spot/bell_pepper_leaf_spot__94f904aec1.jpg,400,300,train,train/Bell_pepper leaf spot/bacterial_leaf_spot_pepper_plant_l.jpg,Bell_pepper leaf spot,400,300,JPEG,94f904aec1599e48cb534f437c070720,17062407673125834944,329,1
bell_pepper_leaf_spot__d6e1ee6c8a,test,bell pepper leaf spot,4,data/images/test/bell_pepper_leaf_spot/bell_pepper_leaf_spot__d6e1ee6c8a.jpg,221,166,test,test/Bell_pepper leaf spot/Bacterial-spot-pepper2.jpg,Bell_pepper leaf spot,221,166,JPEG,d6e1ee6c8a942694d5bf81d70cbb7619,6958096897012041669,2326,1
bell_pepper_leaf_spot__df545cd21f,test,bell pepper leaf spot,4,data/images/test/bell_pepper_leaf_spot/bell_pepper_leaf_spot__df545cd21f.jpg,384,512,train,train/Bell_pepper leaf spot/G3O1I.jpg,Bell_pepper leaf spot,2448,3264,JPEG,df545cd21fa8e02d6123ada29edb6a24,2803146233630656961,312,1
blueberry_healthy__084f29a2db,test,blueberry healthy,5,data/images/test/blueberry_healthy/blueberry_healthy__084f29a2db.jpg,364,512,train,train/Blueberry leaf/blueberry-leaf.jpg,Blueberry leaf,1422,2000,JPEG,084f29a2db2fe81ed9af2dabef06bdbd,2925281886025035856,415,1
blueberry_healthy__0b1b4f308f,test,blueberry healthy,5,data/images/test/blueberry_healthy/blueberry_healthy__0b1b4f308f.jpg,512,341,train,train/Blueberry leaf/wild-blueberries.jpg,Blueberry leaf,5184,3456,JPEG,0b1b4f308f4d4c211ed9c79c45929215,14829733648886762734,459,1
blueberry_healthy__1bd4b8b2fc,test,blueberry healthy,5,data/images/test/blueberry_healthy/blueberry_healthy__1bd4b8b2fc.jpg,512,340,train,train/Blueberry leaf/Blueberry07.jpg,Blueberry leaf,1600,1062,JPEG,1bd4b8b2fce55e89fdca4fc752ddab03,8531618355809117220,373,1
blueberry_healthy__29f947642b,test,blueberry healthy,5,data/images/test/blueberry_healthy/blueberry_healthy__29f947642b.jpg,384,512,train,train/Blueberry leaf/image_1500x1500%253E.jpeg?1472756548.jpg,Blueberry leaf,1125,1500,JPEG,29f947642b1d8f37e2b7ceb31b8f1ddd,7481920901229432289,433,1
blueberry_healthy__3b86c011d3,test,blueberry healthy,5,data/images/test/blueberry_healthy/blueberry_healthy__3b86c011d3.jpg,512,384,train,train/Blueberry leaf/vaccinium-angustifolium-634789-1.jpg,Blueberry leaf,720,540,JPEG,3b86c011d3057c15e154e6a35d9449e9,13104501405032915040,449,1
blueberry_healthy__5b9d155b10,test,blueberry healthy,5,data/images/test/blueberry_healthy/blueberry_healthy__5b9d155b10.jpg,512,384,train,train/Blueberry leaf/2198823523_4b8fdb3f03_b_d.jpg,Blueberry leaf,1024,768,JPEG,5b9d155b1000e32db59bcc92b778574c,15264605155724428690,358,1
blueberry_healthy__5d3e4ed95c,test,blueberry healthy,5,data/images/test/blueberry_healthy/blueberry_healthy__5d3e4ed95c.jpg,340,512,train,train/Blueberry leaf/vaccspp_leaf1.jpg,Blueberry leaf,2000,3008,JPEG,5d3e4ed95c06c81f599e2b0675ffa784,5530916506494061453,456,1
blueberry_healthy__8dfd3ba5fe,test,blueberry healthy,5,data/images/test/blueberry_healthy/blueberry_healthy__8dfd3ba5fe.jpg,512,377,train,train/Blueberry leaf/blueberry-leaves-16311688.jpg,Blueberry leaf,1300,957,JPEG,8dfd3ba5fe704fbecc686d72d428c11d,11545850095146795237,416,1
blueberry_healthy__9235d678b8,test,blueberry healthy,5,data/images/test/blueberry_healthy/blueberry_healthy__9235d678b8.jpg,512,340,train,train/Blueberry leaf/Highbush_Blueberry_Vaccinium_corymbosum_Leaves_3008px.jpg,Blueberry leaf,3008,2000,JPEG,9235d678b875a52e1da367e108cec39d,16857895696659000260,381,1
blueberry_healthy__a753672af3,test,blueberry healthy,5,data/images/test/blueberry_healthy/blueberry_healthy__a753672af3.jpg,512,384,train,train/Blueberry leaf/IMG_8698.JPG.jpg,Blueberry leaf,1600,1200,JPEG,a753672af37597914e71724ad98f6656,1745274951923676209,390,1
blueberry_healthy__a9c5e875f7,test,blueberry healthy,5,data/images/test/blueberry_healthy/blueberry_healthy__a9c5e875f7.jpg,512,384,train,train/Blueberry leaf/Blueberries+autumn+leaves7.jpg,Blueberry leaf,1600,1200,JPEG,a9c5e875f7b0ee891aa95ba266549f00,9879900011131802381,370,1
blueberry_healthy__b02936b9c6,test,blueberry healthy,5,data/images/test/blueberry_healthy/blueberry_healthy__b02936b9c6.jpg,512,384,train,train/Blueberry leaf/15rnn8k.jpg,Blueberry leaf,1600,1200,JPEG,b02936b9c63635e22626b8c4aabb33fc,7832790976709487438,355,1
blueberry_healthy__c488f9e543,test,blueberry healthy,5,data/images/test/blueberry_healthy/blueberry_healthy__c488f9e543.jpg,400,300,train,train/Blueberry leaf/P1200699+Vaccinium+alaskaense+Alaska+Blueberry+hairy+leaf+margin+Heather+Meadows.JPG.jpg,Blueberry leaf,400,300,JPEG,c488f9e543596fc17c39fec2cc89f499,3689280187843945250,394,1
blueberry_healthy__d1cea9c2ab,test,blueberry healthy,5,data/images/test/blueberry_healthy/blueberry_healthy__d1cea9c2ab.jpg,450,448,train,train/Blueberry leaf/stock-photo-fresh-ripe-blueberries-with-leaves-on-white-background-125173964.jpg,Blueberry leaf,450,448,JPEG,d1cea9c2ab7802cdcd7f07e170841faa,3174277215544093715,446,1
cherry_healthy__06182c3183,test,cherry healthy,6,data/images/test/cherry_healthy/cherry_healthy__06182c3183.jpg,512,384,train,train/Cherry leaf/yoshino-weeping-cherry-tree2.jpg,Cherry leaf,800,600,JPEG,06182c3183e5c65ad9caa36feb6c6cd4,12981880845939874265,505,1
cherry_healthy__0793397539,test,cherry healthy,6,data/images/test/cherry_healthy/cherry_healthy__0793397539.jpg,342,512,train,train/Cherry leaf/prunus-avium-le-rvid-c.jpg,Cherry leaf,667,1000,JPEG,07933975393d39dcb0269abe0e1b9ee0,16384990544304823312,498,1
cherry_healthy__1959e2c93d,test,cherry healthy,6,data/images/test/cherry_healthy/cherry_healthy__1959e2c93d.jpg,512,384,train,train/Cherry leaf/tree-branch-blossom-plant-fruit-berry-leaf-flower-ripe-food-red-produce-botany-flora-leaves-shrub-fruits-bing-cherry-cherries-flowering-plant-rose-family-fruity-cherry-harvest-sweet-cherry-land-plant-913933.jpg,Cherry leaf,4608,3456,JPEG,1959e2c93d0d9e57f843bbff7d8d8a0e,2940457873428098987,503,1
cherry_healthy__29649e2b6b,test,cherry healthy,6,data/images/test/cherry_healthy/cherry_healthy__29649e2b6b.jpg,512,512,train,train/Cherry leaf/1348156007-85504600.jpg,Cherry leaf,1000,1000,JPEG,29649e2b6bc86094c3cefb80f436da0b,14398842197450617595,463,1
cherry_healthy__523851c0d6,test,cherry healthy,6,data/images/test/cherry_healthy/cherry_healthy__523851c0d6.jpg,512,512,train,train/Cherry leaf/670px-User-Completed-Image-Identify-Cherry-Trees-2015.12.05-23.48.57.0.jpeg.jpg,Cherry leaf,670,670,JPEG,523851c0d60e9026d6a004be85532de7,4051890178715303623,470,1
cherry_healthy__9bdf55fde6,test,cherry healthy,6,data/images/test/cherry_healthy/cherry_healthy__9bdf55fde6.jpg,512,384,train,train/Cherry leaf/7%20CHOKE%20CHERRY.jpg,Cherry leaf,2048,1536,JPEG,9bdf55fde6aaa27e6de40fa1292c37fd,15125604003379316691,471,1
cherry_healthy__db58bac749,test,cherry healthy,6,data/images/test/cherry_healthy/cherry_healthy__db58bac749.jpg,512,384,train,train/Cherry leaf/img_3088.jpg,Cherry leaf,1600,1200,JPEG,db58bac749f8f5604ac124a2d1f5767d,14875103041666271716,496,1
corn_gray_leaf_spot__01c8e1d0c3,test,corn gray leaf spot,7,data/images/test/corn_gray_leaf_spot/corn_gray_leaf_spot__01c8e1d0c3.jpg,336,256,train,train/Corn Gray leaf spot/corn-gls-bls-lesion-comparison.jpg,Corn Gray leaf spot,336,256,JPEG,01c8e1d0c379c95fd90b9ea9d39c5f69,12733947957501696827,545,1
corn_gray_leaf_spot__1f4356087f,test,corn gray leaf spot,7,data/images/test/corn_gray_leaf_spot/corn_gray_leaf_spot__1f4356087f.jpg,512,384,train,train/Corn Gray leaf spot/grayspot.jpg,Corn Gray leaf spot,550,413,JPEG,1f4356087fdf7e5ed7642cd5846ad8b8,6745517703039091559,564,1
corn_gray_leaf_spot__62de840429,test,corn gray leaf spot,7,data/images/test/corn_gray_leaf_spot/corn_gray_leaf_spot__62de840429.jpg,267,350,train,train/Corn Gray leaf spot/glfspot.jpg,Corn Gray leaf spot,267,350,JPEG,62de8404293ba2d1777dd716a705782b,15192495950866206864,553,1
corn_gray_leaf_spot__803cff576a,test,corn gray leaf spot,7,data/images/test/corn_gray_leaf_spot/corn_gray_leaf_spot__803cff576a.jpg,253,241,train,train/Corn Gray leaf spot/Figure%204%20Grey%20leaf%20spot.jpg,Corn Gray leaf spot,253,241,JPEG,803cff576aa1ce57550fac43e6803fcb,13094116499192671580,528,1
corn_gray_leaf_spot__a890437157,test,corn gray leaf spot,7,data/images/test/corn_gray_leaf_spot/corn_gray_leaf_spot__a890437157.jpg,512,440,train,train/Corn Gray leaf spot/FJ_010_F17220_B00010.jpg,Corn Gray leaf spot,600,516,JPEG,a89043715728f92c8c86362097bcc6e7,15319650497218270679,523,1
corn_gray_leaf_spot__df16cdb35a,test,corn gray leaf spot,7,data/images/test/corn_gray_leaf_spot/corn_gray_leaf_spot__df16cdb35a.jpg,512,352,train,train/Corn Gray leaf spot/gray_leaf_spot__1-14B8612C8B60CDBC8E2.jpg,Corn Gray leaf spot,630,433,JPEG,df16cdb35ac544a5996437678c3f95cc,15184089449839049390,558,1
corn_gray_leaf_spot__e19da670da,test,corn gray leaf spot,7,data/images/test/corn_gray_leaf_spot/corn_gray_leaf_spot__e19da670da.jpg,512,384,train,train/Corn Gray leaf spot/IMG_5251.jpg,Corn Gray leaf spot,3264,2448,JPEG,e19da670da2da3e60e854f291fbfbbe0,15987311082926208677,541,1
corn_gray_leaf_spot__ef7aa4da5f,test,corn gray leaf spot,7,data/images/test/corn_gray_leaf_spot/corn_gray_leaf_spot__ef7aa4da5f.jpg,350,230,test,test/Corn Gray leaf spot/rsz0803Figure6.jpg,Corn Gray leaf spot,350,230,JPEG,ef7aa4da5f78915b738b4da5d5d82397,9482691588821172308,2352,1
corn_leaf_blight__06d8f8ab94,test,corn leaf blight,8,data/images/test/corn_leaf_blight/corn_leaf_blight__06d8f8ab94.jpg,300,382,train,train/Corn leaf blight/northern-corn-leaf-blight-exserohilum-turcicum-lesions-on-a-maize-leaf-south-africa-xe3a7j.jpg,Corn leaf blight,300,382,JPEG,06d8f8ab94080353907d6e021289de98,8463729008244408771,727,1
corn_leaf_blight__1d029f11e7,test,corn leaf blight,8,data/images/test/corn_leaf_blight/corn_leaf_blight__1d029f11e7.jpg,396,512,train,train/Corn leaf blight/northern-corn-leaf-blight-exserohilum-turcicum-lesions-on-a-maize-BBFWRB.jpg,Corn leaf blight,1076,1390,JPEG,1d029f11e79a044418913c60eebbbfc6,5859696527852076092,724,1
corn_leaf_blight__3d8f0ed8ad,test,corn leaf blight,8,data/images/test/corn_leaf_blight/corn_leaf_blight__3d8f0ed8ad.jpg,332,250,train,train/Corn leaf blight/Northern-Corn-Leaf-Blight.jpg,Corn leaf blight,332,250,JPEG,3d8f0ed8adc14d5b824df57c2a6bac36,11781849572402136112,646,1
corn_leaf_blight__3e6853b87c,test,corn leaf blight,8,data/images/test/corn_leaf_blight/corn_leaf_blight__3e6853b87c.jpg,325,209,train,train/Corn leaf blight/186116-325x209-Northern-Corn-Leaf-Blight-Chilvers.jpg,Corn leaf blight,325,209,JPEG,3e6853b87c2fdd08bb556614396fc0c2,7234999572015627368,586,1
corn_leaf_blight__4218a02db5,test,corn leaf blight,8,data/images/test/corn_leaf_blight/corn_leaf_blight__4218a02db5.jpg,384,287,train,train/Corn leaf blight/09c.jpg,Corn leaf blight,384,287,JPEG,4218a02db5a82dea1c62614fd1e9ace1,15553062110945164233,583,1
corn_leaf_blight__6438375aeb,test,corn leaf blight,8,data/images/test/corn_leaf_blight/corn_leaf_blight__6438375aeb.jpg,512,384,train,train/Corn leaf blight/CORN-DISEASE.jpg,Corn leaf blight,640,480,JPEG,6438375aebf2263d7f22906990d96809,10600070350851846290,602,1
corn_leaf_blight__6d992d52ec,test,corn leaf blight,8,data/images/test/corn_leaf_blight/corn_leaf_blight__6d992d52ec.jpg,411,512,train,train/Corn leaf blight/Northern-corn-leaf-blight-NM-F1a.jpg,Corn leaf blight,1200,1494,JPEG,6d992d52ecdd4dd6218df6f2920ec348,8662806070361390332,648,1
corn_leaf_blight__8232a320af,test,corn leaf blight,8,data/images/test/corn_leaf_blight/corn_leaf_blight__8232a320af.jpg,300,188,train,train/Corn leaf blight/swcdg1-e1482969712678-300x188.jpg,Corn leaf blight,300,188,JPEG,8232a320af5ded732c932d7ccb12b3bb,18081079219512173538,741,1
corn_leaf_blight__8ca12737b5,test,corn leaf blight,8,data/images/test/corn_leaf_blight/corn_leaf_blight__8ca12737b5.jpg,472,480,train,train/Corn leaf blight/f7bd710e84db49829a918d85a2ff809c1.jpg,Corn leaf blight,472,480,JPEG,8ca12737b53c91dd43e266b183ef9e21,13093244138018075226,703,1
corn_leaf_blight__8e56d2d593,test,corn leaf blight,8,data/images/test/corn_leaf_blight/corn_leaf_blight__8e56d2d593.jpg,512,256,train,train/Corn leaf blight/Northern-corn-leaf-blight2_twitter.jpg,Corn leaf blight,1024,512,JPEG,8e56d2d593413b57aa2e6c8bc6f20bc1,5396142358715880373,650,1
corn_leaf_blight__94c512d0ff,test,corn leaf blight,8,data/images/test/corn_leaf_blight/corn_leaf_blight__94c512d0ff.jpg,400,302,train,train/Corn leaf blight/Northern-Corn-Leaf-Blight-Lesions.jpg,Corn leaf blight,400,302,JPEG,94c512d0ff503d407dc8431d62cebf03,2943914296447540448,642,1
corn_leaf_blight__97b917abc6,test,corn leaf blight,8,data/images/test/corn_leaf_blight/corn_leaf_blight__97b917abc6.jpg,431,323,train,train/Corn leaf blight/IMG_1468-431x323.JPG.jpg,Corn leaf blight,431,323,JPEG,97b917abc6b63bdc72405676e5c142bf,938652676497021721,632,1
corn_leaf_blight__be98677884,test,corn leaf blight,8,data/images/test/corn_leaf_blight/corn_leaf_blight__be98677884.jpg,512,384,train,train/Corn leaf blight/corn-bacterial-leaf-streak-V4-AdamsCnty-THartman-F1a.jpg,Corn leaf blight,1200,900,JPEG,be98677884b79d9f1b3d33b599d3182f,18157782641642929260,672,1
corn_leaf_blight__c4dca6d0b9,test,corn leaf blight,8,data/images/test/corn_leaf_blight/corn_leaf_blight__c4dca6d0b9.jpg,512,384,train,train/Corn leaf blight/disease4.jpg,Corn leaf blight,4608,3456,JPEG,c4dca6d0b9e8a545ae2f92c56e1d5b74,18199472575788838241,700,1
corn_leaf_blight__d37273ba82,test,corn leaf blight,8,data/images/test/corn_leaf_blight/corn_leaf_blight__d37273ba82.jpg,288,512,train,train/Corn leaf blight/corn-bacterial-leaf-streak-narrow-stripes.jpg,Corn leaf blight,675,1200,JPEG,d37273ba823f6cfc3c1bce90f1417cb4,9736627682579983894,677,1
corn_leaf_blight__d507ad74e5,test,corn leaf blight,8,data/images/test/corn_leaf_blight/corn_leaf_blight__d507ad74e5.jpg,512,288,train,train/Corn leaf blight/corn-northern-corn-leaf-blight.jpg,Corn leaf blight,1000,563,JPEG,d507ad74e518d52b01314ad1872ae184,10128463387569530988,691,1
corn_leaf_blight__d771029f58,test,corn leaf blight,8,data/images/test/corn_leaf_blight/corn_leaf_blight__d771029f58.jpg,512,384,train,train/Corn leaf blight/DSCN0128.jpg,Corn leaf blight,4608,3456,JPEG,d771029f581c8b6357d4fa7d5cc5bccc,8197765461372735729,618,1
corn_leaf_blight__d7f1f3e581,test,corn leaf blight,8,data/images/test/corn_leaf_blight/corn_leaf_blight__d7f1f3e581.jpg,341,454,train,train/Corn leaf blight/corn-bacterial-leaf-streak-f7a-b.jpg,Corn leaf blight,341,454,JPEG,d7f1f3e58184f91810c6041c514acefe,3399706510908707643,676,1
corn_leaf_blight__e623693894,test,corn leaf blight,8,data/images/test/corn_leaf_blight/corn_leaf_blight__e623693894.jpg,267,512,train,train/Corn leaf blight/28430_web.jpg,Corn leaf blight,400,766,JPEG,e62369389496d3773a7beb8f584207d2,12813287893545055954,597,2
corn_leaf_blight__eaa3d1e295,test,corn leaf blight,8,data/images/test/corn_leaf_blight/corn_leaf_blight__eaa3d1e295.jpg,256,385,train,train/Corn leaf blight/2159_0.jpeg?itok=eBFRbolm.jpg,Corn leaf blight,256,385,JPEG,eaa3d1e295cf46b495903c5d007b851c,15480796004390072800,593,1
corn_leaf_blight__f5300240b7,test,corn leaf blight,8,data/images/test/corn_leaf_blight/corn_leaf_blight__f5300240b7.jpg,500,357,train,train/Corn leaf blight/2-3%20Gray%20leaf%20spot%20BRUCE.jpg,Corn leaf blight,500,357,JPEG,f5300240b7e38af7d98230853f356277,1805325134866400836,587,1
corn_leaf_blight__f6ac921f6f,test,corn leaf blight,8,data/images/test/corn_leaf_blight/corn_leaf_blight__f6ac921f6f.jpg,512,384,train,train/Corn leaf blight/image_1500x1500%253E.jpeg?1473988931.jpg,Corn leaf blight,1500,1125,JPEG,f6ac921f6f2dbd4cd9dbba0d313ceb9f,2458002586954720364,713,1
corn_rust__2328851629,test,corn rust,9,data/images/test/corn_rust/corn_rust__2328851629.jpg,384,512,train,train/Corn rust leaf/37310253806_04fee91918_b.jpg,Corn rust leaf,768,1024,JPEG,2328851629da2cb040135060c916078a,13092308147483497035,746,1
corn_rust__35ec972a1b,test,corn rust,9,data/images/test/corn_rust/corn_rust__35ec972a1b.jpg,512,384,train,train/Corn rust leaf/sweetcorn_Rust-3_zoom.jpg,Corn rust leaf,900,675,JPEG,35ec972a1b89acc376ccc76521bc713e,4448885269498062518,846,1
corn_rust__3da2c33494,test,corn rust,9,data/images/test/corn_rust/corn_rust__3da2c33494.jpg,512,304,train,train/Corn rust leaf/5833328024_724f1df3f2_b.jpg,Corn rust leaf,1024,608,JPEG,3da2c3349463f522fd415d01ca2a124e,11205485669519702815,748,1
corn_rust__4857d755fe,test,corn rust,9,data/images/test/corn_rust/corn_rust__4857d755fe.jpg,448,512,test,test/Corn rust leaf/80104747.jpg,Corn rust leaf,613,700,JPEG,4857d755fe81d706f2ff3334754c59da,15047881884649686198,2374,1
corn_rust__7f40e69863,test,corn rust,9,data/images/test/corn_rust/corn_rust__7f40e69863.jpg,417,275,train,train/Corn rust leaf/Figure%201%20common%20rust%20on%20corn.jpg,Corn rust leaf,417,275,JPEG,7f40e698636994030f01be6c5224fd0c,14402784803093745212,766,1
corn_rust__846711284f,test,corn rust,9,data/images/test/corn_rust/corn_rust__846711284f.jpg,300,200,train,train/Corn rust leaf/Southern-Rust4-300x200.jpg,Corn rust leaf,300,200,JPEG,846711284fefab150ac71647f17508be,14310432426171053124,789,1
corn_rust__a5ad2951ae,test,corn rust,9,data/images/test/corn_rust/corn_rust__a5ad2951ae.jpg,512,428,train,train/Corn rust leaf/southernrust.jpg,Corn rust leaf,2273,1901,JPEG,a5ad2951ae768feeac6fac996ac43675,8535167405494136953,840,1
corn_rust__b65bcfc08a,test,corn rust,9,data/images/test/corn_rust/corn_rust__b65bcfc08a.jpg,512,384,train,train/Corn rust leaf/southern-rust-als.jpg,Corn rust leaf,3264,2448,JPEG,b65bcfc08ab453a13531e32f6c020e37,7457042171047182416,835,1
corn_rust__c434c41d0c,test,corn rust,9,data/images/test/corn_rust/corn_rust__c434c41d0c.jpg,512,370,train,train/Corn rust leaf/corn%20rust.jpg,Corn rust leaf,748,540,JPEG,c434c41d0ca102081217c4a87d89821d,10606607085726316258,800,1
corn_rust__ce6928c9db,test,corn rust,9,data/images/test/corn_rust/corn_rust__ce6928c9db.jpg,512,342,train,train/Corn rust leaf/web1_cusoutherncornrust.jpg,Corn rust leaf,640,428,JPEG,ce6928c9db051cada5a095eb3ee80b00,15635069025516052612,848,1
corn_rust__cf68e14784,test,corn rust,9,data/images/test/corn_rust/corn_rust__cf68e14784.jpg,512,327,train,train/Corn rust leaf/pu_polysora.jpg,Corn rust leaf,754,482,JPEG,cf68e14784a2a5beb10de966950d133b,3778793182740930752,829,1
corn_rust__e5a6198c11,test,corn rust,9,data/images/test/corn_rust/corn_rust__e5a6198c11.jpg,288,512,train,train/Corn rust leaf/corn-southern-rust-spores.jpg,Corn rust leaf,675,1200,JPEG,e5a6198c11ea9ee46edf39bf47333a32,16479007319482760441,814,1
corn_rust__eb1c8ebad0,test,corn rust,9,data/images/test/corn_rust/corn_rust__eb1c8ebad0.jpg,512,385,train,train/Corn rust leaf/Figure%201a%20%20early%20symptoms%20S%20rust.jpg,Corn rust leaf,1200,902,JPEG,eb1c8ebad088d23d856c8079abbe9ae7,7298016683323762092,768,1
corn_rust__ee6d0221a6,test,corn rust,9,data/images/test/corn_rust/corn_rust__ee6d0221a6.jpg,392,236,train,train/Corn rust leaf/sevc.jpg,Corn rust leaf,392,236,JPEG,ee6d0221a615159351fea0d01418a59d,14191010638120935160,833,1
grape_black_rot__0e1918d40b,test,grape black rot,10,data/images/test/grape_black_rot/grape_black_rot__0e1918d40b.jpg,479,441,train,train/grape leaf black rot/01gb.jpg,grape leaf black rot,479,441,JPEG,0e1918d40bc3e828d19319c60a0c3c69,2851343864021874809,2233,1
grape_black_rot__2ba22e8a5f,test,grape black rot,10,data/images/test/grape_black_rot/grape_black_rot__2ba22e8a5f.jpg,450,302,test,test/grape leaf black rot/5-29black-rot-chardRR.jpg,grape leaf black rot,450,302,JPEG,2ba22e8a5f964273f40c3f5930f66485,8895529998428739471,2502,1
grape_black_rot__7f34f68bb4,test,grape black rot,10,data/images/test/grape_black_rot/grape_black_rot__7f34f68bb4.jpg,512,490,train,train/grape leaf black rot/PLPATH-FRU-24_Fig1-black-rot-spots-on-grape-leaf_Page_1.jpg,grape leaf black rot,627,600,JPEG,7f34f68bb41d42210839a8c922d68de6,10635700198259444764,2265,1
grape_black_rot__9ded961a69,test,grape black rot,10,data/images/test/grape_black_rot/grape_black_rot__9ded961a69.jpg,512,384,train,train/grape leaf black rot/june-9-0181.jpg,grape leaf black rot,2048,1536,JPEG,9ded961a692aa60b7ae00fc51ea50252,5633483509760483496,2284,1
grape_black_rot__bab75f3cb9,test,grape black rot,10,data/images/test/grape_black_rot/grape_black_rot__bab75f3cb9.jpg,512,382,train,train/grape leaf black rot/IMG_0830_original.JPG?1472588083.jpg,grape leaf black rot,2592,1936,JPEG,bab75f3cb90261b7fafa1af27f350c30,1733966431083308032,2264,1
grape_black_rot__d4c7384791,test,grape black rot,10,data/images/test/grape_black_rot/grape_black_rot__d4c7384791.jpg,150,150,train,train/grape leaf black rot/150px-Plasmopara_viticola_000.jpg,grape leaf black rot,150,150,JPEG,d4c7384791d1622804e5b20ebdbe7731,16584241123224135623,2237,1
grape_black_rot__d9a490ccbe,test,grape black rot,10,data/images/test/grape_black_rot/grape_black_rot__d9a490ccbe.jpg,512,384,test,test/grape leaf black rot/Black%20rot%20on%20foliage2.jpg,grape leaf black rot,1060,795,JPEG,d9a490ccbe831f76117f9784c2847a07,13021208483557985235,2504,1
grape_black_rot__fb7d6f0f5a,test,grape black rot,10,data/images/test/grape_black_rot/grape_black_rot__fb7d6f0f5a.jpg,300,300,train,train/grape leaf black rot/0gb.jpg,grape leaf black rot,300,300,JPEG,fb7d6f0f5a530bc5b5f2f38a8346d9d6,876569583972617444,2236,1
grape_healthy__12e9806699,test,grape healthy,11,data/images/test/grape_healthy/grape_healthy__12e9806699.jpg,512,416,test,test/grape leaf/vitis-riparia-le-ahaines-b.jpg,grape leaf,1000,812,JPEG,12e9806699f4ad07ffca2a63091c936a,14767409774026567742,2499,1
grape_healthy__1b45f36789,test,grape healthy,11,data/images/test/grape_healthy/grape_healthy__1b45f36789.jpg,512,320,test,test/grape leaf/730-grape-leaf-2560x1600-nature-wallpaper.jpg,grape leaf,2560,1600,JPEG,1b45f36789d4d7f86d9024e39d0c07bf,16629198110446963177,2489,1
grape_healthy__594a595abe,test,grape healthy,11,data/images/test/grape_healthy/grape_healthy__594a595abe.jpg,512,378,train,train/grape leaf/grape-vine-1238367.jpg,grape leaf,1300,960,JPEG,594a595abe446bbb1464cc66a3af16b7,72633961813510129,2212,1
grape_healthy__a9d6592070,test,grape healthy,11,data/images/test/grape_healthy/grape_healthy__a9d6592070.jpg,374,512,train,train/grape leaf/grape-leaf-isolated-cut-out-on-white-background-picture-id172320164?s=612x612.jpg,grape leaf,447,612,JPEG,a9d6592070434a0f6c13f4436f9465b9,5264229861842163913,2198,1
grape_healthy__bc21118d13,test,grape healthy,11,data/images/test/grape_healthy/grape_healthy__bc21118d13.jpg,512,486,test,test/grape leaf/grape-leaf-14309623.jpg,grape leaf,1369,1300,JPEG,bc21118d133569cdb715a519c120fec2,1912920619271009844,2494,1
grape_healthy__c0ce6eeef2,test,grape healthy,11,data/images/test/grape_healthy/grape_healthy__c0ce6eeef2.jpg,512,360,train,train/grape leaf/grape-vines-3876069.jpg,grape leaf,1300,913,JPEG,c0ce6eeef29ae4945355197a828d2a25,4615678513089502693,2214,1
grape_healthy__fa29db5e61,test,grape healthy,11,data/images/test/grape_healthy/grape_healthy__fa29db5e61.jpg,512,339,train,train/grape leaf/dc9rk7rKi.jpg,grape leaf,1024,678,JPEG,fa29db5e61ec81e3999474e947e23f30,462210330058302605,2189,1
grape_healthy__fd22396266,test,grape healthy,11,data/images/test/grape_healthy/grape_healthy__fd22396266.jpg,341,512,train,train/grape leaf/IMG_2666.jpg,grape leaf,1067,1600,JPEG,fd223962669f7e4352629050a211599b,3739857859767399280,2184,1
peach_healthy__03e02ef9bc,test,peach healthy,12,data/images/test/peach_healthy/peach_healthy__03e02ef9bc.jpg,512,508,train,train/Peach leaf/peach-leaf-isolated-white-background-43668230.jpg,Peach leaf,1300,1290,JPEG,03e02ef9bc0643a9cf5bd2d4b80a4cef,1162816070303428081,904,1
peach_healthy__2f8ab5eb56,test,peach healthy,12,data/images/test/peach_healthy/peach_healthy__2f8ab5eb56.jpg,394,512,train,train/Peach leaf/ripe-peach-fresh-red-tree-green-leaves-57508021.jpg,Peach leaf,1000,1300,JPEG,2f8ab5eb568aff7fe6c3b5858b5a31d3,14526727177968109403,926,1
peach_healthy__35ad623e5f,test,peach healthy,12,data/images/test/peach_healthy/peach_healthy__35ad623e5f.jpg,512,498,train,train/Peach leaf/depositphotos_4009139-stock-photo-ripe-peach-with-leaves.jpg,Peach leaf,1023,996,JPEG,35ad623e5ffea8a5583bfd67ebfbb49d,959000858515937166,885,1
peach_healthy__56eda9f1c2,test,peach healthy,12,data/images/test/peach_healthy/peach_healthy__56eda9f1c2.jpg,512,444,train,train/Peach leaf/Sweet-September-Yellow-Peach.jpg,Peach leaf,1100,953,JPEG,56eda9f1c24e9263d676507f95f0fc79,437736603808898823,882,1
peach_healthy__57827b2619,test,peach healthy,12,data/images/test/peach_healthy/peach_healthy__57827b2619.jpg,384,512,train,train/Peach leaf/product_Peach-leaf.jpg,Peach leaf,768,1024,JPEG,57827b2619efbe702424178179641fc5,10321454493544025389,925,1
peach_healthy__5be2b4a909,test,peach healthy,12,data/images/test/peach_healthy/peach_healthy__5be2b4a909.jpg,512,419,train,train/Peach leaf/peach-leaf-1677674.jpg,Peach leaf,1300,1065,JPEG,5be2b4a909b9ac0797a768af10f3859c,16206454999758156751,900,1
peach_healthy__640edbf862,test,peach healthy,12,data/images/test/peach_healthy/peach_healthy__640edbf862.jpg,512,446,train,train/Peach leaf/stock-photo-single-peach-with-leaves-on-a-white-background-111042830.jpg,Peach leaf,1500,1308,JPEG,640edbf862bbe90817bcac4c872df310,4723734067379898043,947,1
peach_healthy__6b202d5373,test,peach healthy,12,data/images/test/peach_healthy/peach_healthy__6b202d5373.jpg,377,512,test,test/Peach leaf/peach-leaf-10223898.jpg,Peach leaf,957,1300,JPEG,6b202d53731f60f7312a78ee4f887aca,6923197593955340,2378,1
peach_healthy__a70ace9641,test,peach healthy,12,data/images/test/peach_healthy/peach_healthy__a70ace9641.jpg,512,451,train,train/Peach leaf/stock-photo-peach-leaf-isolated-370117730.jpg,Peach leaf,1500,1321,JPEG,a70ace96413390751d544bb42ff082d8,3129242138029942159,933,1
peach_healthy__bfb770a377,test,peach healthy,12,data/images/test/peach_healthy/peach_healthy__bfb770a377.jpg,512,376,test,test/Peach leaf/peach-leaf-16690421.jpg,Peach leaf,1300,954,JPEG,bfb770a3773201f01146a5207347e70c,297585087707648485,2379,1
peach_healthy__c9fc72e5b8,test,peach healthy,12,data/images/test/peach_healthy/peach_healthy__c9fc72e5b8.jpg,512,445,train,train/Peach leaf/peach-and-leaf-stock-picture-2809277.jpg,Peach leaf,1300,1131,JPEG,c9fc72e5b87d7621aef9274038f861a6,7790698074639381454,897,1
peach_healthy__d1ad99d26e,test,peach healthy,12,data/images/test/peach_healthy/peach_healthy__d1ad99d26e.jpg,512,398,train,train/Peach leaf/depositphotos_88236122-stock-photo-peach-leaf-isolated-on-white.jpg,Peach leaf,1024,796,JPEG,d1ad99d26ecd720b4707737d785f7a39,5303018485038387020,888,1
peach_healthy__e1e0e0ddcf,test,peach healthy,12,data/images/test/peach_healthy/peach_healthy__e1e0e0ddcf.jpg,383,512,train,train/Peach leaf/P1015750.JPG.jpg,Peach leaf,1197,1600,JPEG,e1e0e0ddcf499cc3ae2a5d193016c778,16023333121422549612,874,1
potato_early_blight__42d070cf40,test,potato early blight,13,data/images/test/potato_early_blight/potato_early_blight__42d070cf40.jpg,500,333,train,train/Potato leaf early blight/20080710-early%2Bblight%2Blesions%2Bwith%2Byellow%2Bhaloes.jpg,Potato leaf early blight,500,333,JPEG,42d070cf40e28ce733c0142c00f64d9f,17695139138630663034,962,1
potato_early_blight__5e326d3f82,test,potato early blight,13,data/images/test/potato_early_blight/potato_early_blight__5e326d3f82.jpg,500,331,train,train/Potato leaf early blight/potatoearlyblight.jpg,Potato leaf early blight,500,331,JPEG,5e326d3f824eef6f41b47d6b45382a10,4776270595004801738,1056,1
potato_early_blight__68dacce432,test,potato early blight,13,data/images/test/potato_early_blight/potato_early_blight__68dacce432.jpg,500,500,train,train/Potato leaf early blight/home-design.jpg,Potato leaf early blight,500,500,JPEG,68dacce432d09e7e55ec96b5b5ddd00e,12763553299421487463,1028,1
potato_early_blight__83864b0577,test,potato early blight,13,data/images/test/potato_early_blight/potato_early_blight__83864b0577.jpg,512,358,train,train/Potato leaf early blight/early%20blight.tom_.jpg,Potato leaf early blight,550,385,JPEG,83864b05770af35b46f2822283fe87d0,14510926904284638187,1010,1
potato_early_blight__927f26fca9,test,potato early blight,13,data/images/test/potato_early_blight/potato_early_blight__927f26fca9.jpg,512,512,train,train/Potato leaf early blight/Potato-blight-on-leaf.jpg,Potato leaf early blight,566,566,JPEG,927f26fca9616762eeb728a7ef74c3ce,2607753207462606230,998,1
potato_early_blight__9f078834b1,test,potato early blight,13,data/images/test/potato_early_blight/potato_early_blight__9f078834b1.jpg,512,511,train,train/Potato leaf early blight/Blight-leaf-.jpg,Potato leaf early blight,547,546,JPEG,9f078834b198cbe1fcbb870d2c906b4f,15674146089631072967,981,1
potato_early_blight__a6f177775a,test,potato early blight,13,data/images/test/potato_early_blight/potato_early_blight__a6f177775a.jpg,512,304,train,train/Potato leaf early blight/IMG_0022.jpg,Potato leaf early blight,4000,2374,JPEG,a6f177775a6bc7b3e4317506aa9417f8,5507354852194978571,991,1
potato_early_blight__afdf0ae99d,test,potato early blight,13,data/images/test/potato_early_blight/potato_early_blight__afdf0ae99d.jpg,512,344,train,train/Potato leaf early blight/Potato_Blight_Leaf.jpg,Potato leaf early blight,3071,2062,JPEG,afdf0ae99d7190a40f778de5de60fcf7,16665946609511894029,1000,1
potato_early_blight__b54f955672,test,potato early blight,13,data/images/test/potato_early_blight/potato_early_blight__b54f955672.jpg,512,384,train,train/Potato leaf early blight/IMG_0014.jpg,Potato leaf early blight,4000,3000,JPEG,b54f95567247c30fc428be2a963e50c5,12738024821314983523,989,1
potato_early_blight__c026a8a4f9,test,potato early blight,13,data/images/test/potato_early_blight/potato_early_blight__c026a8a4f9.jpg,512,358,train,train/Potato leaf early blight/potato-blight-phytophthora-infestans-showing-infected-leaf-top-surface-bmmrtd.jpg,Potato leaf early blight,640,447,JPEG,c026a8a4f9e4c17e6c0f904db0e13c21,15675285166509958026,1038,1
potato_early_blight__e6debff37e,test,potato early blight,13,data/images/test/potato_early_blight/potato_early_blight__e6debff37e.jpg,512,358,train,train/Potato leaf early blight/potato-blight-phytophora-infestans-close-up-of-infected-leaf-showing-a60hxn.jpg,Potato leaf early blight,640,447,JPEG,e6debff37e0e5bf4d676b536d9ef010f,7039294051491025120,1035,1
potato_early_blight__f8ecb6a957,test,potato early blight,13,data/images/test/potato_early_blight/potato_early_blight__f8ecb6a957.jpg,512,384,train,train/Potato leaf early blight/IMG_0020.jpg,Potato leaf early blight,4000,3000,JPEG,f8ecb6a9576ea7bb6166e42d61c006f5,10420358147584250627,990,1
potato_late_blight__1ebd93bded,test,potato late blight,14,data/images/test/potato_late_blight/potato_late_blight__1ebd93bded.jpg,512,384,train,train/Potato leaf late blight/lateblight8.jpg,Potato leaf late blight,800,600,JPEG,1ebd93bded6f0541ff278ea1aa3eac60,2644442645257155003,1127,1
potato_late_blight__26f7f692b0,test,potato late blight,14,data/images/test/potato_late_blight/potato_late_blight__26f7f692b0.jpg,512,340,train,train/Potato leaf late blight/2619_600.jpg,Potato leaf late blight,600,398,JPEG,26f7f692b035386a330ad43fe2359abf,6365926560298032055,1062,1
potato_late_blight__3d7a06e801,test,potato late blight,14,data/images/test/potato_late_blight/potato_late_blight__3d7a06e801.jpg,345,512,test,test/Potato leaf late blight/B2750109-Late_blight_on_a_potato_plant-SPL.jpg,Potato leaf late blight,539,800,JPEG,3d7a06e801052f02897af9105af5042c,1804664112471842264,2392,1
potato_late_blight__887661d74f,test,potato late blight,14,data/images/test/potato_late_blight/potato_late_blight__887661d74f.jpg,500,375,train,train/Potato leaf late blight/potatolb_branchx500.jpg,Potato leaf late blight,500,375,JPEG,887661d74f0c1d920f229554598e616b,14612873587234677172,1149,1
potato_late_blight__8d055555c3,test,potato late blight,14,data/images/test/potato_late_blight/potato_late_blight__8d055555c3.jpg,512,364,train,train/Potato leaf late blight/potato_late-blight_08_zoom.jpg,Potato leaf late blight,900,639,JPEG,8d055555c31be8717f24fcf8c5f53f03,12298711479550718794,1146,1
potato_late_blight__9b459a89c3,test,potato late blight,14,data/images/test/potato_late_blight/potato_late_blight__9b459a89c3.jpg,499,512,train,train/Potato leaf late blight/B2650062-Potato_late_blight-SPL.jpg,Potato leaf late blight,779,800,JPEG,9b459a89c3176f0a0b1def105c39e6d1,7039861554314255564,1073,1
potato_late_blight__c6e620acf8,test,potato late blight,14,data/images/test/potato_late_blight/potato_late_blight__c6e620acf8.jpg,319,512,train,train/Potato leaf late blight/phytophthora-infestans-late-blight-or-potato-blight-on-the-haulm-of-EHW1RD.jpg,Potato leaf late blight,865,1390,JPEG,c6e620acf8f3603d43140c0cde9eabdc,9101425993155992070,1133,1
potato_late_blight__df5f9d8dd4,test,potato late blight,14,data/images/test/potato_late_blight/potato_late_blight__df5f9d8dd4.jpg,512,384,train,train/Potato leaf late blight/Lateblight.jpg,Potato leaf late blight,1024,768,JPEG,df5f9d8dd4861043766d5fbaba711f55,16331909530554775845,1096,1
potato_late_blight__e4a5b21ed7,test,potato late blight,14,data/images/test/potato_late_blight/potato_late_blight__e4a5b21ed7.jpg,480,375,train,train/Potato leaf late blight/late-blight-leaf.jpg,Potato leaf late blight,480,375,JPEG,e4a5b21ed74f1bab44b59cc93754c84f,16517136993912533188,1116,1
potato_late_blight__e57d04a03d,test,potato late blight,14,data/images/test/potato_late_blight/potato_late_blight__e57d04a03d.jpg,477,512,train,train/Potato leaf late blight/potato-late-blight-phytophthora-infestans-lesions-on-potato-foliage-X4XJF4.jpg,Potato leaf late blight,1296,1390,JPEG,e57d04a03debd3ebac716287fa82c44d,17795386004124325961,1136,1
potato_late_blight__f978eac9b3,test,potato late blight,14,data/images/test/potato_late_blight/potato_late_blight__f978eac9b3.jpg,512,340,train,train/Potato leaf late blight/Potato-late-blight-in-field-trial-1.jpg,Potato leaf late blight,3008,2000,JPEG,f978eac9b3b75aa92d023cec14df74d7,14615255790304925896,1100,1
raspberry_healthy__00b688b54d,test,raspberry healthy,15,data/images/test/raspberry_healthy/raspberry_healthy__00b688b54d.jpg,512,371,train,train/Raspberry leaf/black-raspberry-three-leaves-like-poison-ivy.jpg,Raspberry leaf,900,652,JPEG,00b688b54d13dfd2523fd69f3571373f,1342605852318025607,1201,1
raspberry_healthy__0aab7df0ea,test,raspberry healthy,15,data/images/test/raspberry_healthy/raspberry_healthy__0aab7df0ea.jpg,512,384,train,train/Raspberry leaf/Beetles-Berry_3998.jpg,Raspberry leaf,3648,2736,JPEG,0aab7df0ea5945f35e465f1eda85aa21,3196632888308685004,1173,1
raspberry_healthy__0f99bdbc72,test,raspberry healthy,15,data/images/test/raspberry_healthy/raspberry_healthy__0f99bdbc72.jpg,512,384,train,train/Raspberry leaf/basketofraspberryleaves.jpg,Raspberry leaf,1000,750,JPEG,0f99bdbc7292c407485a45fa778a3f31,13012828712477025902,1198,1
raspberry_healthy__2a0b4b3efc,test,raspberry healthy,15,data/images/test/raspberry_healthy/raspberry_healthy__2a0b4b3efc.jpg,341,512,train,train/Raspberry leaf/608e975059eb73da53ec9bf95362b153.jpg,Raspberry leaf,736,1104,JPEG,2a0b4b3efc6af3172f4d8fa8bf1d2772,1639997084543248441,1170,1
raspberry_healthy__339aeaea77,test,raspberry healthy,15,data/images/test/raspberry_healthy/raspberry_healthy__339aeaea77.jpg,512,384,train,train/Raspberry leaf/gardening+004.JPG.jpg,Raspberry leaf,1600,1200,JPEG,339aeaea77c831f8fa15414d14f25077,9919973701798916505,1211,1
raspberry_healthy__639d02d365,test,raspberry healthy,15,data/images/test/raspberry_healthy/raspberry_healthy__639d02d365.jpg,512,375,train,train/Raspberry leaf/muscari-raspberry-leaf-isolated-white-background-31953078.jpg,Raspberry leaf,1300,951,JPEG,639d02d3652466909c5b955613bada69,2321384748664447461,1229,1
raspberry_healthy__7e478bf1da,test,raspberry healthy,15,data/images/test/raspberry_healthy/raspberry_healthy__7e478bf1da.jpg,405,512,test,test/Raspberry leaf/leaves-of-raspberry-stock-picture-2529053.jpg,Raspberry leaf,1101,1392,JPEG,7e478bf1da9bd56d1ce2d0a14ef0c160,7150653019430719685,2400,1
raspberry_healthy__898ba15e52,test,raspberry healthy,15,data/images/test/raspberry_healthy/raspberry_healthy__898ba15e52.jpg,512,341,train,train/Raspberry leaf/Raspberry-leaf-tea-benefits-_-Ayurvedum.jpg,Raspberry leaf,1200,800,JPEG,898ba15e52ce222f0148216882e4d8d6,15103170003688331670,1192,1
raspberry_healthy__9bbd260363,test,raspberry healthy,15,data/images/test/raspberry_healthy/raspberry_healthy__9bbd260363.jpg,512,386,test,test/Raspberry leaf/depositphotos_1323264-Raspberry-leaf-on-white.jpg,Raspberry leaf,1024,772,JPEG,9bbd260363f9cac5be0f9446fca66a36,11033579526717375383,2396,1
raspberry_healthy__a31cc4d240,test,raspberry healthy,15,data/images/test/raspberry_healthy/raspberry_healthy__a31cc4d240.jpg,341,512,train,train/Raspberry leaf/Rubus_occidentalis_leaf.JPG.jpg,Raspberry leaf,1440,2160,JPEG,a31cc4d240a6a9b96d209b8cc41e639b,6003245395481876013,1196,1
raspberry_healthy__bc154e8974,test,raspberry healthy,15,data/images/test/raspberry_healthy/raspberry_healthy__bc154e8974.jpg,512,342,train,train/Raspberry leaf/P1110947+Rubus+idaeus+fr+St.+Joe+River.JPG.jpg,Raspberry leaf,1600,1068,JPEG,bc154e89748fadc50a36d812bdd8eee4,14603910921035880921,1189,1
raspberry_healthy__d398f51f14,test,raspberry healthy,15,data/images/test/raspberry_healthy/raspberry_healthy__d398f51f14.jpg,512,420,train,train/Raspberry leaf/raspberry-leaves-stock-picture-3093023.jpg,Raspberry leaf,1300,1067,JPEG,d398f51f14a76e5a5eb6e7742a107b85,1607460264981169678,1245,1
raspberry_healthy__e5058e3887,test,raspberry healthy,15,data/images/test/raspberry_healthy/raspberry_healthy__e5058e3887.jpg,512,362,train,train/Raspberry leaf/img_5342.jpg,Raspberry leaf,2065,1460,JPEG,e5058e3887a9d6de681ad2ebd7adb9b7,18007050388181113526,1220,1
raspberry_healthy__faca8bd6d2,test,raspberry healthy,15,data/images/test/raspberry_healthy/raspberry_healthy__faca8bd6d2.jpg,512,368,train,train/Raspberry leaf/IMG_2474.JPG.jpg,Raspberry leaf,1600,1149,JPEG,faca8bd6d23ad6b494f164690f3caffb,13255169894964034130,1185,1
soybean_healthy__7779de88c3,test,soybean healthy,16,data/images/test/soybean_healthy/soybean_healthy__7779de88c3.jpg,450,466,test,test/Soyabean leaf/stock-photo-fresh-soy-leaves-isolated-on-white-94700095.jpg,Soyabean leaf,450,466,JPEG,7779de88c3923b942240bf8ad4898097,159344605422762039,2408,1
soybean_healthy__8358207a38,test,soybean healthy,16,data/images/test/soybean_healthy/soybean_healthy__8358207a38.jpg,450,431,train,train/Soyabean leaf/stock-photo-green-soy-pods-with-leaves-and-seeds-isolated-on-white-backgraund-310996586.jpg,Soyabean leaf,450,431,JPEG,8358207a389eaab61823de0d46b47593,3201785582821773214,1316,1
soybean_healthy__8920961ead,test,soybean healthy,16,data/images/test/soybean_healthy/soybean_healthy__8920961ead.jpg,319,512,train,train/Soyabean leaf/soybean-seedling-at-vc-stage-cotyledons-and-unifoliate-leaves-fully-J5RK4F.jpg,Soyabean leaf,866,1390,JPEG,8920961ead4e296fdda84a6c6bd4d7ab,2999804686949511475,1308,1
soybean_healthy__8a067afa69,test,soybean healthy,16,data/images/test/soybean_healthy/soybean_healthy__8a067afa69.jpg,500,375,train,train/Soyabean leaf/IMG_fig-4.jpg,Soyabean leaf,500,375,JPEG,8a067afa693bd6991cb9f1efab811c8c,8949043711112778262,1275,1
soybean_healthy__919c66641e,test,soybean healthy,16,data/images/test/soybean_healthy/soybean_healthy__919c66641e.jpg,512,341,train,train/Soyabean leaf/IMG_4780.jpg,Soyabean leaf,3456,2304,JPEG,919c66641e3f23dc8742003444d308e3,3933345951486777119,1273,1
soybean_healthy__a2645b6182,test,soybean healthy,16,data/images/test/soybean_healthy/soybean_healthy__a2645b6182.jpg,512,384,train,train/Soyabean leaf/soybean-magnesium-2.jpg,Soyabean leaf,1000,750,JPEG,a2645b6182941aed3b538ba65864c562,17567356795304973277,1305,1
soybean_healthy__a4e73613f2,test,soybean healthy,16,data/images/test/soybean_healthy/soybean_healthy__a4e73613f2.jpg,512,434,train,train/Soyabean leaf/depositphotos_15928367-stock-photo-soy-leaf.jpg,Soyabean leaf,1023,868,JPEG,a4e73613f2dcc1994a4fe97c6b252699,308020001266411908,1291,1
soybean_healthy__edfe21a533,test,soybean healthy,16,data/images/test/soybean_healthy/soybean_healthy__edfe21a533.jpg,490,512,train,train/Soyabean leaf/fresh-soy-leaves-white-46020567.jpg,Soyabean leaf,1300,1357,JPEG,edfe21a533a55b1d9935b7076bf386ed,9659969513131279345,1295,1
squash_powdery_mildew__119070545f,test,squash powdery mildew,17,data/images/test/squash_powdery_mildew/squash_powdery_mildew__119070545f.jpg,384,512,train,train/Squash Powdery mildew leaf/IMG_5937.jpg,Squash Powdery mildew leaf,1440,1920,JPEG,119070545fe612b16eaa849cb191343f,3656353255810584165,1371,1
squash_powdery_mildew__1fd28181e7,test,squash powdery mildew,17,data/images/test/squash_powdery_mildew/squash_powdery_mildew__1fd28181e7.jpg,512,384,train,train/Squash Powdery mildew leaf/Mildew-on-cucumber-leaf-1024x768.jpg,Squash Powdery mildew leaf,1024,768,JPEG,1fd28181e787c7a24e10841f2ee25c34,1480780222060978480,1374,1
squash_powdery_mildew__24ebb81833,test,squash powdery mildew,17,data/images/test/squash_powdery_mildew/squash_powdery_mildew__24ebb81833.jpg,512,358,train,train/Squash Powdery mildew leaf/erysiphe-or-spaerotheca-cucurbit-powdery-mildew-on-butternut-squash-f0rh86.jpg,Squash Powdery mildew leaf,640,447,JPEG,24ebb8183359b630ce59286bfcbfd391,13167664328281797585,1403,1
squash_powdery_mildew__312f4c5ee2,test,squash powdery mildew,17,data/images/test/squash_powdery_mildew/squash_powdery_mildew__312f4c5ee2.jpg,512,384,train,train/Squash Powdery mildew leaf/IMG_5606.jpg,Squash Powdery mildew leaf,1024,768,JPEG,312f4c5ee256d19f80bc096ab00f4f1c,17562870421149480044,1370,1
squash_powdery_mildew__394f434c5d,test,squash powdery mildew,17,data/images/test/squash_powdery_mildew/squash_powdery_mildew__394f434c5d.jpg,384,512,train,train/Squash Powdery mildew leaf/16629068955_3092aa68a5_b.jpg,Squash Powdery mildew leaf,768,1024,JPEG,394f434c5db5172087b5c808237f531a,7234179339540930060,1329,1
squash_powdery_mildew__3ff936080d,test,squash powdery mildew,17,data/images/test/squash_powdery_mildew/squash_powdery_mildew__3ff936080d.jpg,300,225,train,train/Squash Powdery mildew leaf/Squash_powdery-mildew.jpg,Squash Powdery mildew leaf,300,225,JPEG,3ff936080d86c724d3c9f356bc875986,12982889799373366627,1391,1
squash_powdery_mildew__43e5efc3d2,test,squash powdery mildew,17,data/images/test/squash_powdery_mildew/squash_powdery_mildew__43e5efc3d2.jpg,512,338,train,train/Squash Powdery mildew leaf/100367_max.jpg,Squash Powdery mildew leaf,640,423,JPEG,43e5efc3d290eade9e32a89d27f10b79,2807415683918355066,1321,1
squash_powdery_mildew__56ba99f901,test,squash powdery mildew,17,data/images/test/squash_powdery_mildew/squash_powdery_mildew__56ba99f901.jpg,384,512,train,train/Squash Powdery mildew leaf/Powdery+Mildew_00.JPG.jpg,Squash Powdery mildew leaf,1200,1600,JPEG,56ba99f901fe083741b38cc5c9bcbdd7,10288837337875112552,1381,1
squash_powdery_mildew__6d7b441a76,test,squash powdery mildew,17,data/images/test/squash_powdery_mildew/squash_powdery_mildew__6d7b441a76.jpg,512,339,train,train/Squash Powdery mildew leaf/1895541545_8cfc6eabee_b.jpg,Squash Powdery mildew leaf,1024,677,JPEG,6d7b441a760ba31c10beb4c1db9da198,7269358398819574577,1334,1
squash_powdery_mildew__7be96d13c9,test,squash powdery mildew,17,data/images/test/squash_powdery_mildew/squash_powdery_mildew__7be96d13c9.jpg,384,512,train,train/Squash Powdery mildew leaf/p1070482.jpg,Squash Powdery mildew leaf,1920,2560,JPEG,7be96d13c9cd3b836bdf18a0de44824e,5122621259123978870,1413,1
squash_powdery_mildew__86870b3648,test,squash powdery mildew,17,data/images/test/squash_powdery_mildew/squash_powdery_mildew__86870b3648.jpg,409,307,train,train/Squash Powdery mildew leaf/mildewonbigleafmapleslowres.JPG.jpg,Squash Powdery mildew leaf,409,307,JPEG,86870b3648ebaedf49195726b81d4553,3379358698654230820,1411,1
squash_powdery_mildew__9b36d70773,test,squash powdery mildew,17,data/images/test/squash_powdery_mildew/squash_powdery_mildew__9b36d70773.jpg,512,341,train,train/Squash Powdery mildew leaf/cucurbit-powdery-mildew-fig-1.jpg,Squash Powdery mildew leaf,3504,2336,JPEG,9b36d70773d30fed0b49f131d6230ca8,4168584318045975215,1394,1
squash_powdery_mildew__b7c0e80f78,test,squash powdery mildew,17,data/images/test/squash_powdery_mildew/squash_powdery_mildew__b7c0e80f78.jpg,512,385,train,train/Squash Powdery mildew leaf/_1030395.JPG.jpg,Squash Powdery mildew leaf,1600,1202,JPEG,b7c0e80f78d23eb7e1e8c4a03b40234e,4010365989890225755,1392,1
squash_powdery_mildew__cfbc168db8,test,squash powdery mildew,17,data/images/test/squash_powdery_mildew/squash_powdery_mildew__cfbc168db8.jpg,512,239,train,train/Squash Powdery mildew leaf/squash-powdery-mildew-4.jpg,Squash Powdery mildew leaf,750,350,JPEG,cfbc168db8e751394b447cce33fc9683,14290928427710309833,1436,1
squash_powdery_mildew__f4b3a06c88,test,squash powdery mildew,17,data/images/test/squash_powdery_mildew/squash_powdery_mildew__f4b3a06c88.jpg,512,367,train,train/Squash Powdery mildew leaf/flora-ivy-plant-food-produce-vegetable-conifer-tree-squash-rock.jpg,Squash Powdery mildew leaf,1000,717,JPEG,f4b3a06c8837807976fa44a8f5af117c,14902087396295188513,1405,1
squash_powdery_mildew__f9de6b8674,test,squash powdery mildew,17,data/images/test/squash_powdery_mildew/squash_powdery_mildew__f9de6b8674.jpg,512,341,train,train/Squash Powdery mildew leaf/Moldy-Leaf-Pumpkin-plant.jpg,Squash Powdery mildew leaf,610,406,JPEG,f9de6b86748cb8e50ab6d1fa5af68e68,7260316495205625820,1375,1
strawberry_healthy__2a8f998307,test,strawberry healthy,18,data/images/test/strawberry_healthy/strawberry_healthy__2a8f998307.jpg,512,366,train,train/Strawberry leaf/IMG_4056.JPG.jpg,Strawberry leaf,1600,1145,JPEG,2a8f998307afbb24e824f279a53f4891,7589325294464150860,1461,1
strawberry_healthy__37b3ef522f,test,strawberry healthy,18,data/images/test/strawberry_healthy/strawberry_healthy__37b3ef522f.jpg,512,402,train,train/Strawberry leaf/strawberry-leaf-isolated-on-white-background-picture-id487562700?k=6&m=487562700&s=612x612&w=0&h=uJYH7WuQOtfgoSp4EKzGuRPXoejL470Pkh_zMoIJYEs=.jpg,Strawberry leaf,612,481,JPEG,37b3ef522fde261865c1c0251c7d0122,3906704894738904854,1513,1
strawberry_healthy__49a6c721ee,test,strawberry healthy,18,data/images/test/strawberry_healthy/strawberry_healthy__49a6c721ee.jpg,512,394,train,train/Strawberry leaf/indian-strawberry-leaf.jpg,Strawberry leaf,3370,2592,JPEG,49a6c721ee388972655a815ea1e6eeb7,5218800585728330924,1496,1
strawberry_healthy__5628ea9e64,test,strawberry healthy,18,data/images/test/strawberry_healthy/strawberry_healthy__5628ea9e64.jpg,512,506,train,train/Strawberry leaf/strawberry-leaf-24988739.jpg,Strawberry leaf,1300,1284,JPEG,5628ea9e641e5ec6d05d6d44686e8d54,2775912916495566565,1512,1
strawberry_healthy__698c8c73d9,test,strawberry healthy,18,data/images/test/strawberry_healthy/strawberry_healthy__698c8c73d9.jpg,480,389,train,train/Strawberry leaf/strawberry+leaf+3ds+max+texture.jpg,Strawberry leaf,480,389,JPEG,698c8c73d9772fce7af55d51010339b5,1375593564747468365,1509,1
strawberry_healthy__6ae1b94619,test,strawberry healthy,18,data/images/test/strawberry_healthy/strawberry_healthy__6ae1b94619.jpg,474,512,train,train/Strawberry leaf/F-vesca-leaf1.jpg,Strawberry leaf,1506,1628,JPEG,6ae1b94619b75ce0b21cfb9627ffea74,3686164292644422174,1457,1
strawberry_healthy__8dba05fd57,test,strawberry healthy,18,data/images/test/strawberry_healthy/strawberry_healthy__8dba05fd57.jpg,512,384,train,train/Strawberry leaf/strawberry-plant.jpg,Strawberry leaf,2130,1597,JPEG,8dba05fd57569baed8eb0c1d44e1804a,2770428686030924908,1525,1
strawberry_healthy__9d3f1e9368,test,strawberry healthy,18,data/images/test/strawberry_healthy/strawberry_healthy__9d3f1e9368.jpg,512,416,train,train/Strawberry leaf/Strawberry-Leaves.jpg,Strawberry leaf,695,565,JPEG,9d3f1e936842d1f8470855f61ac57504,1609556461927999233,1469,1
strawberry_healthy__b79f7960f1,test,strawberry healthy,18,data/images/test/strawberry_healthy/strawberry_healthy__b79f7960f1.jpg,382,512,train,train/Strawberry leaf/img_20110302_170719.jpg,Strawberry leaf,1936,2592,JPEG,b79f7960f1ef6b6aa26906751956f109,10549864453389706613,1495,1
strawberry_healthy__c94df61712,test,strawberry healthy,18,data/images/test/strawberry_healthy/strawberry_healthy__c94df61712.jpg,512,341,train,train/Strawberry leaf/strawberry-leaves-close-up.jpg,Strawberry leaf,5184,3456,JPEG,c94df6171244ecc426e8cd25d43d34dd,876276872698996719,1521,1
strawberry_healthy__d59e6f814b,test,strawberry healthy,18,data/images/test/strawberry_healthy/strawberry_healthy__d59e6f814b.jpg,482,512,train,train/Strawberry leaf/depositphotos_164701744-stock-photo-closeup-of-strawberry-leaves.jpg,Strawberry leaf,1600,1700,JPEG,d59e6f814bb4e09ffb10557a1cc703d6,12834465206761099782,1474,1
strawberry_healthy__ffd5e3a8d9,test,strawberry healthy,18,data/images/test/strawberry_healthy/strawberry_healthy__ffd5e3a8d9.jpg,512,475,train,train/Strawberry leaf/green-strawberry-leaf-isolated-white-single-background-78801845.jpg,Strawberry leaf,1300,1206,JPEG,ffd5e3a8d9e7d2b07754f09ec1669faf,4482812918255793123,1490,1
tomato_bacterial_spot__3cda361821,test,tomato bacterial spot,19,data/images/test/tomato_bacterial_spot/tomato_bacterial_spot__3cda361821.jpg,500,297,train,train/Tomato leaf bacterial spot/59380.jpg,Tomato leaf bacterial spot,500,297,JPEG,3cda361821345fbd11728165f97ab57d,15840171022603505262,1804,1
tomato_bacterial_spot__4fc6a7545b,test,tomato bacterial spot,19,data/images/test/tomato_bacterial_spot/tomato_bacterial_spot__4fc6a7545b.jpg,512,384,train,train/Tomato leaf bacterial spot/LyraEDISServlet.jpg,Tomato leaf bacterial spot,640,480,JPEG,4fc6a7545b6c69450feacdd7e2b113e4,18189114425581352602,1834,1
tomato_bacterial_spot__5a533aea4d,test,tomato bacterial spot,19,data/images/test/tomato_bacterial_spot/tomato_bacterial_spot__5a533aea4d.jpg,512,384,train,train/Tomato leaf bacterial spot/Tomato2_original.JPG?1472597932.jpg,Tomato leaf bacterial spot,3648,2736,JPEG,5a533aea4d8e36101f19af02222246d9,3617755865285487907,1842,1
tomato_bacterial_spot__6e2fc8dadc,test,tomato bacterial spot,19,data/images/test/tomato_bacterial_spot/tomato_bacterial_spot__6e2fc8dadc.jpg,512,343,train,train/Tomato leaf bacterial spot/bacterial-leaf-spot.jpg,Tomato leaf bacterial spot,1024,685,JPEG,6e2fc8dadc288d7cc18d3d690376ee39,12315207869471433633,1856,1
tomato_bacterial_spot__866779e983,test,tomato bacterial spot,19,data/images/test/tomato_bacterial_spot/tomato_bacterial_spot__866779e983.jpg,430,258,train,train/Tomato leaf bacterial spot/kg32-beefsteak-tomatoes-08_lg.jpg,Tomato leaf bacterial spot,430,258,JPEG,866779e983f63646b02eacdd826d8d16,17179571393652905154,1872,1
tomato_bacterial_spot__893dcd5c19,test,tomato bacterial spot,19,data/images/test/tomato_bacterial_spot/tomato_bacterial_spot__893dcd5c19.jpg,512,384,train,train/Tomato leaf bacterial spot/clothes014.jpg,Tomato leaf bacterial spot,800,600,JPEG,893dcd5c1929b116b7723944cbf73b31,12225204677209429650,1868,1
tomato_bacterial_spot__983962ed9e,test,tomato bacterial spot,19,data/images/test/tomato_bacterial_spot/tomato_bacterial_spot__983962ed9e.jpg,512,384,train,train/Tomato leaf bacterial spot/leaf-spot3-big.jpg,Tomato leaf bacterial spot,590,443,JPEG,983962ed9eeed040cd83867913a7b466,7879571847068964420,1874,1
tomato_bacterial_spot__a5f3e35961,test,tomato bacterial spot,19,data/images/test/tomato_bacterial_spot/tomato_bacterial_spot__a5f3e35961.jpg,512,385,train,train/Tomato leaf bacterial spot/bacterialLeafSpot04-xqxm03.jpg,Tomato leaf bacterial spot,613,461,JPEG,a5f3e35961a21f8cadae10d3c7c743c4,5571149120460186113,1862,1
tomato_bacterial_spot__c2be5f57b2,test,tomato bacterial spot,19,data/images/test/tomato_bacterial_spot/tomato_bacterial_spot__c2be5f57b2.jpg,512,315,train,train/Tomato leaf bacterial spot/BacterialSpot06.jpg,Tomato leaf bacterial spot,520,320,JPEG,c2be5f57b2db1d10a0d2590d28c79632,8690989129834639984,1814,1
tomato_bacterial_spot__caa738c568,test,tomato bacterial spot,19,data/images/test/tomato_bacterial_spot/tomato_bacterial_spot__caa738c568.jpg,350,263,train,train/Tomato leaf bacterial spot/Bacterial+Speck+-+Tomatoes.jpg,Tomato leaf bacterial spot,350,263,JPEG,caa738c5682c286e53c798de22ed63a2,17560418180731350140,1807,1
tomato_bacterial_spot__ef01e64b72,test,tomato bacterial spot,19,data/images/test/tomato_bacterial_spot/tomato_bacterial_spot__ef01e64b72.jpg,236,314,train,train/Tomato leaf bacterial spot/71c944d61b08f6373a9a38d3c250cb2e.jpg,Tomato leaf bacterial spot,236,314,JPEG,ef01e64b72113a92c7db309f4d8aadd8,8635770894484954320,1805,1
tomato_bacterial_spot__f637d931ca,test,tomato bacterial spot,19,data/images/test/tomato_bacterial_spot/tomato_bacterial_spot__f637d931ca.jpg,300,194,train,train/Tomato leaf bacterial spot/TC6-300x194.jpg,Tomato leaf bacterial spot,300,194,JPEG,f637d931caffccd778cecec016ff4c56,1166539389453509776,1838,1
tomato_bacterial_spot__fa64d22c56,test,tomato bacterial spot,19,data/images/test/tomato_bacterial_spot/tomato_bacterial_spot__fa64d22c56.jpg,341,512,train,train/Tomato leaf bacterial spot/tomato-plant-diseases-identification-leaf-spot-tomato-disease-tomato-plant-fungus-identification.jpg,Tomato leaf bacterial spot,600,900,JPEG,fa64d22c56c925f7485ab4a53419f1fa,11791534070891508381,1882,1
tomato_early_blight__2ae4165c4a,test,tomato early blight,20,data/images/test/tomato_early_blight/tomato_early_blight__2ae4165c4a.jpg,150,150,train,train/Tomato Early blight leaf/early-tomato-blight.jpg,Tomato Early blight leaf,150,150,JPEG,2ae4165c4a9c263c65e91c74d162704f,14436986067335628372,1578,1
tomato_early_blight__2d9a4997bf,test,tomato early blight,20,data/images/test/tomato_early_blight/tomato_early_blight__2d9a4997bf.jpg,303,296,train,train/Tomato Early blight leaf/halleck_tomato_earlyblight__inline-half.jpg,Tomato Early blight leaf,303,296,JPEG,2d9a4997bf687b408d7e4efc8055773d,5295091808114876519,1588,1
tomato_early_blight__4e5ed1465c,test,tomato early blight,20,data/images/test/tomato_early_blight/tomato_early_blight__4e5ed1465c.jpg,328,477,train,train/Tomato Early blight leaf/earlyblighttomato.jpg,Tomato Early blight leaf,328,477,JPEG,4e5ed1465c44a5c63cb9912acdbfa66e,11846949701678046405,1584,1
tomato_early_blight__6114d7f45b,test,tomato early blight,20,data/images/test/tomato_early_blight/tomato_early_blight__6114d7f45b.jpg,512,512,test,test/Tomato Early blight leaf/1234080-Early-Blight.jpg,Tomato Early blight leaf,768,768,JPEG,6114d7f45b62074ece1bb5d77ad8b6ef,8820410235327426662,2426,1
tomato_early_blight__635102de2c,test,tomato early blight,20,data/images/test/tomato_early_blight/tomato_early_blight__635102de2c.jpg,250,301,train,train/Tomato Early blight leaf/5086-early.jpg,Tomato Early blight leaf,250,301,JPEG,635102de2cc08d96f66210c5c9e15be7,10996940352118731322,1540,1
tomato_early_blight__768aad2263,test,tomato early blight,20,data/images/test/tomato_early_blight/tomato_early_blight__768aad2263.jpg,340,512,train,train/Tomato Early blight leaf/20080526-_DSC4211.jpg,Tomato Early blight leaf,465,700,JPEG,768aad2263555df148bd820be97e1125,7158003548778145434,1536,1
tomato_early_blight__eac496b99c,test,tomato early blight,20,data/images/test/tomato_early_blight/tomato_early_blight__eac496b99c.jpg,512,341,train,train/Tomato Early blight leaf/ebleafb.jpg,Tomato Early blight leaf,600,400,JPEG,eac496b99c4965b4cb1271c88e3d0796,6587043974204541129,1585,1
tomato_early_blight__f533ad038b,test,tomato early blight,20,data/images/test/tomato_early_blight/tomato_early_blight__f533ad038b.jpg,512,384,test,test/Tomato Early blight leaf/bugs-and-blight-061.jpg,Tomato Early blight leaf,2576,1932,JPEG,f533ad038bc0a67681d684b367ce2fdf,16487872517208749212,2428,1
tomato_early_blight__f71e367a17,test,tomato early blight,20,data/images/test/tomato_early_blight/tomato_early_blight__f71e367a17.jpg,339,512,train,train/Tomato Early blight leaf/blog_early_blight_628.jpg,Tomato Early blight leaf,432,652,JPEG,f71e367a174d9f848949c1546c11d0f2,1447013047127722424,1565,1
tomato_healthy__0142561860,test,tomato healthy,21,data/images/test/tomato_healthy/tomato_healthy__0142561860.jpg,512,384,train,train/Tomato leaf/img_1028.jpg,Tomato leaf,3264,2448,JPEG,0142561860d459a41de530c2f7dd19bc,9554569707682621142,1767,1
tomato_healthy__1f3e9eb3db,test,tomato healthy,21,data/images/test/tomato_healthy/tomato_healthy__1f3e9eb3db.jpg,512,384,train,train/Tomato leaf/1688.jpg,Tomato leaf,1024,768,JPEG,1f3e9eb3db76e9d8f1edbadf3948f867,16317797901247394196,1739,1
tomato_healthy__2ddd7bd009,test,tomato healthy,21,data/images/test/tomato_healthy/tomato_healthy__2ddd7bd009.jpg,512,384,test,test/Tomato leaf/DSCN1015.JPG.jpg,Tomato leaf,1600,1200,JPEG,2ddd7bd009591273e9f3b1815812445c,15315788456734515774,2446,1
tomato_healthy__5254333d8f,test,tomato healthy,21,data/images/test/tomato_healthy/tomato_healthy__5254333d8f.jpg,384,512,train,train/Tomato leaf/CTG514794.jpg,Tomato leaf,550,733,JPEG,5254333d8f6e30a6d722c43f68032030,18002232305436976367,1750,1
tomato_healthy__7099713fdd,test,tomato healthy,21,data/images/test/tomato_healthy/tomato_healthy__7099713fdd.jpg,450,470,train,train/Tomato leaf/stock-vector-set-of-vector-elements-for-your-design-red-ripe-tomatoes-with-water-drops-tomato-leaves-and-tomato-203297116.jpg,Tomato leaf,450,470,JPEG,7099713fddb713dea084f013c271143e,3256440308915975989,1777,1
tomato_healthy__9e270fecb7,test,tomato healthy,21,data/images/test/tomato_healthy/tomato_healthy__9e270fecb7.jpg,512,340,train,train/Tomato leaf/Leaves-of-Tomato.jpg,Tomato leaf,700,465,JPEG,9e270fecb70fc6233155dc29ff60143c,632968785039071787,1757,1
tomato_healthy__d9c2a93f60,test,tomato healthy,21,data/images/test/tomato_healthy/tomato_healthy__d9c2a93f60.jpg,512,393,test,test/Tomato leaf/main-qimg-d9c2a93f60568485c989670d9bbf703b.jpg,Tomato leaf,602,462,JPEG,d9c2a93f60568485c989670d9bbf703b,5622545798437368587,2450,1
tomato_healthy__e5d2068677,test,tomato healthy,21,data/images/test/tomato_healthy/tomato_healthy__e5d2068677.jpg,341,512,train,train/Tomato leaf/happier-inside.jpg,Tomato leaf,2592,3888,JPEG,e5d2068677c77e199840ba98d1e5eba7,1734837536040368472,1766,1
tomato_late_blight__06f25a0765,test,tomato late blight,22,data/images/test/tomato_late_blight/tomato_late_blight__06f25a0765.jpg,512,384,train,train/Tomato leaf late blight/lateblightTom_lesion.jpg,Tomato leaf late blight,640,480,JPEG,06f25a0765a089e2cc656616e81ac482,5934743624237560599,1950,1
tomato_late_blight__212647f147,test,tomato late blight,22,data/images/test/tomato_late_blight/tomato_late_blight__212647f147.jpg,490,490,test,test/Tomato leaf late blight/image.jpg,Tomato leaf late blight,490,490,JPEG,212647f1476c618f8c40e33c14f1e5d3,14756106399575980152,2465,1
tomato_late_blight__25d361705e,test,tomato late blight,22,data/images/test/tomato_late_blight/tomato_late_blight__25d361705e.jpg,512,436,train,train/Tomato leaf late blight/p1020076cs.jpg,Tomato leaf late blight,1235,1051,JPEG,25d361705e1d82f2ed3561e3049128c2,16064558688442977565,1957,1
tomato_late_blight__329f895409,test,tomato late blight,22,data/images/test/tomato_late_blight/tomato_late_blight__329f895409.jpg,490,492,test,test/Tomato leaf late blight/70.jpg,Tomato leaf late blight,490,492,JPEG,329f895409e64044ce54d63b17adced4,7807123482116464220,2460,1
tomato_late_blight__44f59e1df4,test,tomato late blight,22,data/images/test/tomato_late_blight/tomato_late_blight__44f59e1df4.jpg,250,249,train,train/Tomato leaf late blight/late_blight_tomato_leaf.jpg,Tomato leaf late blight,250,249,JPEG,44f59e1df40f0d05e77d3e95db4c68bb,8869916962495690808,1940,1
tomato_late_blight__71b43f4bac,test,tomato late blight,22,data/images/test/tomato_late_blight/tomato_late_blight__71b43f4bac.jpg,500,491,train,train/Tomato leaf late blight/IMG_5368.jpg,Tomato leaf late blight,500,491,JPEG,71b43f4bac0ae004402fd2b69386d5b4,7232879254673523555,1901,1
tomato_late_blight__753838f09f,test,tomato late blight,22,data/images/test/tomato_late_blight/tomato_late_blight__753838f09f.jpg,512,340,train,train/Tomato leaf late blight/tomato_late-blight_01_zoom.jpg,Tomato leaf late blight,900,598,JPEG,753838f09f8240a2f5778d64bdc0ed9c,7161482876710766921,1975,1
tomato_late_blight__838da30ba4,test,tomato late blight,22,data/images/test/tomato_late_blight/tomato_late_blight__838da30ba4.jpg,261,389,train,train/Tomato leaf late blight/Late-Blight-A.jpg,Tomato leaf late blight,261,389,JPEG,838da30ba4f0f2f99534bccc74e9ceca,14982945895341077457,1904,1
tomato_late_blight__964714b0a9,test,tomato late blight,22,data/images/test/tomato_late_blight/tomato_late_blight__964714b0a9.jpg,500,420,train,train/Tomato leaf late blight/20150619d.jpg,Tomato leaf late blight,500,420,JPEG,964714b0a9634931bd704577d75c26c3,8135580325568917953,1888,2
tomato_late_blight__9ee1fc0fbb,test,tomato late blight,22,data/images/test/tomato_late_blight/tomato_late_blight__9ee1fc0fbb.jpg,512,384,train,train/Tomato leaf late blight/Tomato-late-blight-leaf-Margaret-McGrath-Cornell-Bugwood.jpg,Tomato leaf late blight,768,576,JPEG,9ee1fc0fbbba92da7ccb59f787514921,2794036005414908316,1920,1
tomato_late_blight__e7980e5df2,test,tomato late blight,22,data/images/test/tomato_late_blight/tomato_late_blight__e7980e5df2.jpg,512,512,train,train/Tomato leaf late blight/late-blight-tomato.jpg,Tomato leaf late blight,600,600,JPEG,e7980e5df2ada1532a76967a9fcac2ee,12451551459495490604,1934,1
tomato_late_blight__e977e02883,test,tomato late blight,22,data/images/test/tomato_late_blight/tomato_late_blight__e977e02883.jpg,512,384,train,train/Tomato leaf late blight/lateblightTom_lesion3.jpg,Tomato leaf late blight,1024,768,JPEG,e977e02883f3b1feed160ecc4e47a7d2,13011475139871814195,1951,1
tomato_leaf_mold__1c59f8b170,test,tomato leaf mold,23,data/images/test/tomato_leaf_mold/tomato_leaf_mold__1c59f8b170.jpg,431,512,train,train/Tomato mold leaf/leaf_mold_tomato4x1200.jpg,Tomato mold leaf,1182,1404,JPEG,1c59f8b170347839b87d6ce6e9ef4b7a,11813462796165501499,2148,1
tomato_leaf_mold__22f56dbb5f,test,tomato leaf mold,23,data/images/test/tomato_leaf_mold/tomato_leaf_mold__22f56dbb5f.jpg,512,384,train,train/Tomato mold leaf/4118c92ffde66d327ee14e4023320bf7.jpg,Tomato mold leaf,736,552,JPEG,22f56dbb5fc25b1f337239f21c60f815,18012386351424903897,2096,1
tomato_leaf_mold__55bd63672a,test,tomato leaf mold,23,data/images/test/tomato_leaf_mold/tomato_leaf_mold__55bd63672a.jpg,384,512,train,train/Tomato mold leaf/23600077_1572609202782510_2145699867_o.jpg,Tomato mold leaf,1440,1920,JPEG,55bd63672aba863ec5ee9ebd452c13a8,12479786222178850462,2093,1
tomato_leaf_mold__5d41f6d892,test,tomato leaf mold,23,data/images/test/tomato_leaf_mold/tomato_leaf_mold__5d41f6d892.jpg,512,384,train,train/Tomato mold leaf/Leaf+Mold+upper+leaf+surface.jpg,Tomato mold leaf,960,720,JPEG,5d41f6d892742eae952db530590bf5d0,886458594563053772,2116,1
tomato_leaf_mold__94444a9eb7,test,tomato leaf mold,23,data/images/test/tomato_leaf_mold/tomato_leaf_mold__94444a9eb7.jpg,512,370,train,train/Tomato mold leaf/Leaf-mold3.jpg,Tomato mold leaf,758,548,JPEG,94444a9eb7f37a0a76ab91227b842f68,13127723729789533067,2121,1
tomato_leaf_mold__963751e79c,test,tomato leaf mold,23,data/images/test/tomato_leaf_mold/tomato_leaf_mold__963751e79c.jpg,384,512,train,train/Tomato mold leaf/leaf_mold_nightshade1x500.jpg,Tomato mold leaf,500,667,JPEG,963751e79cbbdac87eab42d9fe942bc0,8210234453404673636,2143,1
tomato_leaf_mold__a2ce1b31e5,test,tomato leaf mold,23,data/images/test/tomato_leaf_mold/tomato_leaf_mold__a2ce1b31e5.jpg,512,384,train,train/Tomato mold leaf/Tomato%20greenhouse%20leaf%20edema%20and%20distortion2F.JPG.jpg,Tomato mold leaf,1024,768,JPEG,a2ce1b31e5cad21e96c296636e35cd40,17357046821528615008,2126,1
tomato_leaf_mold__aeaa9f7ae2,test,tomato leaf mold,23,data/images/test/tomato_leaf_mold/tomato_leaf_mold__aeaa9f7ae2.jpg,512,384,train,train/Tomato mold leaf/pm3.jpg,Tomato mold leaf,2592,1944,JPEG,aeaa9f7ae20e19ad4d1e786714ce77bd,6602194021080416998,2155,1
tomato_leaf_mold__bf235d5bb2,test,tomato leaf mold,23,data/images/test/tomato_leaf_mold/tomato_leaf_mold__bf235d5bb2.jpg,512,384,train,train/Tomato mold leaf/dscn6690.jpg,Tomato mold leaf,1024,768,JPEG,bf235d5bb2e0b535bd892ab07495ce5d,15700102948274365670,2134,1
tomato_leaf_mold__d351d9401e,test,tomato leaf mold,23,data/images/test/tomato_leaf_mold/tomato_leaf_mold__d351d9401e.jpg,400,275,train,train/Tomato mold leaf/119B_Tom_Mold.jpg,Tomato mold leaf,400,275,JPEG,d351d9401e493762a9eafcd204135b4f,36081850066143234,2091,1
tomato_leaf_mold__f4b1a42002,test,tomato leaf mold,23,data/images/test/tomato_leaf_mold/tomato_leaf_mold__f4b1a42002.jpg,490,366,train,train/Tomato mold leaf/d-to-tylv-fo005-14496A31BE70553130A.jpg,Tomato mold leaf,490,366,JPEG,f4b1a42002e8963b505c15a906285e20,7739828286723559856,2132,1
tomato_mosaic_virus__209ec874f9,test,tomato mosaic virus,24,data/images/test/tomato_mosaic_virus/tomato_mosaic_virus__209ec874f9.jpg,248,212,train,train/Tomato leaf mosaic virus/fig2-2k11-1-12.jpg,Tomato leaf mosaic virus,248,212,JPEG,209ec874f9d917484fe78a33b9e30a19,15119080686540917163,1994,1
tomato_mosaic_virus__93fa178f94,test,tomato mosaic virus,24,data/images/test/tomato_mosaic_virus/tomato_mosaic_virus__93fa178f94.jpg,410,307,train,train/Tomato leaf mosaic virus/dahliaviralsymptoms2lowresjpg.jpg,Tomato leaf mosaic virus,410,307,JPEG,93fa178f94f8117fb98ee82770948cd6,11302043499184835034,1991,1
tomato_mosaic_virus__9ae583c460,test,tomato mosaic virus,24,data/images/test/tomato_mosaic_virus/tomato_mosaic_virus__9ae583c460.jpg,205,216,train,train/Tomato leaf mosaic virus/d41c86a650e49b8066d6b347d8e9d3ad.jpg,Tomato leaf mosaic virus,205,216,JPEG,9ae583c460385d1f07a8bb91ac6b1a5e,5714905501978127968,1990,1
tomato_mosaic_virus__b8997a678c,test,tomato mosaic virus,24,data/images/test/tomato_mosaic_virus/tomato_mosaic_virus__b8997a678c.jpg,512,512,train,train/Tomato leaf mosaic virus/mosaic-virus-foliage.jpg,Tomato leaf mosaic virus,600,600,JPEG,b8997a678cb75769d9bbfc93ab8c1e47,16314415929638792525,1998,1
tomato_mosaic_virus__bef5507229,test,tomato mosaic virus,24,data/images/test/tomato_mosaic_virus/tomato_mosaic_virus__bef5507229.jpg,500,375,train,train/Tomato leaf mosaic virus/tomato-leaf-herbicide-damage.jpg,Tomato leaf mosaic virus,500,375,JPEG,bef550722985917bf78576adedd1e851,7218207237829192633,2006,1
tomato_mosaic_virus__ed815fd0d2,test,tomato mosaic virus,24,data/images/test/tomato_mosaic_virus/tomato_mosaic_virus__ed815fd0d2.jpg,213,320,train,train/Tomato leaf mosaic virus/5Tomato+Mosaic+Virus.jpg,Tomato leaf mosaic virus,213,320,JPEG,ed815fd0d20376f48a1058826cf7e634,12451974937994012574,1982,1
tomato_septoria_leaf_spot__0991a16047,test,tomato septoria leaf spot,25,data/images/test/tomato_septoria_leaf_spot/tomato_septoria_leaf_spot__0991a16047.jpg,512,232,train,train/Tomato Septoria leaf spot/6078710516023296-600x272.jpeg.jpg,Tomato Septoria leaf spot,600,272,JPEG,0991a16047cba3403d9e38d51272e67a,5895443719497475783,1629,1
tomato_septoria_leaf_spot__0cf6c78544,test,tomato septoria leaf spot,25,data/images/test/tomato_septoria_leaf_spot/tomato_septoria_leaf_spot__0cf6c78544.jpg,512,341,train,train/Tomato Septoria leaf spot/tomato-plant-is-infected-with-septoria-leaf-spot.jpg,Tomato Septoria leaf spot,3054,2036,JPEG,0cf6c78544de55dc83deeef62f44f376,16384784235587359450,1716,1
tomato_septoria_leaf_spot__1c778f04f8,test,tomato septoria leaf spot,25,data/images/test/tomato_septoria_leaf_spot/tomato_septoria_leaf_spot__1c778f04f8.jpg,166,137,train,train/Tomato Septoria leaf spot/vdu-tomato-sept-eb-285x300.jpg,Tomato Septoria leaf spot,166,137,JPEG,1c778f04f8256a201f79ea6e02211a86,17999150913617516003,1731,1
tomato_septoria_leaf_spot__296a27ab73,test,tomato septoria leaf spot,25,data/images/test/tomato_septoria_leaf_spot/tomato_septoria_leaf_spot__296a27ab73.jpg,512,384,train,train/Tomato Septoria leaf spot/5454635393351680.jpeg.jpg,Tomato Septoria leaf spot,800,600,JPEG,296a27ab738118b91966030de2446c14,4087294722131766623,1620,1
tomato_septoria_leaf_spot__30ff995e2c,test,tomato septoria leaf spot,25,data/images/test/tomato_septoria_leaf_spot/tomato_septoria_leaf_spot__30ff995e2c.jpg,512,232,train,train/Tomato Septoria leaf spot/5516100468998144-600x272.jpeg.jpg,Tomato Septoria leaf spot,600,272,JPEG,30ff995e2c50886faca39380c02dc7ff,12802717947095562897,1621,1
tomato_septoria_leaf_spot__3ac542cbce,test,tomato septoria leaf spot,25,data/images/test/tomato_septoria_leaf_spot/tomato_septoria_leaf_spot__3ac542cbce.jpg,328,512,train,train/Tomato Septoria leaf spot/tomato-disease-septoria-leaf-spot-d7e1x9.jpg,Tomato Septoria leaf spot,346,540,JPEG,3ac542cbceaa8b0d37be0097e6302f25,14452175933986190877,1708,1
tomato_septoria_leaf_spot__52925b36ac,test,tomato septoria leaf spot,25,data/images/test/tomato_septoria_leaf_spot/tomato_septoria_leaf_spot__52925b36ac.jpg,300,206,train,train/Tomato Septoria leaf spot/septoria-tomato-leaf.jpg,Tomato Septoria leaf spot,300,206,JPEG,52925b36ac6a99c180fcbe1fc1ad4dc1,7553321131891573270,1692,1
tomato_septoria_leaf_spot__67d135056c,test,tomato septoria leaf spot,25,data/images/test/tomato_septoria_leaf_spot/tomato_septoria_leaf_spot__67d135056c.jpg,512,384,train,train/Tomato Septoria leaf spot/140714+%2811%29.JPG.jpg,Tomato Septoria leaf spot,1600,1200,JPEG,67d135056cd81e2a5748d419d5e43d6a,17360718590170866348,1602,1
tomato_septoria_leaf_spot__6a6bcb9cad,test,tomato septoria leaf spot,25,data/images/test/tomato_septoria_leaf_spot/tomato_septoria_leaf_spot__6a6bcb9cad.jpg,450,320,train,train/Tomato Septoria leaf spot/tomato-disease-septoria-leaf-spot-d7e1xm.jpg,Tomato Septoria leaf spot,450,320,JPEG,6a6bcb9cadfe5e9338b472308cb746ca,12209664761329945870,1710,1
tomato_septoria_leaf_spot__963e30cf32,test,tomato septoria leaf spot,25,data/images/test/tomato_septoria_leaf_spot/tomato_septoria_leaf_spot__963e30cf32.jpg,512,352,train,train/Tomato Septoria leaf spot/tomatoseptorialeafspotjpg-788d20798a3c74e7.jpg,Tomato Septoria leaf spot,2048,1406,JPEG,963e30cf32e79ac3b0e84bb0bad86e51,2482249380095825460,1730,1
tomato_septoria_leaf_spot__c1a5fc772c,test,tomato septoria leaf spot,25,data/images/test/tomato_septoria_leaf_spot/tomato_septoria_leaf_spot__c1a5fc772c.jpg,500,333,train,train/Tomato Septoria leaf spot/Leaf%20spot.jpg,Tomato Septoria leaf spot,500,333,JPEG,c1a5fc772cb34cee74d2eb0efb653e1d,8624974694605416548,1642,1
tomato_septoria_leaf_spot__c6119efc58,test,tomato septoria leaf spot,25,data/images/test/tomato_septoria_leaf_spot/tomato_septoria_leaf_spot__c6119efc58.jpg,480,320,train,train/Tomato Septoria leaf spot/bnX8Q.jpg,Tomato Septoria leaf spot,480,320,JPEG,c6119efc586544419b3422fd667adb77,8729443330816357942,1671,1
tomato_septoria_leaf_spot__cce616f755,test,tomato septoria leaf spot,25,data/images/test/tomato_septoria_leaf_spot/tomato_septoria_leaf_spot__cce616f755.jpg,512,313,train,train/Tomato Septoria leaf spot/septoria+tomato.jpg,Tomato Septoria leaf spot,600,367,JPEG,cce616f7559fa60957241e767f5ecc7c,16702105597106313111,1682,1
tomato_septoria_leaf_spot__dc77102132,test,tomato septoria leaf spot,25,data/images/test/tomato_septoria_leaf_spot/tomato_septoria_leaf_spot__dc77102132.jpg,250,250,train,train/Tomato Septoria leaf spot/septoria-leaf-spot-2.jpg,Tomato Septoria leaf spot,250,250,JPEG,dc77102132ac00024c1f43e8a1eb17e6,7415021890985719542,1683,1
tomato_septoria_leaf_spot__df93f720f5,test,tomato septoria leaf spot,25,data/images/test/tomato_septoria_leaf_spot/tomato_septoria_leaf_spot__df93f720f5.jpg,384,512,train,train/Tomato Septoria leaf spot/classic-septoria.jpg,Tomato Septoria leaf spot,2304,3072,JPEG,df93f720f55c93caf7dfe388e8b85e49,11081890408834886587,1672,1
tomato_septoria_leaf_spot__e97e953f4a,test,tomato septoria leaf spot,25,data/images/test/tomato_septoria_leaf_spot/tomato_septoria_leaf_spot__e97e953f4a.jpg,384,512,test,test/Tomato Septoria leaf spot/6134794031202304.jpeg.jpg,Tomato Septoria leaf spot,600,800,JPEG,e97e953f4a591d3f2b2c164751c59186,5705757699711993030,2437,1
tomato_septoria_leaf_spot__fdb0c43873,test,tomato septoria leaf spot,25,data/images/test/tomato_septoria_leaf_spot/tomato_septoria_leaf_spot__fdb0c43873.jpg,512,232,train,train/Tomato Septoria leaf spot/6134794031202304-600x272.jpeg.jpg,Tomato Septoria leaf spot,600,272,JPEG,fdb0c43873a2276027cf53ca64890893,7813007863611253416,1631,1
tomato_yellow_leaf_curl_virus__07a32fb73b,test,tomato yellow leaf curl virus,26,data/images/test/tomato_yellow_leaf_curl_virus/tomato_yellow_leaf_curl_virus__07a32fb73b.jpg,499,512,train,train/Tomato leaf yellow virus/8e60bae9f613f360403943f108a03083.jpg,Tomato leaf yellow virus,684,702,JPEG,07a32fb73b7ec3a67a1205b47f968144,4865907666688381855,2036,1
tomato_yellow_leaf_curl_virus__0cf24da189,test,tomato yellow leaf curl virus,26,data/images/test/tomato_yellow_leaf_curl_virus/tomato_yellow_leaf_curl_virus__0cf24da189.jpg,512,384,train,train/Tomato leaf yellow virus/tylcv1-.jpg,Tomato leaf yellow virus,3264,2448,JPEG,0cf24da1890a3aff251af42fcc0e8fb5,12715258945043878860,2086,1
tomato_yellow_leaf_curl_virus__193a9498aa,test,tomato yellow leaf curl virus,26,data/images/test/tomato_yellow_leaf_curl_virus/tomato_yellow_leaf_curl_virus__193a9498aa.jpg,512,384,train,train/Tomato leaf yellow virus/tj5itxzunn3k.jpg,Tomato leaf yellow virus,1280,960,JPEG,193a9498aac91acff1002c3e4b3ab293,8320921441237527752,2066,1
tomato_yellow_leaf_curl_virus__7ceed02ced,test,tomato yellow leaf curl virus,26,data/images/test/tomato_yellow_leaf_curl_virus/tomato_yellow_leaf_curl_virus__7ceed02ced.jpg,512,384,train,train/Tomato leaf yellow virus/DSC02006.JPG.jpg,Tomato leaf yellow virus,1024,768,JPEG,7ceed02cedccc90328e25d10a843da02,1232892529860514688,2038,1
tomato_yellow_leaf_curl_virus__9ae4f72718,test,tomato yellow leaf curl virus,26,data/images/test/tomato_yellow_leaf_curl_virus/tomato_yellow_leaf_curl_virus__9ae4f72718.jpg,512,341,train,train/Tomato leaf yellow virus/14456.img.jpg,Tomato leaf yellow virus,600,400,JPEG,9ae4f727182c895cb2e0abcb4f420079,14110467922258732705,2024,1
tomato_yellow_leaf_curl_virus__cd7f7dba42,test,tomato yellow leaf curl virus,26,data/images/test/tomato_yellow_leaf_curl_virus/tomato_yellow_leaf_curl_virus__cd7f7dba42.jpg,500,438,train,train/Tomato leaf yellow virus/TYLCVDFerrinlr.jpg,Tomato leaf yellow virus,500,438,JPEG,cd7f7dba42e2bc3f1d144c67b3808b46,10440449093435706660,2053,2
tomato_yellow_leaf_curl_virus__ceda39db60,test,tomato yellow leaf curl virus,26,data/images/test/tomato_yellow_leaf_curl_virus/tomato_yellow_leaf_curl_virus__ceda39db60.jpg,384,512,train,train/Tomato leaf yellow virus/Figure-4.jpg,Tomato leaf yellow virus,2554,3405,JPEG,ceda39db60bb3b9fb470333c9ea6e6f8,1781555420241399567,2041,1
tomato_yellow_leaf_curl_virus__dfd891c518,test,tomato yellow leaf curl virus,26,data/images/test/tomato_yellow_leaf_curl_virus/tomato_yellow_leaf_curl_virus__dfd891c518.jpg,512,384,train,train/Tomato leaf yellow virus/illustration-thematique-urbino-fig5.plante%20tylcv.jpg,Tomato leaf yellow virus,2592,1944,JPEG,dfd891c51833a944e4fcf780e6d8a040,10212865924268074164,2056,1
tomato_yellow_leaf_curl_virus__e117bd767a,test,tomato yellow leaf curl virus,26,data/images/test/tomato_yellow_leaf_curl_virus/tomato_yellow_leaf_curl_virus__e117bd767a.jpg,480,419,train,train/Tomato leaf yellow virus/TYLCV2.jpg,Tomato leaf yellow virus,480,419,JPEG,e117bd767a09bd9ebd24090ae48c0db4,8681128785728810145,2051,1
apple_healthy__006197ab13,train,apple healthy,0,data/images/train/apple_healthy/apple_healthy__006197ab13.jpg,512,448,train,train/Apple leaf/green-apple-leaf-white-background-33503979.jpg,Apple leaf,1300,1137,JPEG,006197ab131e21eda7ec1c1f61bb4289,152329189669147109,124,1
apple_healthy__0c5f4e8555,train,apple healthy,0,data/images/train/apple_healthy/apple_healthy__0c5f4e8555.jpg,450,470,train,train/Apple leaf/stock-photo-apple-leaves-isolated-on-white-collection-197880929.jpg,Apple leaf,450,470,JPEG,0c5f4e85552b64b51581a24883e28a12,3709098182066254243,147,1
apple_healthy__0dde284f9c,train,apple healthy,0,data/images/train/apple_healthy/apple_healthy__0dde284f9c.jpg,288,512,test,test/Apple leaf/20180511_091252-1gy5xf5-e1526048000596.jpg,Apple leaf,2988,5312,JPEG,0dde284f9c07a5e2e0237f63b522e050,3714375089808875038,2298,1
apple_healthy__0ef151aecd,train,apple healthy,0,data/images/train/apple_healthy/apple_healthy__0ef151aecd.jpg,512,288,test,test/Apple leaf/Apple-Leaf-Wallpaper-17.jpg,Apple leaf,3840,2160,JPEG,0ef151aecd46f313fc490b882dfd3a20,12744279325154372654,2300,1
apple_healthy__1357e733cf,train,apple healthy,0,data/images/train/apple_healthy/apple_healthy__1357e733cf.jpg,512,370,train,train/Apple leaf/grow-an-apple-tree-from-seed-in-singapore-img5.jpg,Apple leaf,3033,2191,JPEG,1357e733cf822a5891064a7cec39c803,14328453576722053456,128,1
apple_healthy__16210785ab,train,apple healthy,0,data/images/train/apple_healthy/apple_healthy__16210785ab.jpg,341,512,train,train/Apple leaf/autumn-red-apple-leaves.jpg,Apple leaf,466,700,JPEG,16210785abd9abeab67eba70f3502401,928546488396968420,103,1
apple_healthy__174ceea2c8,train,apple healthy,0,data/images/train/apple_healthy/apple_healthy__174ceea2c8.jpg,450,361,train,train/Apple leaf/stock-photo-green-apple-leaf-isolated-on-white-with-clipping-path-195130079.jpg,Apple leaf,450,361,JPEG,174ceea2c84d72eba98ec6eee622310a,10089794909197895062,152,1
apple_healthy__1c0d0882ae,train,apple healthy,0,data/images/train/apple_healthy/apple_healthy__1c0d0882ae.jpg,512,485,train,train/Apple leaf/leaf-apple-tree-one-green-isolated-41556482.jpg,Apple leaf,1371,1300,JPEG,1c0d0882aeaf8ef4b5e00115feb4018e,2903304562970332746,129,1
apple_healthy__23967412c1,train,apple healthy,0,data/images/train/apple_healthy/apple_healthy__23967412c1.jpg,512,341,train,train/Apple leaf/2017-09-23-07-48-04.jpg,Apple leaf,2016,1344,JPEG,23967412c14e70a99d6e82b798346ec9,11339039358208981084,83,1
apple_healthy__2532c31dfb,train,apple healthy,0,data/images/train/apple_healthy/apple_healthy__2532c31dfb.jpg,450,470,train,train/Apple leaf/stock-photo-apple-leaves-isolated-on-white-background-295979933.jpg,Apple leaf,450,470,JPEG,2532c31dfbdd9fd519d9ba1e9c70059b,11963617930218249882,145,1
apple_healthy__2d59d5288c,train,apple healthy,0,data/images/train/apple_healthy/apple_healthy__2d59d5288c.jpg,450,360,train,train/Apple leaf/stock-photo-apple-leaf-isolated-on-white-background-287560226.jpg,Apple leaf,450,360,JPEG,2d59d5288ce8c12ea14a92ad46ce5760,10090195139890220594,139,1
apple_healthy__2fb6b0af66,train,apple healthy,0,data/images/train/apple_healthy/apple_healthy__2fb6b0af66.jpg,512,470,train,train/Apple leaf/red-apple-one-leaf-13226302.jpg,Apple leaf,1300,1194,JPEG,2fb6b0af66db311e2e8423f6933c7999,3921961851001442278,135,1
apple_healthy__327f5f3513,train,apple healthy,0,data/images/train/apple_healthy/apple_healthy__327f5f3513.jpg,450,367,train,train/Apple leaf/stock-photo-green-apple-leaves-on-the-white-background-796491496.jpg,Apple leaf,450,367,JPEG,327f5f35136061fa663e9688269e3aa3,2843375754806511494,153,1
apple_healthy__3507f7e67d,train,apple healthy,0,data/images/train/apple_healthy/apple_healthy__3507f7e67d.jpg,512,384,train,train/Apple leaf/CRABAPPLE2_leaves.jpg,Apple leaf,802,602,JPEG,3507f7e67de6fdeaeb941a16b1859289,2461589176570918068,88,1
apple_healthy__357b3b101a,train,apple healthy,0,data/images/train/apple_healthy/apple_healthy__357b3b101a.jpg,512,341,train,train/Apple leaf/green-leaf-picture-id177130309?b=1&k=6&m=177130309&s=612x612&w=0&h=VP3U0AM5j0fvQqOwuI5f7cmb2Ji88mVep0eoXQaJRfs=.jpg,Apple leaf,612,408,JPEG,357b3b101afd72ec8946ad5c8931deb5,5082031817496956429,127,1
apple_healthy__371c24b856,train,apple healthy,0,data/images/train/apple_healthy/apple_healthy__371c24b856.jpg,450,392,train,train/Apple leaf/stock-photo-apple-leaves-isolated-on-white-background-232913425.jpg,Apple leaf,450,392,JPEG,371c24b85643c65562daf509f27fab43,8319011883716917556,144,1
apple_healthy__3859c61df5,train,apple healthy,0,data/images/train/apple_healthy/apple_healthy__3859c61df5.jpg,482,512,train,train/Apple leaf/green-apple-fruits-leaf-25050127.jpg,Apple leaf,1300,1380,JPEG,3859c61df5fd921275e921a5bafd4e9f,89569580947541729,118,1
apple_healthy__3c35d65ce3,train,apple healthy,0,data/images/train/apple_healthy/apple_healthy__3c35d65ce3.jpg,450,331,train,train/Apple leaf/stock-photo-apple-leaf-set-isolated-on-white-background-300957002.jpg,Apple leaf,450,331,JPEG,3c35d65ce33340aea0e23efabde7dbae,11972647338888336155,140,1
apple_healthy__3d43414e1e,train,apple healthy,0,data/images/train/apple_healthy/apple_healthy__3d43414e1e.jpg,512,332,train,train/Apple leaf/apples_silver-leaf_04_zoom.jpg,Apple leaf,900,583,JPEG,3d43414e1ec4f392e1c855467cbedbf9,15141322729554733096,102,1
apple_healthy__3de28085db,train,apple healthy,0,data/images/train/apple_healthy/apple_healthy__3de28085db.jpg,450,400,train,train/Apple leaf/stock-photo-red-apple-with-green-leaf-isolated-on-white-background-with-clipping-path-327512429.jpg,Apple leaf,450,400,JPEG,3de28085db4c165f609a3924a3e96650,11745699050354974102,156,1
apple_healthy__3eddf8d835,train,apple healthy,0,data/images/train/apple_healthy/apple_healthy__3eddf8d835.jpg,376,512,train,train/Apple leaf/green-leaf-apple-tree-14300049.jpg,Apple leaf,955,1300,JPEG,3eddf8d835316362adcd9dd783795e98,885111319175273536,125,1
apple_healthy__4334e2ff09,train,apple healthy,0,data/images/train/apple_healthy/apple_healthy__4334e2ff09.jpg,512,377,test,test/Apple leaf/apple-leaf-closeup-37636177.jpg,Apple leaf,1300,957,JPEG,4334e2ff098ae05b00f0ef4475bff325,5516688744464129489,2303,1
apple_healthy__45c2843f6c,train,apple healthy,0,data/images/train/apple_healthy/apple_healthy__45c2843f6c.jpg,479,512,train,train/Apple leaf/closeup-red-apple-fruit-leaf-isolated-white-background-57605895.jpg,Apple leaf,1300,1390,JPEG,45c2843f6c3306abe3424f83a9dac8ce,75761888612919267,105,1
apple_healthy__46eb2d3e20,train,apple healthy,0,data/images/train/apple_healthy/apple_healthy__46eb2d3e20.jpg,502,512,train,train/Apple leaf/green-apple-fruits-leaf-16266077.jpg,Apple leaf,1275,1300,JPEG,46eb2d3e20e4e6549ce90f2887161443,3782053965232770586,117,1
apple_healthy__484471af39,train,apple healthy,0,data/images/train/apple_healthy/apple_healthy__484471af39.jpg,512,384,train,train/Apple leaf/CRABAPPLE3_leaves.jpg,Apple leaf,802,602,JPEG,484471af390f40c86bc41a157e54f548,17144630055216276839,89,1
apple_healthy__48d1639dc4,train,apple healthy,0,data/images/train/apple_healthy/apple_healthy__48d1639dc4.jpg,382,512,train,train/Apple leaf/Dwarf-Apple-Pink-Lady-2545.jpeg.jpg,Apple leaf,448,600,JPEG,48d1639dc49373a7adbaf5ca6f07ac1b,5570396726664092376,92,1
apple_healthy__4972c5442d,train,apple healthy,0,data/images/train/apple_healthy/apple_healthy__4972c5442d.jpg,400,512,train,train/Apple leaf/AppleLeavesInRain.jpg,Apple leaf,800,1025,JPEG,4972c5442da6b1686c1315a81714ced8,4483038730854849435,86,1
apple_healthy__4aa70e9038,train,apple healthy,0,data/images/train/apple_healthy/apple_healthy__4aa70e9038.jpg,440,470,train,train/Apple leaf/stock-photo-apple-tree-leaf-isolated-on-a-white-622503302.jpg,Apple leaf,440,470,JPEG,4aa70e9038d63fe9c2d8f80be3f784de,11321503585801404694,149,1
apple_healthy__4ec55c8641,train,apple healthy,0,data/images/train/apple_healthy/apple_healthy__4ec55c8641.jpg,288,512,test,test/Apple leaf/20180511_090912-14gtw8a-e1526047952754.jpg,Apple leaf,2988,5312,JPEG,4ec55c8641ed68caed97e3bc5eb79ae3,12919786899040647210,2296,1
apple_healthy__5069278ab1,train,apple healthy,0,data/images/train/apple_healthy/apple_healthy__5069278ab1.jpg,512,377,test,test/Apple leaf/apple-leaf-9834637.jpg,Apple leaf,1300,957,JPEG,5069278ab109d3023ebd828ea8922570,4800008403711594977,2302,1
apple_healthy__536c2e38bc,train,apple healthy,0,data/images/train/apple_healthy/apple_healthy__536c2e38bc.jpg,441,470,train,train/Apple leaf/stock-photo-red-apple-with-leaf-138430751.jpg,Apple leaf,441,470,JPEG,536c2e38bcb1faceea5537dba35dd968,9911304641193643534,158,1
apple_healthy__55e1530805,train,apple healthy,0,data/images/train/apple_healthy/apple_healthy__55e1530805.jpg,450,387,train,train/Apple leaf/stock-photo-one-green-leaf-of-apple-tree-isolated-on-white-background-close-up-studio-photography-102522179.jpg,Apple leaf,450,387,JPEG,55e1530805ade2155432887da2bcc450,873270820139140902,155,1
apple_healthy__571c3940e4,train,apple healthy,0,data/images/train/apple_healthy/apple_healthy__571c3940e4.jpg,512,462,test,test/Apple leaf/apple-leaf-14319997.jpg,Apple leaf,1300,1174,JPEG,571c3940e461f80bea459cc825842e46,10164104372503317729,2301,1
apple_healthy__5740502d04,train,apple healthy,0,data/images/train/apple_healthy/apple_healthy__5740502d04.jpg,512,398,train,train/Apple leaf/apple-tree-leaves.jpg,Apple leaf,618,481,JPEG,5740502d04458f7dea740d95ffd6517e,11928312928682564273,100,1
apple_healthy__5cca3b2953,train,apple healthy,0,data/images/train/apple_healthy/apple_healthy__5cca3b2953.jpg,512,353,train,train/Apple leaf/Apple_tree_leaf_J1.jpg,Apple leaf,3940,2720,JPEG,5cca3b295308f587d8651619e7383568,15418135270028530242,87,1
apple_healthy__63eb25f604,train,apple healthy,0,data/images/train/apple_healthy/apple_healthy__63eb25f604.jpg,512,481,train,train/Apple leaf/yellow-apple-leaves-isolated-10868989.jpg,Apple leaf,1385,1300,JPEG,63eb25f60440a2e48befbef84d0a6771,5194363509168410122,162,1
apple_healthy__6c2f657398,train,apple healthy,0,data/images/train/apple_healthy/apple_healthy__6c2f657398.jpg,512,481,train,train/Apple leaf/shiny-red-apple-green-leaf-isolated-white-background-56202743.jpg,Apple leaf,1383,1300,JPEG,6c2f6573983d7e18378e12eb6d0d1a52,5622187829250688526,138,1
apple_healthy__6ce2e8a87e,train,apple healthy,0,data/images/train/apple_healthy/apple_healthy__6ce2e8a87e.jpg,512,380,test,test/Apple leaf/4120978-single-green-leaf-of-apple-tree.jpg,Apple leaf,800,594,JPEG,6ce2e8a87ea97ecf40e9da20a0242b75,4685440361225919794,2299,1
apple_healthy__701c3aef6f,train,apple healthy,0,data/images/train/apple_healthy/apple_healthy__701c3aef6f.jpg,450,396,train,train/Apple leaf/stock-photo-isolated-apple-green-granny-smith-apple-with-leaf-isolated-on-white-background-60343762.jpg,Apple leaf,450,396,JPEG,701c3aef6f24ea7a7158c04a90299568,437697192363691806,154,1
apple_healthy__71ce59f02e,train,apple healthy,0,data/images/train/apple_healthy/apple_healthy__71ce59f02e.jpg,450,380,train,train/Apple leaf/stock-photo-sweet-apple-with-leaf-111143150.jpg,Apple leaf,450,380,JPEG,71ce59f02efac8ff33f2a0fc2cbad518,9693764221099445902,160,1
apple_healthy__77c8c93f12,train,apple healthy,0,data/images/train/apple_healthy/apple_healthy__77c8c93f12.jpg,512,512,train,train/Apple leaf/leaves-isolated-on-white-background-picture-id537925565?k=6&m=537925565&s=612x612&w=0&h=Ogzc4YHTI4i4q9aiTIG6Zq2sAMv6xTKiDlCmYANlzK8=.jpg,Apple leaf,612,612,JPEG,77c8c93f12ff5647eb0e00fffd99eecf,2098262941476259462,130,1
apple_healthy__7b49bc8782,train,apple healthy,0,data/images/train/apple_healthy/apple_healthy__7b49bc8782.jpg,447,450,train,train/Apple leaf/depositphotos_56066889-stock-photo-apple-with-leaf.jpg,Apple leaf,447,450,JPEG,7b49bc87826932b87f3f57c13d8be0d6,904989361590443916,112,1
apple_healthy__7e8ea1e31f,train,apple healthy,0,data/images/train/apple_healthy/apple_healthy__7e8ea1e31f.jpg,340,512,train,train/Apple leaf/June%2B2010%2B022.JPG.jpg,Apple leaf,1063,1600,JPEG,7e8ea1e31f40ca3d49e6532ea0738c3a,7939155437581856073,93,1
apple_healthy__867389103b,train,apple healthy,0,data/images/train/apple_healthy/apple_healthy__867389103b.jpg,377,512,train,train/Apple leaf/red-apple-leaves-309078.jpg,Apple leaf,957,1300,JPEG,867389103b3ce54d536fab9562ee03d9,5951536624653113472,134,1
apple_healthy__902ffec626,train,apple healthy,0,data/images/train/apple_healthy/apple_healthy__902ffec626.jpg,512,377,train,train/Apple leaf/bright-red-crab-apple-fruit-malus-john-downie-on-the-tree-in-late-KH3WRX.jpg,Apple leaf,1300,957,JPEG,902ffec6266fb453aba309ed31e13ab9,8243475579896359715,104,1
apple_healthy__9419a57c16,train,apple healthy,0,data/images/train/apple_healthy/apple_healthy__9419a57c16.jpg,512,504,train,train/Apple leaf/ripe-red-apple-with-green-leaf-isolated-on-white-picture-id184640296?s=612x612.jpg,Apple leaf,612,603,JPEG,9419a57c169bf87debc0d7bf50dd99fc,2451979319362100877,136,1
apple_healthy__977a0e840e,train,apple healthy,0,data/images/train/apple_healthy/apple_healthy__977a0e840e.jpg,416,512,train,train/Apple leaf/green-apple-leaf-26110796.jpg,Apple leaf,1056,1300,JPEG,977a0e840e95d4b0ee8ec249d4fa3d57,454313936173860366,119,1
apple_healthy__990976f5e2,train,apple healthy,0,data/images/train/apple_healthy/apple_healthy__990976f5e2.jpg,512,410,train,train/Apple leaf/4633813-sweet-apple-with-leaf.jpg,Apple leaf,800,640,JPEG,990976f5e21c182d4ae70bef322527eb,5082078202605014540,84,1
apple_healthy__a2954c590d,train,apple healthy,0,data/images/train/apple_healthy/apple_healthy__a2954c590d.jpg,512,381,train,train/Apple leaf/green-leaf-apple-tree-isolated-white-background-33032695.jpg,Apple leaf,1300,967,JPEG,a2954c590d3ffe0ee08fea6db36254c2,10961240580516423385,126,1
apple_healthy__ae046eed08,train,apple healthy,0,data/images/train/apple_healthy/apple_healthy__ae046eed08.jpg,512,512,train,train/Apple leaf/depositphotos_27383223-stock-photo-apple-leaves.jpg,Apple leaf,1024,1024,JPEG,ae046eed082ded9a0bdd8f5b442dabfe,4142030981309336389,107,1
apple_healthy__aff0897646,train,apple healthy,0,data/images/train/apple_healthy/apple_healthy__aff0897646.jpg,288,512,test,test/Apple leaf/20180511_091133-24l1vhg-e1526047988236.jpg,Apple leaf,2988,5312,JPEG,aff08976469bd8e9261c32593eaf294f,11092398071512256329,2297,1
apple_healthy__b5150a7d96,train,apple healthy,0,data/images/train/apple_healthy/apple_healthy__b5150a7d96.jpg,450,365,train,train/Apple leaf/stock-photo-green-apple-leaf-clipping-path-258728936.jpg,Apple leaf,450,365,JPEG,b5150a7d96cc7fe88cdba22668a9026c,11837605222312549394,151,1
apple_healthy__b98da111e8,train,apple healthy,0,data/images/train/apple_healthy/apple_healthy__b98da111e8.jpg,450,380,train,train/Apple leaf/stock-photo-apple-leaves-set-isolated-on-white-271652246.jpg,Apple leaf,450,380,JPEG,b98da111e897e97bec2495e61beef27f,3704647857584367894,148,1
apple_healthy__ba67bf8efe,train,apple healthy,0,data/images/train/apple_healthy/apple_healthy__ba67bf8efe.jpg,512,384,train,train/Apple leaf/fruit_apple_apple-tree_wallpaper_EA60026.jpg,Apple leaf,1024,768,JPEG,ba67bf8efedb3ca9ced547fcf27c89e0,11140318594550883185,116,1
apple_healthy__baea7dc2f3,train,apple healthy,0,data/images/train/apple_healthy/apple_healthy__baea7dc2f3.jpg,512,479,train,train/Apple leaf/green-apple-leaf-cut-white-ripe-background-clipping-path-42422046.jpg,Apple leaf,1300,1217,JPEG,baea7dc2f3e63f674dcde8b387f1dbdf,3188404835414642657,120,1
apple_healthy__bb48fe3d75,train,apple healthy,0,data/images/train/apple_healthy/apple_healthy__bb48fe3d75.jpg,465,512,train,train/Apple leaf/yellow-ripe-apple-leaf-27092797.jpg,Apple leaf,1180,1300,JPEG,bb48fe3d754b4021d10d0bf56961c3af,4911804856320527880,163,1
apple_healthy__bceb3a5a1b,train,apple healthy,0,data/images/train/apple_healthy/apple_healthy__bceb3a5a1b.jpg,512,377,train,train/Apple leaf/apple-tree-branch-green-leaves-fresh-isolated-white-background-33032924.jpg,Apple leaf,1300,957,JPEG,bceb3a5a1ba00682e3fae2e094e75c09,16385915977110271969,97,1
apple_healthy__c1819b813e,train,apple healthy,0,data/images/train/apple_healthy/apple_healthy__c1819b813e.jpg,492,512,train,train/Apple leaf/red-apple-green-leaf-isolated-white-background-57496220.jpg,Apple leaf,1249,1300,JPEG,c1819b813e126eaf6bb10580416b135f,5189861026313965128,132,1
apple_healthy__c1dcd41250,train,apple healthy,0,data/images/train/apple_healthy/apple_healthy__c1dcd41250.jpg,512,443,test,test/Apple leaf/apple-leaf-isolated-white-background-56631026.jpg,Apple leaf,800,692,JPEG,c1dcd41250e9d8ec40cec6ca3605234c,5586168945555939097,2304,1
apple_healthy__c3b86503cf,train,apple healthy,0,data/images/train/apple_healthy/apple_healthy__c3b86503cf.jpg,512,384,train,train/Apple leaf/CRABAPPLE_leaves.jpg,Apple leaf,802,602,JPEG,c3b86503cf2c1625d7c978c62c7bdf0b,11613401850341225363,90,1
apple_healthy__caa44d4393,train,apple healthy,0,data/images/train/apple_healthy/apple_healthy__caa44d4393.jpg,450,358,train,train/Apple leaf/stock-photo-apple-leaves-isolated-on-a-white-background-leaf-from-an-apple-tree-cut-from-background-520909219.jpg,Apple leaf,450,358,JPEG,caa44d43933261f18ca2828063c7c07c,218524960909233167,142,1
apple_healthy__d086d3b360,train,apple healthy,0,data/images/train/apple_healthy/apple_healthy__d086d3b360.jpg,340,512,train,train/Apple leaf/apple-tree-branch-blossom-plant-fruit-berry-leaf-flower-food-green-produce-evergreen-flora-sad-shrub-apples-branch-with-apples-flowering-plant-rose-family-acerola-malpighia-woody-plant-land-plant-928225.jpg,Apple leaf,2848,4288,JPEG,d086d3b3600215c056817b824f97b8d2,14832775259130946753,95,1
apple_healthy__d0ac0a385c,train,apple healthy,0,data/images/train/apple_healthy/apple_healthy__d0ac0a385c.jpg,512,341,train,train/Apple leaf/apple-tree-branch-plant-fruit-leaf-flower-food-green-produce-flora-immature-apple-tree-flowering-plant-wild-apple-tree-apple-gear-land-plant-606389.jpg,Apple leaf,4272,2848,JPEG,d0ac0a385c90566fb18107affadb8d67,14721227935543007352,98,1
apple_healthy__d31240b2c1,train,apple healthy,0,data/images/train/apple_healthy/apple_healthy__d31240b2c1.jpg,450,430,train,train/Apple leaf/stock-photo-apple-leaves-isolated-on-white-background-326520134.jpg,Apple leaf,450,430,JPEG,d31240b2c183b5c59398a1203a331402,3680322923890160435,146,1
apple_healthy__d6e4a36d89,train,apple healthy,0,data/images/train/apple_healthy/apple_healthy__d6e4a36d89.jpg,482,512,train,train/Apple leaf/fresh-wet-green-apple-leaf-water-drops-isolated-white-background-31353097.jpg,Apple leaf,1225,1300,JPEG,d6e4a36d89fa7c99fcbcf9abf97fa007,4790738339658894912,115,1
apple_healthy__d79963c897,train,apple healthy,0,data/images/train/apple_healthy/apple_healthy__d79963c897.jpg,512,408,train,train/Apple leaf/malus-floribunda-le-amoro2-a.jpg,Apple leaf,1000,797,JPEG,d79963c897219e9362ea13ceedfae1e9,6939074121971824836,131,1
apple_healthy__de32f6339a,train,apple healthy,0,data/images/train/apple_healthy/apple_healthy__de32f6339a.jpg,450,470,train,train/Apple leaf/stock-photo-fresh-apple-leaf-isolated-on-white-collection-407823346.jpg,Apple leaf,450,470,JPEG,de32f6339ab5d1fedf090c984ac1f68c,4265314881401330971,150,1
apple_healthy__dfad7c906d,train,apple healthy,0,data/images/train/apple_healthy/apple_healthy__dfad7c906d.jpg,480,512,train,train/Apple leaf/stock-photo-red-apple-with-leaves-isolated-on-white-99003845.jpg,Apple leaf,1500,1600,JPEG,dfad7c906dfe56591bff9d31396fd830,14089834841223072911,159,1
apple_healthy__e23e2e3900,train,apple healthy,0,data/images/train/apple_healthy/apple_healthy__e23e2e3900.jpg,450,378,train,train/Apple leaf/stock-photo-apple-leaves-isolated-on-the-white-background-729570907.jpg,Apple leaf,450,378,JPEG,e23e2e3900bf046ce3c0dd2454c92a1d,7076055734541562630,143,1
apple_healthy__e590f5d50b,train,apple healthy,0,data/images/train/apple_healthy/apple_healthy__e590f5d50b.jpg,341,512,train,train/Apple leaf/depositphotos_30057617-Green-leaf-of-apple-tree.jpg,Apple leaf,682,1023,JPEG,e590f5d50b4f892c5b5d6a73fb2c5d08,5086599300466052171,108,1
apple_healthy__e6f2c120f7,train,apple healthy,0,data/images/train/apple_healthy/apple_healthy__e6f2c120f7.jpg,512,341,train,train/Apple leaf/depositphotos_4505396-Green-apple-leaf.jpg,Apple leaf,1023,682,JPEG,e6f2c120f787f5c90ca2105d2ff416e6,9692750276259432396,109,1
apple_healthy__ef86c7ce51,train,apple healthy,0,data/images/train/apple_healthy/apple_healthy__ef86c7ce51.jpg,384,512,train,train/Apple leaf/apple-tree-leaf-curl-apple-tree-leaf-curl-aphids-apple-tree-leaves-curling-too-much-water.jpg,Apple leaf,690,920,JPEG,ef86c7ce5115872a95c899e5e3ba87b3,15916219723626234769,99,1
apple_healthy__ffdc6aaa5d,train,apple healthy,0,data/images/train/apple_healthy/apple_healthy__ffdc6aaa5d.jpg,512,450,train,"train/Apple leaf/flat,1000x1000,075,f.u2.jpg",Apple leaf,1000,878,JPEG,ffdc6aaa5d573b3e7ef742db707f71bf,437699374358136333,114,1
apple_healthy__fffb8ca727,train,apple healthy,0,data/images/train/apple_healthy/apple_healthy__fffb8ca727.jpg,512,427,train,train/Apple leaf/green-apple-leaf-slice-isolated-white-ripe-background-clipping-path-42352971.jpg,Apple leaf,1300,1083,JPEG,fffb8ca727572d974ffae8fd46a8647a,307090303991809777,121,1
apple_rust__000ea33e75,train,apple rust,1,data/images/train/apple_rust/apple_rust__000ea33e75.jpg,350,237,train,train/Apple rust leaf/apple_F14b.jpg,Apple rust leaf,350,237,JPEG,000ea33e755f9699b7f8b29d0d3a8945,16475899301403109544,203,1
apple_rust__01dddd7e7c,train,apple rust,1,data/images/train/apple_rust/apple_rust__01dddd7e7c.jpg,512,305,train,train/Apple rust leaf/apples_rusts+apple-scab.jpg,Apple rust leaf,900,537,JPEG,01dddd7e7ccf3c169ae36b19fa739cb2,2786897335511968867,207,1
apple_rust__07d4a68868,train,apple rust,1,data/images/train/apple_rust/apple_rust__07d4a68868.jpg,512,384,train,train/Apple rust leaf/frog-eye-leaf-spot-on-crabapple-grabowski.jpg,Apple rust leaf,600,450,JPEG,07d4a68868c00b6a0e2709ed1f9c1865,7837552632535640257,233,1
apple_rust__080361dae6,train,apple rust,1,data/images/train/apple_rust/apple_rust__080361dae6.jpg,270,270,train,train/Apple rust leaf/cedar-apple-rust.jpg,Apple rust leaf,270,270,JPEG,080361dae61a4cfc17f23be6d280d722,14016129038413556131,224,1
apple_rust__08e19de46e,train,apple rust,1,data/images/train/apple_rust/apple_rust__08e19de46e.jpg,512,347,train,train/Apple rust leaf/C0258424-Cedar_apple_rust_on_a_leaf-SPL.jpg,Apple rust leaf,800,542,JPEG,08e19de46e57fac4e0cddf8d4c69109b,13898374983538268572,175,1
apple_rust__090900eaff,train,apple rust,1,data/images/train/apple_rust/apple_rust__090900eaff.jpg,512,390,train,train/Apple rust leaf/cedar-apple-rust_fig-2.jpg,Apple rust leaf,1635,1245,JPEG,090900eaff10fd1163aa8c3310266356,8966327993378248498,226,1
apple_rust__0e68726185,train,apple rust,1,data/images/train/apple_rust/apple_rust__0e68726185.jpg,512,384,train,train/Apple rust leaf/Apple_Scab164.jpg,Apple rust leaf,800,600,JPEG,0e687261853a44a4551486f94103651d,15689539381980861075,173,1
apple_rust__0fbe2e6542,train,apple rust,1,data/images/train/apple_rust/apple_rust__0fbe2e6542.jpg,512,384,train,train/Apple rust leaf/LIFH3.jpg,Apple rust leaf,1280,960,JPEG,0fbe2e654238d2ebc2a578a5ea95a6af,7954994332024364249,191,1
apple_rust__1127d0f7bd,train,apple rust,1,data/images/train/apple_rust/apple_rust__1127d0f7bd.jpg,512,288,train,train/Apple rust leaf/20170524_195105-1k1eu8b.jpg,Apple rust leaf,5312,2988,JPEG,1127d0f7bdf082dc7030870442201b35,15042692223689632785,169,1
apple_rust__13cbf6fdad,train,apple rust,1,data/images/train/apple_rust/apple_rust__13cbf6fdad.jpg,512,384,test,test/Apple rust leaf/20130519cedarapplerust.jpg,Apple rust leaf,575,431,JPEG,13cbf6fdadb6467bcae533e98c20a567,508092831489929511,2309,1
apple_rust__1d00e036ad,train,apple rust,1,data/images/train/apple_rust/apple_rust__1d00e036ad.jpg,400,300,train,train/Apple rust leaf/P1020430.jpg,Apple rust leaf,400,300,JPEG,1d00e036ad14c7e15e134a1e350c96e2,17938791096307665908,192,1
apple_rust__25c3e04bc4,train,apple rust,1,data/images/train/apple_rust/apple_rust__25c3e04bc4.jpg,512,403,train,train/Apple rust leaf/rust-0450.jpg,Apple rust leaf,1000,788,JPEG,25c3e04bc49411368b8c72c6e878585b,16210889094163521257,238,1
apple_rust__2820bacabf,train,apple rust,1,data/images/train/apple_rust/apple_rust__2820bacabf.jpg,512,394,train,train/Apple rust leaf/apples_rusts-cedar-apple_01_zoom.jpg,Apple rust leaf,900,692,JPEG,2820bacabfd118be4de6fc3f0e847346,17578573503242377509,209,1
apple_rust__31f8761e63,train,apple rust,1,data/images/train/apple_rust/apple_rust__31f8761e63.jpg,200,150,train,train/Apple rust leaf/Cedar+Apple+rust+on+Crab+apple+leaf.jpg,Apple rust leaf,200,150,JPEG,31f8761e6393d6989ee0449c004184a8,17178458648664891751,180,1
apple_rust__3489ecc762,train,apple rust,1,data/images/train/apple_rust/apple_rust__3489ecc762.jpg,320,213,train,train/Apple rust leaf/Cedar+apple+rust.JPG.jpg,Apple rust leaf,320,213,JPEG,3489ecc7626c2a081269424f08e36f19,9527672956857825844,181,1
apple_rust__38a43572e5,train,apple rust,1,data/images/train/apple_rust/apple_rust__38a43572e5.jpg,512,384,train,train/Apple rust leaf/cedar_apple_rust_leaf.jpg,Apple rust leaf,550,412,JPEG,38a43572e51b9e38223095bb9bf64c3e,7148934663849458749,229,1
apple_rust__406080e460,train,apple rust,1,data/images/train/apple_rust/apple_rust__406080e460.jpg,512,340,train,train/Apple rust leaf/Cedar_apple_rust_on_crab_apple_leaf_upper_surface.JPG.jpg,Apple rust leaf,3008,2000,JPEG,406080e46021058e69a59be98c75a0fa,15666163575366609289,185,1
apple_rust__41aa8180aa,train,apple rust,1,data/images/train/apple_rust/apple_rust__41aa8180aa.jpg,500,405,train,train/Apple rust leaf/Fig-17-Apple-rust-on-lower-surface-on-leaf-at-extreme.jpg,Apple rust leaf,500,405,JPEG,41aa8180aaf849ad958bba3910246a5b,1515781276702578662,188,1
apple_rust__42c39ce36c,train,apple rust,1,data/images/train/apple_rust/apple_rust__42c39ce36c.jpg,384,512,train,train/Apple rust leaf/20130610_110525.jpg,Apple rust leaf,2448,3264,JPEG,42c39ce36c7d49bf903d6b02f3ec3f17,1339581258338470661,167,1
apple_rust__43a235959e,train,apple rust,1,data/images/train/apple_rust/apple_rust__43a235959e.jpg,450,320,train,train/Apple rust leaf/stock-photo-apple-leaf-damaged-by-apple-rust-mite-a-common-arthropod-in-european-apple-orchards-galls-698959369.jpg,Apple rust leaf,450,320,JPEG,43a235959e86fd784de3a5874420c21f,10418616323656295318,239,1
apple_rust__4aae2b5aac,train,apple rust,1,data/images/train/apple_rust/apple_rust__4aae2b5aac.jpg,425,284,test,test/Apple rust leaf/99e886623c2080c22f6519b0e708c531.jpg,Apple rust leaf,425,284,JPEG,4aae2b5aacfe7f96bc8e3642cc8b64b5,1740760471216219493,2314,1
apple_rust__4ba897c2b5,train,apple rust,1,data/images/train/apple_rust/apple_rust__4ba897c2b5.jpg,320,512,train,train/Apple rust leaf/apple-leaf-rust-and-cedar-apple-roestella-pirata-report-of-the-of-picture-id629456105?s=612x612.jpg,Apple rust leaf,382,612,JPEG,4ba897c2b5d9ebb059de5acb35278707,9446106091374456366,200,1
apple_rust__55003868b2,train,apple rust,1,data/images/train/apple_rust/apple_rust__55003868b2.jpg,512,341,train,train/Apple rust leaf/apple-rust-disease_10_845384767.jpg,Apple rust leaf,999,666,JPEG,55003868b226779ad5fb61d8cdd887ff,1815057168943612321,201,1
apple_rust__56146a718a,train,apple rust,1,data/images/train/apple_rust/apple_rust__56146a718a.jpg,335,512,train,train/Apple rust leaf/PLPATH-FRU-02-cedar-apple-rust-figure-1.jpg,Apple rust leaf,698,1066,JPEG,56146a718a84aeb5c703917f1e42f908,6721374077588748892,194,1
apple_rust__57b95f617a,train,apple rust,1,data/images/train/apple_rust/apple_rust__57b95f617a.jpg,512,384,train,train/Apple rust leaf/aecia-on-apple-e1368285975597.jpeg.jpg,Apple rust leaf,850,637,JPEG,57b95f617abd95e8a53a2dfffb0e8f11,13835128924669603288,198,1
apple_rust__57f6df18f9,train,apple rust,1,data/images/train/apple_rust/apple_rust__57f6df18f9.jpg,512,384,train,train/Apple rust leaf/cedar%20apple%20rust%20upper%20leaf%20surface%20S%20ne%20OH%20RA%209-2-16.jpg,Apple rust leaf,2480,1860,JPEG,57f6df18f9fcc8b0b050ec64ec28ea99,11786688186792812191,220,1
apple_rust__608337c3f2,train,apple rust,1,data/images/train/apple_rust/apple_rust__608337c3f2.jpg,512,384,train,train/Apple rust leaf/cedar-apple-rust_fig-1.jpg,Apple rust leaf,3456,2592,JPEG,608337c3f245bffa86a6c4564627e4c7,16367096046893173123,225,1
apple_rust__6520f54d41,train,apple rust,1,data/images/train/apple_rust/apple_rust__6520f54d41.jpg,512,384,train,train/Apple rust leaf/apple_leaf.JPG.jpg,Apple rust leaf,640,480,JPEG,6520f54d41a3289436f4681ccacd097e,16183857461727119849,204,1
apple_rust__680f4d3b70,train,apple rust,1,data/images/train/apple_rust/apple_rust__680f4d3b70.jpg,512,377,train,train/Apple rust leaf/buckinghamshire-speen-garden-cedar-apple-rust-on-apple-underside-of-F5D3RD.jpg,Apple rust leaf,1300,956,JPEG,680f4d3b703c177947c0e683d90ec1e8,8170924939418589491,210,1
apple_rust__6bf0c6ea31,train,apple rust,1,data/images/train/apple_rust/apple_rust__6bf0c6ea31.jpg,512,384,train,train/Apple rust leaf/quince5_600px.jpg,Apple rust leaf,600,450,JPEG,6bf0c6ea31c79c2426fa3dc07cee2ebc,1030371703106480047,237,1
apple_rust__7a24052e58,train,apple rust,1,data/images/train/apple_rust/apple_rust__7a24052e58.jpg,227,270,train,train/Apple rust leaf/pix053.jpg,Apple rust leaf,227,270,JPEG,7a24052e58c53a2838e53f1e94e39cc0,1270007165764019041,236,1
apple_rust__7ce6ca0c8a,train,apple rust,1,data/images/train/apple_rust/apple_rust__7ce6ca0c8a.jpg,512,384,train,train/Apple rust leaf/cedar_apple_rust_on_jonagold_2.jpg,Apple rust leaf,640,480,JPEG,7ce6ca0c8ad53614d93f63b37f197046,16339641575394285612,230,1
apple_rust__845badab35,train,apple rust,1,data/images/train/apple_rust/apple_rust__845badab35.jpg,512,414,train,train/Apple rust leaf/DIsease-Pest-Management.jpg,Apple rust leaf,1485,1200,JPEG,845badab35ddbb48ca978b10595d7ce9,8175131341572297292,187,1
apple_rust__854f017252,train,apple rust,1,data/images/train/apple_rust/apple_rust__854f017252.jpg,384,512,train,train/Apple rust leaf/thumb-20130802_112143.jpg,Apple rust leaf,700,933,JPEG,854f017252760a63bec777396fee1372,17343423797914958848,240,1
apple_rust__862b38f313,train,apple rust,1,data/images/train/apple_rust/apple_rust__862b38f313.jpg,512,328,train,train/Apple rust leaf/C11.11.jpg,Apple rust leaf,750,481,JPEG,862b38f31312468312932197f84256e6,7116114854527022272,176,1
apple_rust__8be56ee7ab,train,apple rust,1,data/images/train/apple_rust/apple_rust__8be56ee7ab.jpg,155,206,test,test/Apple rust leaf/9343310-small.jpg,Apple rust leaf,155,206,JPEG,8be56ee7abd20862cff0219ef006e29c,17958120311014775183,2313,1
apple_rust__8f6ae8b487,train,apple rust,1,data/images/train/apple_rust/apple_rust__8f6ae8b487.jpg,512,384,train,train/Apple rust leaf/CedarApple_Rust168.jpg,Apple rust leaf,800,600,JPEG,8f6ae8b487a5462d81e1035f687b9da4,7950986336653161051,183,1
apple_rust__90fc17c95c,train,apple rust,1,data/images/train/apple_rust/apple_rust__90fc17c95c.jpg,220,300,train,train/Apple rust leaf/cedar_apple_rust_3.JPG?1362772840.jpg,Apple rust leaf,220,300,JPEG,90fc17c95c18cf34c2fe5b4266559012,2442976512022730970,228,1
apple_rust__910ebf19bd,train,apple rust,1,data/images/train/apple_rust/apple_rust__910ebf19bd.jpg,200,162,train,train/Apple rust leaf/Cedar-Apple-Rust-aecia-on-leaf-pic-by-NC-State.jpg,Apple rust leaf,200,162,JPEG,910ebf19bd658ac8dfe60aeadec36dc3,14087625011082545025,182,1
apple_rust__92cce107e3,train,apple rust,1,data/images/train/apple_rust/apple_rust__92cce107e3.jpg,500,375,train,train/Apple rust leaf/Apple_RustSpots2.jpg,Apple rust leaf,500,375,JPEG,92cce107e3c8d69300adf7a50ca17403,7778797494290062143,172,1
apple_rust__97dc60fef1,train,apple rust,1,data/images/train/apple_rust/apple_rust__97dc60fef1.jpg,512,345,train,train/Apple rust leaf/1-Cedar-apple-rust-infections-and-rust-induced-leafspot-on-Ginger-Gold-4-Jun-08-2d4hi2k.jpg,Apple rust leaf,3407,2296,JPEG,97dc60fef1996e1df5265bf2ebbe287f,10451609916434885417,164,1
apple_rust__9f58d218ff,train,apple rust,1,data/images/train/apple_rust/apple_rust__9f58d218ff.jpg,512,288,train,train/Apple rust leaf/DAxpYpoWAAQxi1f.jpg,Apple rust leaf,1200,675,JPEG,9f58d218ff2e8d560e17b60bb682b31f,1600522012505807438,186,1
apple_rust__a4e23eecb2,train,apple rust,1,data/images/train/apple_rust/apple_rust__a4e23eecb2.jpg,512,288,test,test/Apple rust leaf/02.-Rust-2017-207u24s.jpg,Apple rust leaf,5312,2988,JPEG,a4e23eecb265ca664154228a422a6aa5,1665304891181586450,2305,1
apple_rust__a7c4cd5760,train,apple rust,1,data/images/train/apple_rust/apple_rust__a7c4cd5760.jpg,512,384,train,train/Apple rust leaf/P7290482.JPG.jpg,Apple rust leaf,1600,1200,JPEG,a7c4cd576088cd4d49ac5dbea044f47f,16768822746773898757,193,1
apple_rust__a7d6fc7277,train,apple rust,1,data/images/train/apple_rust/apple_rust__a7d6fc7277.jpg,510,512,train,train/Apple rust leaf/apple-rust.jpg,Apple rust leaf,4000,4016,JPEG,a7d6fc72777759b725430c18a866517e,17501722721059887181,202,1
apple_rust__afd4cfbd01,train,apple rust,1,data/images/train/apple_rust/apple_rust__afd4cfbd01.jpg,412,512,train,train/Apple rust leaf/cedar-apple-rust-gymnosporangium-juniperi-pustules-on-apple-leaf-lower-c99tfp.jpg,Apple rust leaf,435,540,JPEG,afd4cfbd016d8104198d7f9ff3a9c24d,11705111398374455306,222,1
apple_rust__b31c876bb6,train,apple rust,1,data/images/train/apple_rust/apple_rust__b31c876bb6.jpg,303,512,train,train/Apple rust leaf/CAR1.jpg,Apple rust leaf,498,841,JPEG,b31c876bb6b8e048542b5c090da46312,5588464991955783564,178,1
apple_rust__b92072d20c,train,apple rust,1,data/images/train/apple_rust/apple_rust__b92072d20c.jpg,225,300,train,train/Apple rust leaf/cedar-apple-rest-225x300.jpg,Apple rust leaf,225,300,JPEG,b92072d20ca31dead87ba80254bc8537,7934021064118450970,221,1
apple_rust__b9b54632b0,train,apple rust,1,data/images/train/apple_rust/apple_rust__b9b54632b0.jpg,512,371,train,train/Apple rust leaf/Figure-1.-Typical-cedar-apple-rust-lesions-on-upper-surface-of-apple-leaf.jpg,Apple rust leaf,550,399,JPEG,b9b54632b01e16b74b9db9faa770b9d4,8138198804855187174,189,1
apple_rust__ba8680d07f,train,apple rust,1,data/images/train/apple_rust/apple_rust__ba8680d07f.jpg,512,384,train,train/Apple rust leaf/nPP7P.jpg,Apple rust leaf,1280,960,JPEG,ba8680d07f5b3aac5d7d201ee2834d81,4319378878732529092,235,1
apple_rust__bac73dc6af,train,apple rust,1,data/images/train/apple_rust/apple_rust__bac73dc6af.jpg,512,416,train,train/Apple rust leaf/CAR%2Bzestar.JPG.jpg,Apple rust leaf,1600,1299,JPEG,bac73dc6afdcbc69913f224ce45f6c8a,9695182107297985698,177,1
apple_rust__c0b120372a,train,apple rust,1,data/images/train/apple_rust/apple_rust__c0b120372a.jpg,432,512,train,train/Apple rust leaf/car-apple9.jpg,Apple rust leaf,1503,1782,JPEG,c0b120372a42840cfcc6602dc2bff7ad,5518927332777994127,213,1
apple_rust__c3f5ba9a6a,train,apple rust,1,data/images/train/apple_rust/apple_rust__c3f5ba9a6a.jpg,424,450,test,test/Apple rust leaf/185161-004-EAF28842.jpg,Apple rust leaf,424,450,JPEG,c3f5ba9a6a66312a53f22cd5bc61b619,14695886631643745935,2307,1
apple_rust__c42b5038a9,train,apple rust,1,data/images/train/apple_rust/apple_rust__c42b5038a9.jpg,512,344,train,train/Apple rust leaf/image1_14.jpeg.jpg,Apple rust leaf,640,430,JPEG,c42b5038a9554a405ffc92aa89a5a8c4,18345086311525133852,234,1
apple_rust__cc7aafded0,train,apple rust,1,data/images/train/apple_rust/apple_rust__cc7aafded0.jpg,512,340,train,train/Apple rust leaf/B2750027-Cedar-apple_rust-SPL.jpg,Apple rust leaf,800,531,JPEG,cc7aafded0c6db060064b102c3d2f1c7,13165000193817453222,174,1
apple_rust__ce5fbbf2f5,train,apple rust,1,data/images/train/apple_rust/apple_rust__ce5fbbf2f5.jpg,424,512,train,train/Apple rust leaf/2-Rust-induced-leaf-scorch-1fpa6c3.jpg,Apple rust leaf,848,1024,JPEG,ce5fbbf2f52c6019ccb49c2fb75d13a2,13128022366060203406,166,1
apple_rust__d0fa6df051,train,apple rust,1,data/images/train/apple_rust/apple_rust__d0fa6df051.jpg,512,341,test,test/Apple rust leaf/4-apple-rust2_19011_matt-bertone.jpg,Apple rust leaf,600,400,JPEG,d0fa6df0518aa7e50e6161b39a5070fe,4723720906920922688,2312,1
apple_rust__d3f150843e,train,apple rust,1,data/images/train/apple_rust/apple_rust__d3f150843e.jpg,384,512,train,train/Apple rust leaf/20130802_111648.jpg,Apple rust leaf,2448,3264,JPEG,d3f150843ed36db2765ef93417bcd904,14394544813852136166,168,2
apple_rust__d4fbbdacb8,train,apple rust,1,data/images/train/apple_rust/apple_rust__d4fbbdacb8.jpg,500,375,test,test/Apple rust leaf/2011-011.jpg,Apple rust leaf,500,375,JPEG,d4fbbdacb89fe15fa1238045038897f2,5245792990238352564,2308,1
apple_rust__d835943171,train,apple rust,1,data/images/train/apple_rust/apple_rust__d835943171.jpg,300,199,train,train/Apple rust leaf/Cedar_apple_rust_on_crab_apple_leaf_showing_underside_cup.jpg,Apple rust leaf,300,199,JPEG,d835943171a4bc98565c63933bbf3cf2,12194123165517967848,184,1
apple_rust__df1ed9255f,train,apple rust,1,data/images/train/apple_rust/apple_rust__df1ed9255f.jpg,512,384,train,train/Apple rust leaf/CAR4.jpg,Apple rust leaf,640,480,JPEG,df1ed9255f24c778486e1aa1a8438699,15058671819129231513,179,1
apple_rust__e3228bfea4,train,apple rust,1,data/images/train/apple_rust/apple_rust__e3228bfea4.jpg,360,360,train,train/Apple rust leaf/cd6bfd6bfbcac781bd496bf13845fb0f.jpg,Apple rust leaf,360,360,JPEG,e3228bfea45a4ab8afa509e5475ca332,17639204983139805517,217,1
apple_rust__e46d49ae32,train,apple rust,1,data/images/train/apple_rust/apple_rust__e46d49ae32.jpg,512,339,train,train/Apple rust leaf/a82e389f8b5da4758a747c32ef8af6f9--rust-apples.jpg,Apple rust leaf,736,488,JPEG,e46d49ae32c702aec448a20ec5c4de0f,15042234791722604761,197,1
apple_rust__e65e39998a,train,apple rust,1,data/images/train/apple_rust/apple_rust__e65e39998a.jpg,512,384,train,train/Apple rust leaf/cedar%20apple%20rust%20lower%20leaf%20haw%20S%202%20ne%20OH%20RA%209-2-16.jpg,Apple rust leaf,2440,1830,JPEG,e65e39998a934646d92607f885807f49,11249031680957500120,219,1
apple_rust__e8a0fa3d98,train,apple rust,1,data/images/train/apple_rust/apple_rust__e8a0fa3d98.jpg,384,512,test,test/Apple rust leaf/20130610_110514.jpg,Apple rust leaf,2448,3264,JPEG,e8a0fa3d986a8779e308a79769e06b0b,5720944682307459504,2310,1
apple_rust__e9018ec666,train,apple rust,1,data/images/train/apple_rust/apple_rust__e9018ec666.jpg,342,512,train,train/Apple rust leaf/car2.jpg,Apple rust leaf,400,599,JPEG,e9018ec666b212a0f7c0ca4c2eb16011,17156628629706008479,216,1
apple_rust__ed11d092cf,train,apple rust,1,data/images/train/apple_rust/apple_rust__ed11d092cf.jpg,512,358,train,train/Apple rust leaf/apples_rusts+frogs-eye.jpg,Apple rust leaf,900,630,JPEG,ed11d092cfa4d42ec3637f3570101464,6492670146961414963,208,1
apple_rust__f1816ac787,train,apple rust,1,data/images/train/apple_rust/apple_rust__f1816ac787.jpg,400,249,train,train/Apple rust leaf/Rust--CA.jpg,Apple rust leaf,400,249,JPEG,f1816ac787b5c4b5fd8465ddac69a004,533507859800134194,196,1
apple_rust__f32e57db84,train,apple rust,1,data/images/train/apple_rust/apple_rust__f32e57db84.jpg,320,320,train,train/Apple rust leaf/car1.jpg,Apple rust leaf,320,320,JPEG,f32e57db84325664b74a15a1daaef03b,11219473138042843425,215,1
apple_rust__f6196f9aae,train,apple rust,1,data/images/train/apple_rust/apple_rust__f6196f9aae.jpg,512,384,test,test/Apple rust leaf/20130802_111632.jpg,Apple rust leaf,3264,2448,JPEG,f6196f9aae222f64d8bbfa4f0d345a51,16714810628209589052,2311,1
apple_rust__f6fa79df6b,train,apple rust,1,data/images/train/apple_rust/apple_rust__f6fa79df6b.jpg,500,383,train,train/Apple rust leaf/applerust-500x383.jpg,Apple rust leaf,500,383,JPEG,f6fa79df6b2d7345aa896ebb3d34b049,4264094978429273129,205,1
apple_rust__f98323d48c,train,apple rust,1,data/images/train/apple_rust/apple_rust__f98323d48c.jpg,400,512,train,train/Apple rust leaf/cedar-apple-rust-gymnosporangium-juniperi-pustules-on-apple-leaf-lower-surface-X12A9H.jpg,Apple rust leaf,1087,1390,JPEG,f98323d48ca0fa1041bab0d175a70d47,11128932120448294950,223,1
apple_scab__00f63c7779,train,apple scab,2,data/images/train/apple_scab/apple_scab__00f63c7779.jpg,342,512,train,train/Apple Scab Leaf/Apple-Scab-Mulrooney.jpg,Apple Scab Leaf,600,898,JPEG,00f63c7779a23bb26e563f6c7e07a02f,2030543407028926841,7,1
apple_scab__027d499268,train,apple scab,2,data/images/train/apple_scab/apple_scab__027d499268.jpg,375,426,train,train/Apple Scab Leaf/inaequalis1a.jpg,Apple Scab Leaf,375,426,JPEG,027d499268b35af0ae76a093db73d3de,10240122809451859433,68,1
apple_scab__0bdaf47b77,train,apple scab,2,data/images/train/apple_scab/apple_scab__0bdaf47b77.jpg,180,269,train,train/Apple Scab Leaf/apple_scab_1465_180.jpg,Apple Scab Leaf,180,269,JPEG,0bdaf47b770ccbc8b3321b5c726005dc,37195503843205199,44,1
apple_scab__0eed28ebda,train,apple scab,2,data/images/train/apple_scab/apple_scab__0eed28ebda.jpg,512,512,train,train/Apple Scab Leaf/IMG_3455-xjgwni-1024x1024.jpg,Apple Scab Leaf,1024,1024,JPEG,0eed28ebda1df6010f6ea994d2671e96,2492775392572409607,24,1
apple_scab__1395248730,train,apple scab,2,data/images/train/apple_scab/apple_scab__1395248730.jpg,512,384,train,train/Apple Scab Leaf/Apple_Scab163.jpg,Apple Scab Leaf,800,600,JPEG,1395248730e424508ba60197df39c9af,17630622358605912725,18,1
apple_scab__1513b876d9,train,apple scab,2,data/images/train/apple_scab/apple_scab__1513b876d9.jpg,200,200,train,train/Apple Scab Leaf/Apple-Scab.jpg,Apple Scab Leaf,200,200,JPEG,1513b876d9abb36a69d0fba65dd8cfd8,16566644177734414453,10,1
apple_scab__1600ba2cd7,train,apple scab,2,data/images/train/apple_scab/apple_scab__1600ba2cd7.jpg,512,384,train,train/Apple Scab Leaf/early_symptoms_of_crabapple_scab_on_prairifire.jpg,Apple Scab Leaf,550,412,JPEG,1600ba2cd73260d2d1485a55e83d6334,15644394431679470263,62,1
apple_scab__19a310f06e,train,apple scab,2,data/images/train/apple_scab/apple_scab__19a310f06e.jpg,225,300,train,train/Apple Scab Leaf/Malus-Scab-disease-225x300.jpg,Apple Scab Leaf,225,300,JPEG,19a310f06e936debce8871ddc8f81a12,5730532794504187876,25,1
apple_scab__19f425b8cd,train,apple scab,2,data/images/train/apple_scab/apple_scab__19f425b8cd.jpg,500,383,train,train/Apple Scab Leaf/applescab-500x383.jpg,Apple Scab Leaf,500,383,JPEG,19f425b8cd156dacb147189155eac24c,4353975716826459198,49,1
apple_scab__1acf4818d7,train,apple scab,2,data/images/train/apple_scab/apple_scab__1acf4818d7.jpg,512,221,train,train/Apple Scab Leaf/apple-scab-disease-tree-fungus-906x391.jpg,Apple Scab Leaf,906,391,JPEG,1acf4818d72ff83178934b2cbd31afb2,7829959437356983606,29,1
apple_scab__1e88a33934,train,apple scab,2,data/images/train/apple_scab/apple_scab__1e88a33934.jpg,225,154,train,train/Apple Scab Leaf/12-20_apple_scab1.jpg,Apple Scab Leaf,225,154,JPEG,1e88a339345416070a8c786f0257af3b,12912937190109439845,2,1
apple_scab__227a473442,train,apple scab,2,data/images/train/apple_scab/apple_scab__227a473442.jpg,512,355,train,train/Apple Scab Leaf/scab-on-tall-spindle-apple-tree-d3phw6.jpg,Apple Scab Leaf,640,444,JPEG,227a473442df5a93fe5c888f95c69410,6582037919539584670,75,1
apple_scab__26978f2ccd,train,apple scab,2,data/images/train/apple_scab/apple_scab__26978f2ccd.jpg,512,384,train,train/Apple Scab Leaf/apple-scab_figure-2.jpg,Apple Scab Leaf,1500,1125,JPEG,26978f2ccd088016f82a3dd2836ade5b,2321099849833153999,40,1
apple_scab__2cfa107fd3,train,apple scab,2,data/images/train/apple_scab/apple_scab__2cfa107fd3.jpg,480,310,train,train/Apple Scab Leaf/AppleScab03.jpg,Apple Scab Leaf,480,310,JPEG,2cfa107fd3093e64095b64a8eb5b7f0e,5556757014684890605,16,1
apple_scab__2dbda2a9ae,train,apple scab,2,data/images/train/apple_scab/apple_scab__2dbda2a9ae.jpg,512,384,train,train/Apple Scab Leaf/applescab004.jpg,Apple Scab Leaf,1024,768,JPEG,2dbda2a9aec6a23736ff965a47caa7a6,2114805171244803218,50,1
apple_scab__2dcae9d07f,train,apple scab,2,data/images/train/apple_scab/apple_scab__2dcae9d07f.jpg,480,320,train,train/Apple Scab Leaf/AppleScab14.jpg,Apple Scab Leaf,480,320,JPEG,2dcae9d07fb50df4fbc49f47afc96fe3,16448577063995248900,17,1
apple_scab__3078267e98,train,apple scab,2,data/images/train/apple_scab/apple_scab__3078267e98.jpg,300,360,train,train/Apple Scab Leaf/apple_scab.jpg,Apple Scab Leaf,300,360,JPEG,3078267e98bbe0dd98fa93c7a488ede9,1804834159761245702,41,1
apple_scab__349b86f7ca,train,apple scab,2,data/images/train/apple_scab/apple_scab__349b86f7ca.jpg,500,375,test,test/Apple Scab Leaf/28-500x375.jpg,Apple Scab Leaf,500,375,JPEG,349b86f7ca41bd2d959093505aab147d,17324791428968302320,2288,1
apple_scab__3946fc0753,train,apple scab,2,data/images/train/apple_scab/apple_scab__3946fc0753.jpg,512,335,train,train/Apple Scab Leaf/scab-apple-leaf.jpg,Apple Scab Leaf,520,340,JPEG,3946fc07539c25186f97ab991c53e689,12799693182377563292,71,1
apple_scab__3d9a694b16,train,apple scab,2,data/images/train/apple_scab/apple_scab__3d9a694b16.jpg,512,384,train,train/Apple Scab Leaf/branch-with-ill-leaf-of-apple-scab-disease-picture-id928917010?k=6&m=928917010&s=612x612&w=0&h=UY6EBbnGkTzVcp4Tm8myYO7KoIOtrZo3VRDrd91qslo=.jpg,Apple Scab Leaf,612,459,JPEG,3d9a694b164711c166a677cd5255d3b4,5333355851133904557,58,1
apple_scab__416655bd85,train,apple scab,2,data/images/train/apple_scab/apple_scab__416655bd85.jpg,460,373,test,test/Apple Scab Leaf/apple-scab-5366820.jpg,Apple Scab Leaf,460,373,JPEG,416655bd85138911b5ea221adf58877a,11682356185865790116,2292,1
apple_scab__42a7d301d4,train,apple scab,2,data/images/train/apple_scab/apple_scab__42a7d301d4.jpg,512,394,train,train/Apple Scab Leaf/apples_apple-scab_02_zoom.jpg,Apple Scab Leaf,900,692,JPEG,42a7d301d4e8ff2d5a7eb9a2e0a1aa89,10430788064949498526,47,1
apple_scab__42be396a1e,train,apple scab,2,data/images/train/apple_scab/apple_scab__42be396a1e.jpg,512,384,train,train/Apple Scab Leaf/crabapple%20scab%20Snowdrift%201%20Crab%206-24-16.JPG.jpg,Apple Scab Leaf,1600,1200,JPEG,42be396a1e3112a528f2ec671dd8b062,1067019632058635164,59,1
apple_scab__430b412c98,train,apple scab,2,data/images/train/apple_scab/apple_scab__430b412c98.jpg,384,512,train,train/Apple Scab Leaf/img_1920.jpg,Apple Scab Leaf,3888,5184,JPEG,430b412c98efe18342caf1d7acd23aae,8749232690372594896,66,1
apple_scab__47964a06d9,train,apple scab,2,data/images/train/apple_scab/apple_scab__47964a06d9.jpg,252,258,train,train/Apple Scab Leaf/apple_scab2.jpg,Apple Scab Leaf,252,258,JPEG,47964a06d9293b188391ad4ea658861d,14300284354598161955,43,1
apple_scab__4813d6c6bb,train,apple scab,2,data/images/train/apple_scab/apple_scab__4813d6c6bb.jpg,300,253,train,train/Apple Scab Leaf/s-l300.jpg,Apple Scab Leaf,300,253,JPEG,4813d6c6bb0bb8f6e43b1021facb12ef,1596322829577171814,70,1
apple_scab__4bca43d5af,train,apple scab,2,data/images/train/apple_scab/apple_scab__4bca43d5af.jpg,512,493,train,train/Apple Scab Leaf/apple-scab-venturia-inaequalis-germinated-from-a-spore-shower-on-an-aw08hw.jpg,Apple Scab Leaf,561,540,JPEG,4bca43d5afbf6d63113724bbae5ddf2e,198678250278355022,37,1
apple_scab__4be98fe5d4,train,apple scab,2,data/images/train/apple_scab/apple_scab__4be98fe5d4.jpg,512,384,train,train/Apple Scab Leaf/Apple-Scab-image-02.jpg,Apple Scab Leaf,800,600,JPEG,4be98fe5d4cda8c888aad16bf3767fd7,15434736645067437276,9,1
apple_scab__52062702fa,train,apple scab,2,data/images/train/apple_scab/apple_scab__52062702fa.jpg,496,348,test,test/Apple Scab Leaf/052609%20Hartman%20Crabapple%20scab%20single%20leaf.JPG.jpg,Apple Scab Leaf,496,348,JPEG,52062702faff817b2fb487f6d6aa77d4,9480936020383901198,2286,1
apple_scab__63f5f98428,train,apple scab,2,data/images/train/apple_scab/apple_scab__63f5f98428.jpg,512,378,train,train/Apple Scab Leaf/scab-venturia-inaequalis-development-of-disease-on-the-stem-upper-B359MJ.jpg,Apple Scab Leaf,1300,960,JPEG,63f5f98428313de43944f6d2e81f4d77,14764083392458379846,76,1
apple_scab__66f3a1e0d2,train,apple scab,2,data/images/train/apple_scab/apple_scab__66f3a1e0d2.jpg,512,500,train,train/Apple Scab Leaf/early-symptoms-of-scab-venturia-inaequalis-on-apple-leaves-AW051N.jpg,Apple Scab Leaf,1300,1270,JPEG,66f3a1e0d23eba69c449acc7545030d4,2383587435391585539,61,1
apple_scab__67a845b2ec,train,apple scab,2,data/images/train/apple_scab/apple_scab__67a845b2ec.jpg,512,384,train,train/Apple Scab Leaf/DSCF1248-1gz1wpc.jpg,Apple Scab Leaf,3296,2472,JPEG,67a845b2ec9c6b8319c8bb4ae264b833,8131769027788331216,22,1
apple_scab__67c9e3e6da,train,apple scab,2,data/images/train/apple_scab/apple_scab__67c9e3e6da.jpg,512,343,train,train/Apple Scab Leaf/applescableaf.jpg,Apple Scab Leaf,1450,970,JPEG,67c9e3e6da903e3959c5b17b3a53c7e0,16127355497080807920,54,1
apple_scab__70f455d937,train,apple scab,2,data/images/train/apple_scab/apple_scab__70f455d937.jpg,512,409,train,train/Apple Scab Leaf/Apple%20scab%20-%20early%20infection%20on%20leaves.JPG.jpg,Apple Scab Leaf,1712,1368,JPEG,70f455d93700b822c0ea74aa3b4d7943,15748143297664194701,5,1
apple_scab__718bad330e,train,apple scab,2,data/images/train/apple_scab/apple_scab__718bad330e.jpg,500,333,train,train/Apple Scab Leaf/500_F_125294801_k0A2teQwKxZfTV1pcaerZFf9Th04F04q.jpg,Apple Scab Leaf,500,333,JPEG,718bad330e794e94b7754e66ebe26192,12505061242788673596,3,1
apple_scab__74b600b4b4,train,apple scab,2,data/images/train/apple_scab/apple_scab__74b600b4b4.jpg,239,398,test,test/Apple Scab Leaf/apple%20scab%20leaf.jpg,Apple Scab Leaf,239,398,JPEG,74b600b4b45465f360d7f09f7cd3777b,8784489519197644883,2290,1
apple_scab__79b50004cf,train,apple scab,2,data/images/train/apple_scab/apple_scab__79b50004cf.jpg,438,512,train,train/Apple Scab Leaf/apple-scab-venturia-inaequalis-early-leaf-infection-and-mycelium-AW0TTX.jpg,Apple Scab Leaf,1188,1390,JPEG,79b50004cff380adf140766ba0cf21a1,7721057195841008676,33,1
apple_scab__7be34abbe0,train,apple scab,2,data/images/train/apple_scab/apple_scab__7be34abbe0.jpg,269,202,train,train/Apple Scab Leaf/applescab_lf.jpg,Apple Scab Leaf,269,202,JPEG,7be34abbe0f34394e34d357a32e49cbd,11318446600889146780,52,1
apple_scab__7cf7f330c2,train,apple scab,2,data/images/train/apple_scab/apple_scab__7cf7f330c2.jpg,512,384,train,train/Apple Scab Leaf/Apple-Scab-image-01.jpg,Apple Scab Leaf,800,600,JPEG,7cf7f330c2166e0125f0b30224b2448a,7360749530057454321,8,1
apple_scab__860b23f014,train,apple scab,2,data/images/train/apple_scab/apple_scab__860b23f014.jpg,330,275,test,test/Apple Scab Leaf/816.jpg,Apple Scab Leaf,330,275,JPEG,860b23f0147beb1f141eaccb036f6705,10706770690045031606,2289,1
apple_scab__870d01b5a3,train,apple scab,2,data/images/train/apple_scab/apple_scab__870d01b5a3.jpg,512,343,test,test/Apple Scab Leaf/1b321015-6e33-4f18-aade-888f4383fe92.jpeg.jpg,Apple Scab Leaf,768,514,JPEG,870d01b5a3d721728c071404c8a6132a,17939745860076080242,2287,1
apple_scab__8d92ef0389,train,apple scab,2,data/images/train/apple_scab/apple_scab__8d92ef0389.jpg,300,259,train,train/Apple Scab Leaf/scab-on-foliage-300x259.jpg,Apple Scab Leaf,300,259,JPEG,8d92ef0389e106544c0ac76f1f6c3b96,8709073362868597093,74,1
apple_scab__96a77f5e5a,train,apple scab,2,data/images/train/apple_scab/apple_scab__96a77f5e5a.jpg,512,512,train,train/Apple Scab Leaf/IMG_3166_1500x1500%253E.JPG?1473520197.jpg,Apple Scab Leaf,1500,1500,JPEG,96a77f5e5a8cf2a3f49a0a3c5bfc6452,10257917729889151322,23,1
apple_scab__973b430fef,train,apple scab,2,data/images/train/apple_scab/apple_scab__973b430fef.jpg,512,337,train,train/Apple Scab Leaf/appletree%20leaf.jpg,Apple Scab Leaf,800,526,JPEG,973b430fefef4fb9b932e95bf81da93b,9891740975840309360,56,1
apple_scab__9c12417f0f,train,apple scab,2,data/images/train/apple_scab/apple_scab__9c12417f0f.jpg,512,510,train,train/Apple Scab Leaf/apple-scab-venturia-inaequalis-germinated-from-a-spore-shower-on-an-apple-leaf-X31BGG.jpg,Apple Scab Leaf,1300,1294,JPEG,9c12417f0f8ac3c04abe583aef351ae7,9330584267881906251,36,1
apple_scab__a268f6c939,train,apple scab,2,data/images/train/apple_scab/apple_scab__a268f6c939.jpg,512,384,test,test/Apple Scab Leaf/apples_apple-scab_10_zoom.jpg,Apple Scab Leaf,900,675,JPEG,a268f6c93910b0e5191795b461f8415e,11212028139403976654,2295,1
apple_scab__a529414cae,train,apple scab,2,data/images/train/apple_scab/apple_scab__a529414cae.jpg,512,357,train,train/Apple Scab Leaf/apples-severely-affected-by-apple-scab-venturia-inaequalis-dgk11a.jpg,Apple Scab Leaf,640,446,JPEG,a529414cae31a29b12b1e1dafdda5192,6008193196865689754,46,1
apple_scab__a59caf532b,train,apple scab,2,data/images/train/apple_scab/apple_scab__a59caf532b.jpg,512,450,train,train/Apple Scab Leaf/apple-scab-venturia-inaequalis-early-leaf-infection-and-mycelium-bxbd23.jpg,Apple Scab Leaf,615,540,JPEG,a59caf532bf0f86570cadadf0dc34681,10413207736426573940,35,1
apple_scab__aad3afca4c,train,apple scab,2,data/images/train/apple_scab/apple_scab__aad3afca4c.jpg,512,384,train,train/Apple Scab Leaf/apple%20scab%20MF821.JPG.jpg,Apple Scab Leaf,2592,1944,JPEG,aad3afca4c958f8deda0521a97bc7161,14459889590695402636,28,1
apple_scab__ad7937b419,train,apple scab,2,data/images/train/apple_scab/apple_scab__ad7937b419.jpg,382,426,train,train/Apple Scab Leaf/inaequalis1b.jpg,Apple Scab Leaf,382,426,JPEG,ad7937b4191ad00ccc24be361d7643db,3691108232079122850,69,1
apple_scab__aecdb4aa4a,train,apple scab,2,data/images/train/apple_scab/apple_scab__aecdb4aa4a.jpg,460,321,train,train/Apple Scab Leaf/schurft.jpg,Apple Scab Leaf,460,321,JPEG,aecdb4aa4a9385d28bf9cdd38bb83676,11976803740916738934,79,1
apple_scab__b05e2420a1,train,apple scab,2,data/images/train/apple_scab/apple_scab__b05e2420a1.jpg,500,325,train,train/Apple Scab Leaf/applescab.jpg,Apple Scab Leaf,500,325,JPEG,b05e2420a15e301ef556bb357faacce7,13374123326038788809,11,2
apple_scab__b13a7739c0,train,apple scab,2,data/images/train/apple_scab/apple_scab__b13a7739c0.jpg,512,384,train,train/Apple Scab Leaf/Apple-scab-on-crab-apple.jpg,Apple Scab Leaf,4000,3000,JPEG,b13a7739c021dc9afd9d475ed6fdc5f4,3877869446740336431,13,1
apple_scab__b3eafc2351,train,apple scab,2,data/images/train/apple_scab/apple_scab__b3eafc2351.jpg,512,384,train,train/Apple Scab Leaf/applescabmalus1.jpg,Apple Scab Leaf,600,450,JPEG,b3eafc2351c724c24271ce3959c1e713,1243355318204171035,55,1
apple_scab__b67d2a218d,train,apple scab,2,data/images/train/apple_scab/apple_scab__b67d2a218d.jpg,512,342,train,train/Apple Scab Leaf/Apple%20scab%20-%20late%20season%20infection%20on%20petiole%20and%20leaf%20underside.JPG.jpg,Apple Scab Leaf,745,497,JPEG,b67d2a218d4991c67b16fbbcc8695e79,2221383142346529117,6,1
apple_scab__b7cc40c45d,train,apple scab,2,data/images/train/apple_scab/apple_scab__b7cc40c45d.jpg,329,220,train,train/Apple Scab Leaf/image005.jpg,Apple Scab Leaf,329,220,JPEG,b7cc40c45d4eeb2bf2c3b30853017cb2,14757337652476386201,64,1
apple_scab__bb150cc510,train,apple scab,2,data/images/train/apple_scab/apple_scab__bb150cc510.jpg,275,150,train,train/Apple Scab Leaf/appscab.jpg,Apple Scab Leaf,275,150,JPEG,bb150cc5107b831cae973084287b49f0,15233955436354625038,57,1
apple_scab__bd5de84db2,train,apple scab,2,data/images/train/apple_scab/apple_scab__bd5de84db2.jpg,400,300,train,train/Apple Scab Leaf/applescab2.jpg,Apple Scab Leaf,400,300,JPEG,bd5de84db2dd104cb56340af33e9805c,14462385169850345411,51,1
apple_scab__bde6d8e23b,train,apple scab,2,data/images/train/apple_scab/apple_scab__bde6d8e23b.jpg,400,265,train,train/Apple Scab Leaf/DSC00005.JPG.jpg,Apple Scab Leaf,400,265,JPEG,bde6d8e23b979f2be0258aa23470ffe2,4115690907250063679,21,1
apple_scab__c0036c19c2,train,apple scab,2,data/images/train/apple_scab/apple_scab__c0036c19c2.jpg,512,474,train,train/Apple Scab Leaf/seriously-unwell-apple-tree-fruit-brown-and-split-yellow-spots-on-leaves-scab-P67H27.jpg,Apple Scab Leaf,1300,1203,JPEG,c0036c19c252529b604221ad4cc5ebf7,6492068636217716743,80,1
apple_scab__c373f290ec,train,apple scab,2,data/images/train/apple_scab/apple_scab__c373f290ec.jpg,115,85,test,test/Apple Scab Leaf/apples_apple-scab_02_thm.jpg,Apple Scab Leaf,115,85,JPEG,c373f290ec908d44b481c0382a62b8e9,7816263486075755729,2294,1
apple_scab__c87ee653a3,train,apple scab,2,data/images/train/apple_scab/apple_scab__c87ee653a3.jpg,384,512,train,train/Apple Scab Leaf/6A642AA3-1DB1-4413-B0B6-7FBB68A5904A_original.jpeg?1528657579.jpg,Apple Scab Leaf,3024,4032,JPEG,c87ee653a38d368d228fd15058461d83,8300509932651483700,4,1
apple_scab__d4f4a2a52a,train,apple scab,2,data/images/train/apple_scab/apple_scab__d4f4a2a52a.jpg,240,160,train,train/Apple Scab Leaf/scab-disease-apple-leaf-macro-62212448.jpg,Apple Scab Leaf,240,160,JPEG,d4f4a2a52a97b0d6f39f50664513a815,4485502977268759774,72,1
apple_scab__d602a5f852,train,apple scab,2,data/images/train/apple_scab/apple_scab__d602a5f852.jpg,512,384,train,train/Apple Scab Leaf/img_1916.jpg,Apple Scab Leaf,5184,3888,JPEG,d602a5f852b8ec88b8223911439bc15e,2758048563407029773,65,1
apple_scab__d74e8b5234,train,apple scab,2,data/images/train/apple_scab/apple_scab__d74e8b5234.jpg,442,512,train,train/Apple Scab Leaf/apple-scab-obst-krankheit-m7akxy.jpg,Apple Scab Leaf,1200,1390,JPEG,d74e8b523459fb5ff388e0044b56fdbd,8780417108045350471,32,1
apple_scab__d97f3a7ba4,train,apple scab,2,data/images/train/apple_scab/apple_scab__d97f3a7ba4.jpg,512,394,test,test/Apple Scab Leaf/apples_apple-scab_01_zoom.jpg,Apple Scab Leaf,900,692,JPEG,d97f3a7ba4e995136caf6b94ce2d14f5,9875609084324728522,2293,1
apple_scab__dd2e35a45f,train,apple scab,2,data/images/train/apple_scab/apple_scab__dd2e35a45f.jpg,454,306,train,train/Apple Scab Leaf/applescableaf-pcd.jpg,Apple Scab Leaf,454,306,JPEG,dd2e35a45fc712b7285e15f41952b8b5,17560040476642955332,53,1
apple_scab__e79abcb012,train,apple scab,2,data/images/train/apple_scab/apple_scab__e79abcb012.jpg,512,180,train,train/Apple Scab Leaf/AppleScab02.jpg,Apple Scab Leaf,904,318,JPEG,e79abcb01204058d0681c9b10bfc70e9,17574149431451438798,15,1
apple_scab__e7be10cbb0,train,apple scab,2,data/images/train/apple_scab/apple_scab__e7be10cbb0.jpg,512,331,train,train/Apple Scab Leaf/01Apple-scab-2-Venturia-inaequalis.ashx?w=600&h=408&bc=ffffff.jpg,Apple Scab Leaf,549,355,JPEG,e7be10cbb01dbd9ef8a079c859691147,2995819580303487537,0,1
apple_scab__e83fa77722,train,apple scab,2,data/images/train/apple_scab/apple_scab__e83fa77722.jpg,512,343,train,train/Apple Scab Leaf/image0002.jpg,Apple Scab Leaf,3872,2592,JPEG,e83fa77722087b71b294ce33deacabde,14368637627728077605,63,1
apple_scab__e92898c4b0,train,apple scab,2,data/images/train/apple_scab/apple_scab__e92898c4b0.jpg,275,193,train,train/Apple Scab Leaf/apple_scab1.jpg,Apple Scab Leaf,275,193,JPEG,e92898c4b08b4b6223e11b8b42d2ce89,7225563630181217529,42,1
apple_scab__f339688faf,train,apple scab,2,data/images/train/apple_scab/apple_scab__f339688faf.jpg,512,344,train,train/Apple Scab Leaf/venturia.jpg,Apple Scab Leaf,640,430,JPEG,f339688fafe70b3ebbf9bdb721c6cb73,17409962047431914806,81,1
apple_scab__f57ed8eb27,train,apple scab,2,data/images/train/apple_scab/apple_scab__f57ed8eb27.jpg,512,461,train,train/Apple Scab Leaf/Apple_scab_symptoms_on_leaf.jpg,Apple Scab Leaf,800,720,JPEG,f57ed8eb2788f5300ba14595efdc3869,7400040054075796668,20,1
apple_scab__fa01cfaaf7,train,apple scab,2,data/images/train/apple_scab/apple_scab__fa01cfaaf7.jpg,378,288,train,train/Apple Scab Leaf/apple_scab_early_jc_sm.jpg,Apple Scab Leaf,378,288,JPEG,fa01cfaaf73c336a4936935771eb7767,3003956698553547816,45,1
apple_scab__ff1e575e73,train,apple scab,2,data/images/train/apple_scab/apple_scab__ff1e575e73.jpg,504,330,train,train/Apple Scab Leaf/acfsca026527.jpg,Apple Scab Leaf,504,330,JPEG,ff1e575e73a82fa5d1dbca7c2a1ce110,15186643876896612755,27,1
bell_pepper_healthy__0678449193,train,bell pepper healthy,3,data/images/train/bell_pepper_healthy/bell_pepper_healthy__0678449193.jpg,512,372,test,test/Bell_pepper leaf/10148582-green-leaf-of-pepper.jpg,Bell_pepper leaf,800,582,JPEG,0678449193291217efe027bd282caf6c,542992937633848730,2315,1
bell_pepper_healthy__080dfa008c,train,bell pepper healthy,3,data/images/train/bell_pepper_healthy/bell_pepper_healthy__080dfa008c.jpg,512,342,train,train/Bell_pepper leaf/shutterstock_443115826.jpg,Bell_pepper leaf,1000,667,JPEG,080dfa008ce11d88b2f7f942893fb885,12505164109725595856,284,1
bell_pepper_healthy__0cc4f2641a,train,bell pepper healthy,3,data/images/train/bell_pepper_healthy/bell_pepper_healthy__0cc4f2641a.jpg,512,384,train,train/Bell_pepper leaf/seeding-peppers-a-1024x768.jpg,Bell_pepper leaf,1024,768,JPEG,0cc4f2641a563eadd804ca009bb6c1aa,6311416250209018735,283,1
bell_pepper_healthy__0fb348ce40,train,bell pepper healthy,3,data/images/train/bell_pepper_healthy/bell_pepper_healthy__0fb348ce40.jpg,512,384,train,train/Bell_pepper leaf/IMG_1495.JPG.jpg,Bell_pepper leaf,1600,1200,JPEG,0fb348ce402556670a202def9ee00193,15608558082285867920,258,1
bell_pepper_healthy__1548cbe069,train,bell pepper healthy,3,data/images/train/bell_pepper_healthy/bell_pepper_healthy__1548cbe069.jpg,300,400,test,test/Bell_pepper leaf/pepper_leaf.jpg,Bell_pepper leaf,300,400,JPEG,1548cbe069caec9420f8669fd8bc4eb1,10822414218545896347,2321,1
bell_pepper_healthy__213b21f49e,train,bell pepper healthy,3,data/images/train/bell_pepper_healthy/bell_pepper_healthy__213b21f49e.jpg,512,378,train,train/Bell_pepper leaf/green-pepper-leaf-parks-3302644.jpg,Bell_pepper leaf,1300,960,JPEG,213b21f49e37a6e0d737839fc19d1073,12583888013526453963,273,1
bell_pepper_healthy__22d98d4c68,train,bell pepper healthy,3,data/images/train/bell_pepper_healthy/bell_pepper_healthy__22d98d4c68.jpg,512,384,train,train/Bell_pepper leaf/white-pepper-plant-white-pepper-plant-piper-black-pepper-white-bell-pepper-plants-for-sale-pepper-plant-has-white-leaves.jpg,Bell_pepper leaf,700,525,JPEG,22d98d4c6815ab2ba84bf513a2f97ec3,1599178426563413703,291,1
bell_pepper_healthy__27c2fccdd6,train,bell pepper healthy,3,data/images/train/bell_pepper_healthy/bell_pepper_healthy__27c2fccdd6.jpg,384,512,train,train/Bell_pepper leaf/387502.jpg,Bell_pepper leaf,600,800,JPEG,27c2fccdd65b4fecb8d308a4e5f65963,7762910875652869662,248,1
bell_pepper_healthy__28a90ff1f9,train,bell pepper healthy,3,data/images/train/bell_pepper_healthy/bell_pepper_healthy__28a90ff1f9.jpg,512,384,train,train/Bell_pepper leaf/yellow-leaves-on-pepper-plant-green-bell-plant-yellow-leaf-yellow-curling-leaves-on-pepper-plants.jpg,Bell_pepper leaf,800,600,JPEG,28a90ff1f98c8efa9fb24204724b4738,13030524414316603034,293,1
bell_pepper_healthy__2bf6253de9,train,bell pepper healthy,3,data/images/train/bell_pepper_healthy/bell_pepper_healthy__2bf6253de9.jpg,512,366,train,train/Bell_pepper leaf/green-pepper-leaves-11364990.jpg,Bell_pepper leaf,800,572,JPEG,2bf6253de93088742c5a46f4afc11e95,14726936587403369908,274,1
bell_pepper_healthy__2daa1d2f76,train,bell pepper healthy,3,data/images/train/bell_pepper_healthy/bell_pepper_healthy__2daa1d2f76.jpg,512,384,train,train/Bell_pepper leaf/leaves.jpg,Bell_pepper leaf,1024,768,JPEG,2daa1d2f767b19ab718c83273e119606,3185989802847184358,277,1
bell_pepper_healthy__42cf3ec513,train,bell pepper healthy,3,data/images/train/bell_pepper_healthy/bell_pepper_healthy__42cf3ec513.jpg,384,512,train,train/Bell_pepper leaf/IMG_3891.JPG?1492073147.jpg,Bell_pepper leaf,480,640,JPEG,42cf3ec513d913aa354a9655689921f2,4425530576387983041,260,1
bell_pepper_healthy__4ded161766,train,bell pepper healthy,3,data/images/train/bell_pepper_healthy/bell_pepper_healthy__4ded161766.jpg,512,342,train,train/Bell_pepper leaf/pepper-plant-leaves-green-bell-pepper-seedlings-growing-in-dark-brown-soil-in-the-sunshine-with-a-white-my-pepper-plant-leaves-are-being-eaten.jpg,Bell_pepper leaf,680,454,JPEG,4ded1617663eb71d60f497b1ff9119bb,16322852693193972294,281,1
bell_pepper_healthy__5340418eea,train,bell pepper healthy,3,data/images/train/bell_pepper_healthy/bell_pepper_healthy__5340418eea.jpg,512,384,train,train/Bell_pepper leaf/virus1_600px.jpg,Bell_pepper leaf,600,450,JPEG,5340418eea6833e17529cfb41a6a2c0a,15308474935389572229,290,1
bell_pepper_healthy__57f014e73c,train,bell pepper healthy,3,data/images/train/bell_pepper_healthy/bell_pepper_healthy__57f014e73c.jpg,512,430,train,train/Bell_pepper leaf/pepper+leaves.JPG.jpg,Bell_pepper leaf,1057,888,JPEG,57f014e73c947ec72c7078e799cf0ba7,11730719141966945482,280,1
bell_pepper_healthy__5c7cbad94e,train,bell pepper healthy,3,data/images/train/bell_pepper_healthy/bell_pepper_healthy__5c7cbad94e.jpg,288,512,train,train/Bell_pepper leaf/zT5la.jpg,Bell_pepper leaf,581,1032,JPEG,5c7cbad94e1f15afbae8036777feb553,3689320889907778514,294,1
bell_pepper_healthy__6aad892c7c,train,bell pepper healthy,3,data/images/train/bell_pepper_healthy/bell_pepper_healthy__6aad892c7c.jpg,512,288,train,train/Bell_pepper leaf/bell%20pepper%20rain%20590x330.jpg,Bell_pepper leaf,590,332,JPEG,6aad892c7c451596ebd761cd45142bf4,16420463081232844524,267,1
bell_pepper_healthy__6f9bf2a214,train,bell pepper healthy,3,data/images/train/bell_pepper_healthy/bell_pepper_healthy__6f9bf2a214.jpg,384,512,train,train/Bell_pepper leaf/CMZEb.jpg,Bell_pepper leaf,2371,3162,JPEG,6f9bf2a214fe574df93f20b11cf21fac,13172872001193005006,253,1
bell_pepper_healthy__6fc319dbb7,train,bell pepper healthy,3,data/images/train/bell_pepper_healthy/bell_pepper_healthy__6fc319dbb7.jpg,384,512,test,test/Bell_pepper leaf/IMG_1629.JPG?1507122477.jpg,Bell_pepper leaf,600,800,JPEG,6fc319dbb7d5e1883380d1952d6fff0b,2310921977276341894,2318,1
bell_pepper_healthy__73848db4ff,train,bell pepper healthy,3,data/images/train/bell_pepper_healthy/bell_pepper_healthy__73848db4ff.jpg,512,384,train,train/Bell_pepper leaf/DSCN3768.JPG.jpg,Bell_pepper leaf,1600,1200,JPEG,73848db4ff76b8cac0b5a70515829f7e,14958660435562506923,256,1
bell_pepper_healthy__73e40ce801,train,bell pepper healthy,3,data/images/train/bell_pepper_healthy/bell_pepper_healthy__73e40ce801.jpg,498,374,train,train/Bell_pepper leaf/Bell-pepper-leaves.jpg,Bell_pepper leaf,498,374,JPEG,73e40ce80154ae786c665685e8df6bce,16198390261601135089,251,1
bell_pepper_healthy__76272c9103,train,bell pepper healthy,3,data/images/train/bell_pepper_healthy/bell_pepper_healthy__76272c9103.jpg,512,384,test,test/Bell_pepper leaf/GREEN%20BELL%20PLANT%20YELLOW%20LEAF.JPG.jpg,Bell_pepper leaf,800,600,JPEG,76272c91033a4a02ae4fb9a5a4dde52a,10993692894211158688,2317,1
bell_pepper_healthy__7f5757d67e,train,bell pepper healthy,3,data/images/train/bell_pepper_healthy/bell_pepper_healthy__7f5757d67e.jpg,500,281,train,train/Bell_pepper leaf/file.php?id=18598&t=1.jpg,Bell_pepper leaf,500,281,JPEG,7f5757d67e807cd0feed897dc98b480c,5203962577165896523,271,1
bell_pepper_healthy__811592c471,train,bell pepper healthy,3,data/images/train/bell_pepper_healthy/bell_pepper_healthy__811592c471.jpg,287,512,test,test/Bell_pepper leaf/why-are-my-pepper-plants-yellow-yellow-pepper-plants-yellow-leaves-green-veins-pepper-plants-yellow-veins.jpg,Bell_pepper leaf,421,750,JPEG,811592c4717dfecadb58d4edbee4650f,4289621267642743033,2322,1
bell_pepper_healthy__86ecf2e5ce,train,bell pepper healthy,3,data/images/train/bell_pepper_healthy/bell_pepper_healthy__86ecf2e5ce.jpg,512,384,train,train/Bell_pepper leaf/DSCN5835_original.JPG?1472909566.jpg,Bell_pepper leaf,2592,1944,JPEG,86ecf2e5cebdbe200b86509249bd576f,12886687071623123606,257,1
bell_pepper_healthy__8d49747f62,train,bell pepper healthy,3,data/images/train/bell_pepper_healthy/bell_pepper_healthy__8d49747f62.jpg,512,384,train,train/Bell_pepper leaf/DSCN0652.jpg,Bell_pepper leaf,640,480,JPEG,8d49747f6287e9573773308c5affb449,11363761852509246160,255,1
bell_pepper_healthy__8e368ad7fd,train,bell pepper healthy,3,data/images/train/bell_pepper_healthy/bell_pepper_healthy__8e368ad7fd.jpg,500,336,train,train/Bell_pepper leaf/2477703364_0c94646b48.jpg,Bell_pepper leaf,500,336,JPEG,8e368ad7fd302b54bd3af7585aa955f6,3979225701907191961,246,1
bell_pepper_healthy__901c514abb,train,bell pepper healthy,3,data/images/train/bell_pepper_healthy/bell_pepper_healthy__901c514abb.jpg,384,512,train,train/Bell_pepper leaf/007.JPG.jpg,Bell_pepper leaf,2448,3264,JPEG,901c514abbc5b2154baa4c265ff3c542,15774077083078922822,243,1
bell_pepper_healthy__94570fac84,train,bell pepper healthy,3,data/images/train/bell_pepper_healthy/bell_pepper_healthy__94570fac84.jpg,512,384,train,train/Bell_pepper leaf/bb2581.jpg,Bell_pepper leaf,800,600,JPEG,94570fac84c8c16193b60d25244a9383,9842835568792466979,266,1
bell_pepper_healthy__a38a2c6914,train,bell pepper healthy,3,data/images/train/bell_pepper_healthy/bell_pepper_healthy__a38a2c6914.jpg,512,341,test,test/Bell_pepper leaf/RnGnC.jpg,Bell_pepper leaf,2147,1432,JPEG,a38a2c691424f89f7a843106b5772841,3933479498839760910,2319,1
bell_pepper_healthy__aa9c4dfdf5,train,bell pepper healthy,3,data/images/train/bell_pepper_healthy/bell_pepper_healthy__aa9c4dfdf5.jpg,512,384,train,train/Bell_pepper leaf/dscf1776.jpg,Bell_pepper leaf,3264,2448,JPEG,aa9c4dfdf55ec117be602e9b4a3459b7,217018591266150149,268,1
bell_pepper_healthy__ad18fd6bf1,train,bell pepper healthy,3,data/images/train/bell_pepper_healthy/bell_pepper_healthy__ad18fd6bf1.jpg,236,314,train,train/Bell_pepper leaf/5493139683d035a18fd0dfa12893f38b--outdoor-decor-worms.jpg,Bell_pepper leaf,236,314,JPEG,ad18fd6bf1004ad299309a86cbd03a80,1742916751228797584,249,1
bell_pepper_healthy__b4b7ff572e,train,bell pepper healthy,3,data/images/train/bell_pepper_healthy/bell_pepper_healthy__b4b7ff572e.jpg,319,512,train,train/Bell_pepper leaf/stock-photo-closeup-of-underside-of-bell-pepper-leaf-isolated-on-white-background-114184570.jpg,Bell_pepper leaf,996,1600,JPEG,b4b7ff572e72067c893b6b3d6f45860e,2703874065635741850,286,1
bell_pepper_healthy__c02d81d71f,train,bell pepper healthy,3,data/images/train/bell_pepper_healthy/bell_pepper_healthy__c02d81d71f.jpg,440,330,train,train/Bell_pepper leaf/14ec45.jpg,Bell_pepper leaf,440,330,JPEG,c02d81d71fda9560f5ff7809da3a2dc5,220568760303397231,245,1
bell_pepper_healthy__c317081c6d,train,bell pepper healthy,3,data/images/train/bell_pepper_healthy/bell_pepper_healthy__c317081c6d.jpg,512,341,train,train/Bell_pepper leaf/ee4ab32985e0f26d556ab9d6ac7d0a35.jpg,Bell_pepper leaf,620,413,JPEG,c317081c6dea1b5e7c1800063512df81,7974577244253545954,270,1
bell_pepper_healthy__c9b8f79ef2,train,bell pepper healthy,3,data/images/train/bell_pepper_healthy/bell_pepper_healthy__c9b8f79ef2.jpg,512,384,train,train/Bell_pepper leaf/004-10.jpg,Bell_pepper leaf,640,480,JPEG,c9b8f79ef2628317daaea1160f27c1c6,11141554065138951207,242,1
bell_pepper_healthy__caf2855c4b,train,bell pepper healthy,3,data/images/train/bell_pepper_healthy/bell_pepper_healthy__caf2855c4b.jpg,384,512,train,train/Bell_pepper leaf/e8199bb0e4a7edf94351ca07a5aadc06.jpg,Bell_pepper leaf,736,981,JPEG,caf2855c4b0fb43a60aa21331a334e08,15048886769086470293,269,1
bell_pepper_healthy__d2a86fc147,train,bell pepper healthy,3,data/images/train/bell_pepper_healthy/bell_pepper_healthy__d2a86fc147.jpg,450,318,train,train/Bell_pepper leaf/stock-photo-black-pepper-plant-with-green-berries-and-leaves-555241408.jpg,Bell_pepper leaf,450,318,JPEG,d2a86fc147c4e780d338103015adfb3a,7418329301897434526,285,1
bell_pepper_healthy__d3a2a2a3a5,train,bell pepper healthy,3,data/images/train/bell_pepper_healthy/bell_pepper_healthy__d3a2a2a3a5.jpg,512,341,train,train/Bell_pepper leaf/DSC04477.JPG.jpg,Bell_pepper leaf,1600,1067,JPEG,d3a2a2a3a51631ca05d5d51a16c59865,11203377991646452121,254,1
bell_pepper_healthy__d9a932e210,train,bell pepper healthy,3,data/images/train/bell_pepper_healthy/bell_pepper_healthy__d9a932e210.jpg,383,512,train,train/Bell_pepper leaf/IMG_2855-1.jpg,Bell_pepper leaf,598,799,JPEG,d9a932e210273adff16fd90c914d97e4,7229043295844099421,259,1
bell_pepper_healthy__dd6fa78d48,train,bell pepper healthy,3,data/images/train/bell_pepper_healthy/bell_pepper_healthy__dd6fa78d48.jpg,512,382,train,train/Bell_pepper leaf/fotolia_4311376_XS.jpg,Bell_pepper leaf,640,478,JPEG,dd6fa78d48a31cb243f538176a8a4a91,16181607761694822220,272,1
bell_pepper_healthy__df331e1e33,train,bell pepper healthy,3,data/images/train/bell_pepper_healthy/bell_pepper_healthy__df331e1e33.jpg,440,330,train,train/Bell_pepper leaf/28a593.jpg,Bell_pepper leaf,440,330,JPEG,df331e1e337ac166f8681bdbeb535356,10073391108667162047,247,1
bell_pepper_healthy__e48621f0d5,train,bell pepper healthy,3,data/images/train/bell_pepper_healthy/bell_pepper_healthy__e48621f0d5.jpg,512,378,train,train/Bell_pepper leaf/Seminis-Turnpike-Bell-Pepper-1024x756.jpg,Bell_pepper leaf,1024,756,JPEG,e48621f0d5b320024fff1a0e024cffb4,3179685383262358163,263,1
bell_pepper_healthy__e6ce455bfe,train,bell pepper healthy,3,data/images/train/bell_pepper_healthy/bell_pepper_healthy__e6ce455bfe.jpg,384,512,train,train/Bell_pepper leaf/uGz0O.jpg,Bell_pepper leaf,1778,2371,JPEG,e6ce455bfecafde1e92137d51e280e86,2818229061215876670,288,1
bell_pepper_healthy__e9605f87bb,train,bell pepper healthy,3,data/images/train/bell_pepper_healthy/bell_pepper_healthy__e9605f87bb.jpg,404,512,train,train/Bell_pepper leaf/M7JV1.jpg,Bell_pepper leaf,1260,1596,JPEG,e9605f87bb88313dc5a15f0ff9c8c98c,2035446815723834151,261,1
bell_pepper_healthy__ee4889632e,train,bell pepper healthy,3,data/images/train/bell_pepper_healthy/bell_pepper_healthy__ee4889632e.jpg,230,286,train,train/Bell_pepper leaf/ac9201ad84e0987e6fdd2589258d72fd.jpg,Bell_pepper leaf,230,286,JPEG,ee4889632e07e4daaace6bb6116ca6b0,15913681884988234395,264,1
bell_pepper_healthy__f37d877356,train,bell pepper healthy,3,data/images/train/bell_pepper_healthy/bell_pepper_healthy__f37d877356.jpg,481,512,train,train/Bell_pepper leaf/P4190299aS.jpg,Bell_pepper leaf,648,690,JPEG,f37d8773563a254ccd010c406e3ad51e,14761050033034251091,262,1
bell_pepper_healthy__fac7292577,train,bell pepper healthy,3,data/images/train/bell_pepper_healthy/bell_pepper_healthy__fac7292577.jpg,384,512,train,train/Bell_pepper leaf/image_1500x1500%253E.jpeg?1472959493.jpg,Bell_pepper leaf,1125,1500,JPEG,fac72925779f8009eaef4f88b382000e,11416458842771132889,275,1
bell_pepper_healthy__fb417aac02,train,bell pepper healthy,3,data/images/train/bell_pepper_healthy/bell_pepper_healthy__fb417aac02.jpg,384,512,train,train/Bell_pepper leaf/Bell-pepper-plant.JPG.jpg,Bell_pepper leaf,768,1024,JPEG,fb417aac026f92f380fbcbe1ebbbaf95,5208709845910887612,252,1
bell_pepper_healthy__fdd8263de0,train,bell pepper healthy,3,data/images/train/bell_pepper_healthy/bell_pepper_healthy__fdd8263de0.jpg,512,384,train,train/Bell_pepper leaf/xKh6iInh.jpg,Bell_pepper leaf,1024,768,JPEG,fdd8263de00b18981bec783cf5266fc8,8283413404616724628,292,1
bell_pepper_leaf_spot__03c1844362,train,bell pepper leaf spot,4,data/images/train/bell_pepper_leaf_spot/bell_pepper_leaf_spot__03c1844362.jpg,512,384,train,train/Bell_pepper leaf spot/03.jpg,Bell_pepper leaf spot,638,479,JPEG,03c184436299c6ef5a6e9f0d4a219070,2168332610120803653,298,1
bell_pepper_leaf_spot__0aa9e457eb,train,bell pepper leaf spot,4,data/images/train/bell_pepper_leaf_spot/bell_pepper_leaf_spot__0aa9e457eb.jpg,384,512,test,test/Bell_pepper leaf spot/H5w92.jpg,Bell_pepper leaf spot,2448,3264,JPEG,0aa9e457ebffcb879ceb6f554be9befc,5068688844127351041,2328,1
bell_pepper_leaf_spot__0b29dfbf6f,train,bell pepper leaf spot,4,data/images/train/bell_pepper_leaf_spot/bell_pepper_leaf_spot__0b29dfbf6f.jpg,512,288,train,train/Bell_pepper leaf spot/Bacterial-spot-symptoms-on-pepper-leaves-for-web.jpg,Bell_pepper leaf spot,896,504,JPEG,0b29dfbf6fcc9a400f8eb4468fb426d4,12947257190126789223,305,1
bell_pepper_leaf_spot__18ed158c8d,train,bell pepper leaf spot,4,data/images/train/bell_pepper_leaf_spot/bell_pepper_leaf_spot__18ed158c8d.jpg,384,512,train,train/Bell_pepper leaf spot/pepper_phytophtera12x500.jpg,Bell_pepper leaf spot,500,667,JPEG,18ed158c8d0369da2e4a85f2407da71c,10636331552663217430,350,1
bell_pepper_leaf_spot__205d2f44d9,train,bell pepper leaf spot,4,data/images/train/bell_pepper_leaf_spot/bell_pepper_leaf_spot__205d2f44d9.jpg,350,270,train,train/Bell_pepper leaf spot/pepper_V5a.jpg,Bell_pepper leaf spot,350,270,JPEG,205d2f44d99a30e7be12646d94a00455,10306219222762985283,346,1
bell_pepper_leaf_spot__2f8b8a88d3,train,bell pepper leaf spot,4,data/images/train/bell_pepper_leaf_spot/bell_pepper_leaf_spot__2f8b8a88d3.jpg,384,512,train,train/Bell_pepper leaf spot/ed8e20.jpg,Bell_pepper leaf spot,600,800,JPEG,2f8b8a88d35a960a2b1f15ab4695e459,10945936554514822304,333,1
bell_pepper_leaf_spot__323ecfba40,train,bell pepper leaf spot,4,data/images/train/bell_pepper_leaf_spot/bell_pepper_leaf_spot__323ecfba40.jpg,512,384,train,train/Bell_pepper leaf spot/pepper_bacterial-spot_02_zoom.jpg,Bell_pepper leaf spot,900,675,JPEG,323ecfba4087e780048ad79b52b1075a,12162207033713052227,347,1
bell_pepper_leaf_spot__3251f81302,train,bell pepper leaf spot,4,data/images/train/bell_pepper_leaf_spot/bell_pepper_leaf_spot__3251f81302.jpg,512,382,train,train/Bell_pepper leaf spot/image_original.jpeg?1472603885.jpg,Bell_pepper leaf spot,2592,1936,JPEG,3251f813021e8e9709b6279a5ebc63e6,14347640816466335778,339,2
bell_pepper_leaf_spot__36f5024b3d,train,bell pepper leaf spot,4,data/images/train/bell_pepper_leaf_spot/bell_pepper_leaf_spot__36f5024b3d.jpg,384,512,train,train/Bell_pepper leaf spot/100_1657.jpg,Bell_pepper leaf spot,2736,3648,JPEG,36f5024b3d6335ab6461f6a6fb4354b4,7043887290113701304,302,1
bell_pepper_leaf_spot__3708b6bbbb,train,bell pepper leaf spot,4,data/images/train/bell_pepper_leaf_spot/bell_pepper_leaf_spot__3708b6bbbb.jpg,512,380,train,train/Bell_pepper leaf spot/FO3zR.jpg,Bell_pepper leaf spot,3366,2496,JPEG,3708b6bbbb0b1fb2809b7bf23b662ad1,3702495940990750793,311,1
bell_pepper_leaf_spot__3d84816f4e,train,bell pepper leaf spot,4,data/images/train/bell_pepper_leaf_spot/bell_pepper_leaf_spot__3d84816f4e.jpg,512,347,train,train/Bell_pepper leaf spot/bacterial-leaf-spot-on-peppers.jpg,Bell_pepper leaf spot,1536,1040,JPEG,3d84816f4e619e90f26d0907bcc7228c,3847045437486969490,327,1
bell_pepper_leaf_spot__40c41a630b,train,bell pepper leaf spot,4,data/images/train/bell_pepper_leaf_spot/bell_pepper_leaf_spot__40c41a630b.jpg,512,482,train,train/Bell_pepper leaf spot/peppers_bacterial_spot_onpeppertransplant_zoom.jpg,Bell_pepper leaf spot,700,659,JPEG,40c41a630ba7deb6be3c6ae0171baf23,5324353053318502070,352,1
bell_pepper_leaf_spot__43894a9160,train,bell pepper leaf spot,4,data/images/train/bell_pepper_leaf_spot/bell_pepper_leaf_spot__43894a9160.jpg,512,384,train,train/Bell_pepper leaf spot/green-pepper-plant-diseases-bacterial-spot-on-pepper-plant-green-pepper-plant-diseases-photos.jpg,Bell_pepper leaf spot,700,525,JPEG,43894a9160da8f7faa3d7b281d286779,18064070909175265460,337,2
bell_pepper_leaf_spot__4a422feb9d,train,bell pepper leaf spot,4,data/images/train/bell_pepper_leaf_spot/bell_pepper_leaf_spot__4a422feb9d.jpg,512,384,train,train/Bell_pepper leaf spot/may27pepleaes001.jpg,Bell_pepper leaf spot,1024,768,JPEG,4a422feb9db4311a9bed48690d1adbbf,14180934232322787040,342,1
bell_pepper_leaf_spot__4ad502ace6,train,bell pepper leaf spot,4,data/images/train/bell_pepper_leaf_spot/bell_pepper_leaf_spot__4ad502ace6.jpg,512,317,train,train/Bell_pepper leaf spot/pepper_phytophtera10x1200.jpg,Bell_pepper leaf spot,1200,742,JPEG,4ad502ace6e01f3c5c1cf4208399afee,16422075708711682838,349,1
bell_pepper_leaf_spot__52db59c45e,train,bell pepper leaf spot,4,data/images/train/bell_pepper_leaf_spot/bell_pepper_leaf_spot__52db59c45e.jpg,220,376,train,train/Bell_pepper leaf spot/0.jpg,Bell_pepper leaf spot,220,376,JPEG,52db59c45e5f75097a3e7b49ec419906,13172691100567883062,295,1
bell_pepper_leaf_spot__53682a44c6,train,bell pepper leaf spot,4,data/images/train/bell_pepper_leaf_spot/bell_pepper_leaf_spot__53682a44c6.jpg,300,400,train,train/Bell_pepper leaf spot/file.php?id=5336&t=1.jpg,Bell_pepper leaf spot,300,400,JPEG,53682a44c69bced265060d18887ec8a1,17350267227589741804,335,1
bell_pepper_leaf_spot__5734a56729,train,bell pepper leaf spot,4,data/images/train/bell_pepper_leaf_spot/bell_pepper_leaf_spot__5734a56729.jpg,300,450,train,train/Bell_pepper leaf spot/BacterialSpot17.jpg,Bell_pepper leaf spot,300,450,JPEG,5734a5672911eadac13550d92ba1b9c3,12948705677173950733,309,1
bell_pepper_leaf_spot__58e1f21c14,train,bell pepper leaf spot,4,data/images/train/bell_pepper_leaf_spot/bell_pepper_leaf_spot__58e1f21c14.jpg,300,300,train,train/Bell_pepper leaf spot/image_300x300%2523.jpeg?1472603885.jpg,Bell_pepper leaf spot,300,300,JPEG,58e1f21c143f072d6d0073f6cd12805e,9664214142476590177,340,1
bell_pepper_leaf_spot__5a6dc32666,train,bell pepper leaf spot,4,data/images/train/bell_pepper_leaf_spot/bell_pepper_leaf_spot__5a6dc32666.jpg,384,512,train,train/Bell_pepper leaf spot/TCSV_Pepper%20%285%29.jpg,Bell_pepper leaf spot,540,720,JPEG,5a6dc32666d4c8514e1fbb40977df3c4,158531468099926320,323,1
bell_pepper_leaf_spot__6abe79059f,train,bell pepper leaf spot,4,data/images/train/bell_pepper_leaf_spot/bell_pepper_leaf_spot__6abe79059f.jpg,512,384,train,train/Bell_pepper leaf spot/0000.jpg,Bell_pepper leaf spot,2592,1944,JPEG,6abe79059f1563cf11178a5bafd15281,1297046632761388879,296,1
bell_pepper_leaf_spot__6c8ad6f1d2,train,bell pepper leaf spot,4,data/images/train/bell_pepper_leaf_spot/bell_pepper_leaf_spot__6c8ad6f1d2.jpg,512,384,train,train/Bell_pepper leaf spot/pepper_bacterial-spot_04_zoom.jpg,Bell_pepper leaf spot,900,675,JPEG,6c8ad6f1d225f25b9abd4b50ab79cf9a,2842747074795493223,348,1
bell_pepper_leaf_spot__6dfee2b4c0,train,bell pepper leaf spot,4,data/images/train/bell_pepper_leaf_spot/bell_pepper_leaf_spot__6dfee2b4c0.jpg,202,202,train,train/Bell_pepper leaf spot/thrips001.jpg,Bell_pepper leaf spot,202,202,JPEG,6dfee2b4c07732366f4336d45fe44c80,149101282233885457,353,1
bell_pepper_leaf_spot__751887e3b0,train,bell pepper leaf spot,4,data/images/train/bell_pepper_leaf_spot/bell_pepper_leaf_spot__751887e3b0.jpg,512,384,train,train/Bell_pepper leaf spot/may27pepleaes002.jpg,Bell_pepper leaf spot,1024,768,JPEG,751887e3b08fb40db4aead52fc9a9a58,16204100449673676387,343,1
bell_pepper_leaf_spot__758d69d2b0,train,bell pepper leaf spot,4,data/images/train/bell_pepper_leaf_spot/bell_pepper_leaf_spot__758d69d2b0.jpg,300,300,train,train/Bell_pepper leaf spot/05.jpg,Bell_pepper leaf spot,300,300,JPEG,758d69d2b0d9a357acc94f086b72c78a,14138605120024055699,300,1
bell_pepper_leaf_spot__7fe049148e,train,bell pepper leaf spot,4,data/images/train/bell_pepper_leaf_spot/bell_pepper_leaf_spot__7fe049148e.jpg,512,384,train,train/Bell_pepper leaf spot/IMG_6029-001_1500x1500%253E.JPG?1403119544.jpg,Bell_pepper leaf spot,800,600,JPEG,7fe049148e9cc9c01f8f8f361b744962,5209623866465837445,316,1
bell_pepper_leaf_spot__8376794bb5,train,bell pepper leaf spot,4,data/images/train/bell_pepper_leaf_spot/bell_pepper_leaf_spot__8376794bb5.jpg,347,280,train,train/Bell_pepper leaf spot/gray-leaf-spot-disease-on-260nw-559799659.jpg,Bell_pepper leaf spot,347,280,JPEG,8376794bb59a8cfa7931f0677d3387c8,10737731443182950995,336,1
bell_pepper_leaf_spot__8c928bbcde,train,bell pepper leaf spot,4,data/images/train/bell_pepper_leaf_spot/bell_pepper_leaf_spot__8c928bbcde.jpg,240,180,train,train/Bell_pepper leaf spot/GX3DYbwOynSj6HftBUajAw_m.jpg,Bell_pepper leaf spot,240,180,JPEG,8c928bbcde028422297525146cd90356,4425881205407250023,313,1
bell_pepper_leaf_spot__8d03355436,train,bell pepper leaf spot,4,data/images/train/bell_pepper_leaf_spot/bell_pepper_leaf_spot__8d03355436.jpg,512,384,test,test/Bell_pepper leaf spot/CMVpepperLeafShock-copy-50QUALITY-1ge8umw.jpg,Bell_pepper leaf spot,667,500,JPEG,8d033554361f9c549a6b31d52d98c861,6717386796284736716,2327,1
bell_pepper_leaf_spot__923cd015dd,train,bell pepper leaf spot,4,data/images/train/bell_pepper_leaf_spot/bell_pepper_leaf_spot__923cd015dd.jpg,382,512,train,train/Bell_pepper leaf spot/pepperplantwithbacterialspotimg3206.jpg,Bell_pepper leaf spot,1936,2592,JPEG,923cd015dde2cc9b136befb670ee5e70,3870410911350042267,351,1
bell_pepper_leaf_spot__92b38e5bc5,train,bell pepper leaf spot,4,data/images/train/bell_pepper_leaf_spot/bell_pepper_leaf_spot__92b38e5bc5.jpg,300,200,train,train/Bell_pepper leaf spot/534a.jpg,Bell_pepper leaf spot,300,200,JPEG,92b38e5bc5f051de7955aa48e567c4d5,6861645064775180189,304,1
bell_pepper_leaf_spot__9486707ef8,train,bell pepper leaf spot,4,data/images/train/bell_pepper_leaf_spot/bell_pepper_leaf_spot__9486707ef8.jpg,512,384,train,train/Bell_pepper leaf spot/Bacterial_leaf_spot_symptoms.jpg,Bell_pepper leaf spot,1024,768,JPEG,9486707ef89df637f896ceb589ddab24,14620573450418179026,310,1
bell_pepper_leaf_spot__963a5f4fad,train,bell pepper leaf spot,4,data/images/train/bell_pepper_leaf_spot/bell_pepper_leaf_spot__963a5f4fad.jpg,480,320,train,train/Bell_pepper leaf spot/BacterialSpot08.jpg,Bell_pepper leaf spot,480,320,JPEG,963a5f4fad31107522a34ba34dbaf50a,1082576176131917261,306,1
bell_pepper_leaf_spot__99e792bb3a,train,bell pepper leaf spot,4,data/images/train/bell_pepper_leaf_spot/bell_pepper_leaf_spot__99e792bb3a.jpg,300,450,train,train/Bell_pepper leaf spot/BacterialSpot10.jpg,Bell_pepper leaf spot,300,450,JPEG,99e792bb3ab033bd2a7d24b29952c9d3,9630731367617628505,308,1
bell_pepper_leaf_spot__9ebdd15046,train,bell pepper leaf spot,4,data/images/train/bell_pepper_leaf_spot/bell_pepper_leaf_spot__9ebdd15046.jpg,512,384,test,test/Bell_pepper leaf spot/01.jpg,Bell_pepper leaf spot,638,479,JPEG,9ebdd15046a489a9030c26756c567fea,2189423579071079684,2325,1
bell_pepper_leaf_spot__a24e545d60,train,bell pepper leaf spot,4,data/images/train/bell_pepper_leaf_spot/bell_pepper_leaf_spot__a24e545d60.jpg,384,512,train,train/Bell_pepper leaf spot/bacterialspot3_600px.jpg,Bell_pepper leaf spot,600,800,JPEG,a24e545d60bef5abc43dc87470884abe,16742158787197457081,330,1
bell_pepper_leaf_spot__a2847abed9,train,bell pepper leaf spot,4,data/images/train/bell_pepper_leaf_spot/bell_pepper_leaf_spot__a2847abed9.jpg,512,384,train,train/Bell_pepper leaf spot/P5270397.JPG.jpg,Bell_pepper leaf spot,1600,1200,JPEG,a2847abed966865a3438184c31826cfa,12448181607060235334,317,1
bell_pepper_leaf_spot__a52c9362e3,train,bell pepper leaf spot,4,data/images/train/bell_pepper_leaf_spot/bell_pepper_leaf_spot__a52c9362e3.jpg,512,274,train,train/Bell_pepper leaf spot/bacspot_confused_w_pseudomonas.jpg,Bell_pepper leaf spot,900,482,JPEG,a52c9362e39ae272638bffcd7a750700,14401905333917504823,326,1
bell_pepper_leaf_spot__b057ba110e,train,bell pepper leaf spot,4,data/images/train/bell_pepper_leaf_spot/bell_pepper_leaf_spot__b057ba110e.jpg,512,342,train,train/Bell_pepper leaf spot/pepper-plant-leaves-holes-in-pepper-plant-leaves-holes-in-pepper-plant-leaves-small-holes-in-pepper-plant-leaves-pepper-plant-leaves-eaten.jpg,Bell_pepper leaf spot,1024,683,JPEG,b057ba110e80db2767b20e766ebfdf6a,12743049178745089462,344,1
bell_pepper_leaf_spot__b88dcdd8a9,train,bell pepper leaf spot,4,data/images/train/bell_pepper_leaf_spot/bell_pepper_leaf_spot__b88dcdd8a9.jpg,480,320,train,train/Bell_pepper leaf spot/BacterialSpot09.jpg,Bell_pepper leaf spot,480,320,JPEG,b88dcdd8a9c88d9fdb4c39a2eebfa533,4069136170088978610,307,1
bell_pepper_leaf_spot__ba004f1aec,train,bell pepper leaf spot,4,data/images/train/bell_pepper_leaf_spot/bell_pepper_leaf_spot__ba004f1aec.jpg,480,360,test,test/Bell_pepper leaf spot/00.jpg,Bell_pepper leaf spot,480,360,JPEG,ba004f1aec46f60ab523a88320ffc087,11234344138985543672,2323,1
bell_pepper_leaf_spot__c256b18588,train,bell pepper leaf spot,4,data/images/train/bell_pepper_leaf_spot/bell_pepper_leaf_spot__c256b18588.jpg,288,512,train,train/Bell_pepper leaf spot/06.jpg,Bell_pepper leaf spot,844,1500,JPEG,c256b18588efc00fc980d3895fd7706b,8114412807128298377,301,1
bell_pepper_leaf_spot__c4d53d4c35,train,bell pepper leaf spot,4,data/images/train/bell_pepper_leaf_spot/bell_pepper_leaf_spot__c4d53d4c35.jpg,351,209,test,test/Bell_pepper leaf spot/pepper-spot.jpg,Bell_pepper leaf spot,351,209,JPEG,c4d53d4c3573c9410176a5ce369f8e7f,17652936127342732336,2330,1
bell_pepper_leaf_spot__c543828570,train,bell pepper leaf spot,4,data/images/train/bell_pepper_leaf_spot/bell_pepper_leaf_spot__c543828570.jpg,384,512,train,train/Bell_pepper leaf spot/Pepper-BLS-Leaf_93303-e1370119902259.jpg,Bell_pepper leaf spot,3000,4000,JPEG,c5438285705f0e283ac75a525a0c03ee,11755386847563034672,318,1
bell_pepper_leaf_spot__c9486e256f,train,bell pepper leaf spot,4,data/images/train/bell_pepper_leaf_spot/bell_pepper_leaf_spot__c9486e256f.jpg,384,512,train,train/Bell_pepper leaf spot/e4d0e5.jpg,Bell_pepper leaf spot,600,800,JPEG,c9486e256fd118371f8664fa20466b9a,16638517402610008562,332,1
bell_pepper_leaf_spot__cac0e1a596,train,bell pepper leaf spot,4,data/images/train/bell_pepper_leaf_spot/bell_pepper_leaf_spot__cac0e1a596.jpg,512,384,train,train/Bell_pepper leaf spot/PepperPhytophLeaf3-2f94629.jpg,Bell_pepper leaf spot,2816,2112,JPEG,cac0e1a59659080af5bfa2ebb8a69a9f,586105186407437799,320,1
bell_pepper_leaf_spot__ce0850c20b,train,bell pepper leaf spot,4,data/images/train/bell_pepper_leaf_spot/bell_pepper_leaf_spot__ce0850c20b.jpg,512,341,train,train/Bell_pepper leaf spot/4-dogwood_pm.jpg,Bell_pepper leaf spot,600,400,JPEG,ce0850c20b5cf84470cae08cf7530d8d,10687731656932086633,303,1
bell_pepper_leaf_spot__d0490de9d5,train,bell pepper leaf spot,4,data/images/train/bell_pepper_leaf_spot/bell_pepper_leaf_spot__d0490de9d5.jpg,384,512,train,train/Bell_pepper leaf spot/TCSV_Pepper%20%284%29.jpg,Bell_pepper leaf spot,540,720,JPEG,d0490de9d5e1c4fb5e9fe57fe3f53170,16467684539406814027,322,1
bell_pepper_leaf_spot__d786cd5f9f,train,bell pepper leaf spot,4,data/images/train/bell_pepper_leaf_spot/bell_pepper_leaf_spot__d786cd5f9f.jpg,512,384,train,train/Bell_pepper leaf spot/Habanero1.jpg,Bell_pepper leaf spot,640,480,JPEG,d786cd5f9fdca37eb72e1445a87b5cac,1419113717589184084,314,1
bell_pepper_leaf_spot__d7db7e98bb,train,bell pepper leaf spot,4,data/images/train/bell_pepper_leaf_spot/bell_pepper_leaf_spot__d7db7e98bb.jpg,512,384,train,train/Bell_pepper leaf spot/bJrFf.jpg,Bell_pepper leaf spot,3264,2448,JPEG,d7db7e98bbca95009a96fa213648cc38,7377117273649614034,325,1
bell_pepper_leaf_spot__dc7d59abfd,train,bell pepper leaf spot,4,data/images/train/bell_pepper_leaf_spot/bell_pepper_leaf_spot__dc7d59abfd.jpg,512,384,train,train/Bell_pepper leaf spot/TCSV_Pepper%20%286%29.jpg,Bell_pepper leaf spot,720,540,JPEG,dc7d59abfd0139e30417b2e66d2bceb5,1974735782042624783,324,1
bell_pepper_leaf_spot__f2f121f714,train,bell pepper leaf spot,4,data/images/train/bell_pepper_leaf_spot/bell_pepper_leaf_spot__f2f121f714.jpg,512,341,test,test/Bell_pepper leaf spot/pepper_bacterial-spot_03_zoom.jpg,Bell_pepper leaf spot,900,599,JPEG,f2f121f714caa3cde711411faacfc882,1754178822579174435,2331,1
bell_pepper_leaf_spot__f7d08ad472,train,bell pepper leaf spot,4,data/images/train/bell_pepper_leaf_spot/bell_pepper_leaf_spot__f7d08ad472.jpg,400,300,test,test/Bell_pepper leaf spot/bacterial_leaf_spot_pepper_l.jpg,Bell_pepper leaf spot,400,300,JPEG,f7d08ad4727e9923af569f23bc5c3aae,5628031576248165134,2329,1
bell_pepper_leaf_spot__f8f2607889,train,bell pepper leaf spot,4,data/images/train/bell_pepper_leaf_spot/bell_pepper_leaf_spot__f8f2607889.jpg,512,384,train,train/Bell_pepper leaf spot/02.jpg,Bell_pepper leaf spot,638,479,JPEG,f8f260788909cfe442e90ad2abb8e935,2222092338209854737,297,1
bell_pepper_leaf_spot__fa06b39931,train,bell pepper leaf spot,4,data/images/train/bell_pepper_leaf_spot/bell_pepper_leaf_spot__fa06b39931.jpg,512,342,train,train/Bell_pepper leaf spot/pepper-plant-leaves-turning-yellow-plants-turning-yellow-pepper-plant-leaves-turning-yellow-with-brown-spots.jpg,Bell_pepper leaf spot,1024,683,JPEG,fa06b3993165ad0679fcd0130882bfab,10019149500874434358,345,1
blueberry_healthy__01b5ebabcb,train,blueberry healthy,5,data/images/train/blueberry_healthy/blueberry_healthy__01b5ebabcb.jpg,341,512,test,test/Blueberry leaf/vaccinium_angustifolium_leaf2.JPG.jpg,Blueberry leaf,1440,2160,JPEG,01b5ebabcbe53cb4629e949c64b2c0bf,353196792826575016,2341,1
blueberry_healthy__07aa9f5729,train,blueberry healthy,5,data/images/train/blueberry_healthy/blueberry_healthy__07aa9f5729.jpg,512,365,train,train/Blueberry leaf/Blueberry169.JPG.jpg,Blueberry leaf,1600,1142,JPEG,07aa9f57296c5a85ed5ee21e1e0157eb,14187177310308153139,375,1
blueberry_healthy__099cb13005,train,blueberry healthy,5,data/images/train/blueberry_healthy/blueberry_healthy__099cb13005.jpg,512,384,train,train/Blueberry leaf/IMG_8680.JPG.jpg,Blueberry leaf,1600,1200,JPEG,099cb130053012545debe9e025b86f1c,14792946652086792794,388,1
blueberry_healthy__09af3746a5,train,blueberry healthy,5,data/images/train/blueberry_healthy/blueberry_healthy__09af3746a5.jpg,512,512,train,train/Blueberry leaf/bilberry-blueberry-vaccinium-myrtillus-leaf-herboristerie.jpg,Blueberry leaf,800,800,JPEG,09af3746a5abf00323bfe34bffe53d31,1948716354249376619,400,1
blueberry_healthy__0e49c31a69,train,blueberry healthy,5,data/images/train/blueberry_healthy/blueberry_healthy__0e49c31a69.jpg,489,512,train,train/Blueberry leaf/blueberry-leaf-isolated-white-background-clipping-path-87355538.jpg,Blueberry leaf,1300,1362,JPEG,0e49c31a6906853be5adeefcf6630dc8,2324291865259415747,413,1
blueberry_healthy__0fdf6be600,train,blueberry healthy,5,data/images/train/blueberry_healthy/blueberry_healthy__0fdf6be600.jpg,450,366,train,train/Blueberry leaf/stock-photo-leaf-blueberry-57690040.jpg,Blueberry leaf,450,366,JPEG,0fdf6be600b412b4309b42188d66388e,72942716353586323,447,1
blueberry_healthy__146616c17a,train,blueberry healthy,5,data/images/train/blueberry_healthy/blueberry_healthy__146616c17a.jpg,512,370,train,train/Blueberry leaf/stock-photo-blueberry-leaves-branch-isolated-on-white-background-490111684.jpg,Blueberry leaf,1500,1083,JPEG,146616c17aa773591781f09d1abe2a76,4704057205938126999,443,1
blueberry_healthy__1669fe6fed,train,blueberry healthy,5,data/images/train/blueberry_healthy/blueberry_healthy__1669fe6fed.jpg,384,512,train,train/Blueberry leaf/image_1500x1500%253E.jpeg?1472756546.jpg,Blueberry leaf,1125,1500,JPEG,1669fe6fed3ca7cefbb87af5167dac0d,10126030955685114470,432,1
blueberry_healthy__194e11a5b3,train,blueberry healthy,5,data/images/train/blueberry_healthy/blueberry_healthy__194e11a5b3.jpg,512,386,test,test/Blueberry leaf/blueberrysilverleaf16-1372b.jpg,Blueberry leaf,1846,1392,JPEG,194e11a5b39fb6d700e5db9360b0fffb,14079153172332770163,2334,1
blueberry_healthy__1a1ab58d8d,train,blueberry healthy,5,data/images/train/blueberry_healthy/blueberry_healthy__1a1ab58d8d.jpg,512,402,train,train/Blueberry leaf/Blueberry165.JPG.jpg,Blueberry leaf,1600,1256,JPEG,1a1ab58d8db432a74c1a4666f7adbc79,12800857219727538920,374,1
blueberry_healthy__1f26e45051,train,blueberry healthy,5,data/images/train/blueberry_healthy/blueberry_healthy__1f26e45051.jpg,329,512,train,train/Blueberry leaf/close-up-of-a-blueberry-leaf-beginning-to-change-color-for-autumn-f6b5yd.jpg,Blueberry leaf,347,540,JPEG,1f26e450515d1e5b0f66c155d1cca5f9,874112253022937035,428,1
blueberry_healthy__2304a0da20,train,blueberry healthy,5,data/images/train/blueberry_healthy/blueberry_healthy__2304a0da20.jpg,512,424,train,train/Blueberry leaf/blueberryleaves.jpg,Blueberry leaf,1600,1326,JPEG,2304a0da206257d81aff4b28ed6919ed,8497371339995132470,427,1
blueberry_healthy__2320defea0,train,blueberry healthy,5,data/images/train/blueberry_healthy/blueberry_healthy__2320defea0.jpg,412,512,train,train/Blueberry leaf/blueberry-leaves-safe.jpeg.jpg,Blueberry leaf,2397,2977,JPEG,2320defea0deb00012caf97368d6bf37,11981306942204642831,421,1
blueberry_healthy__24ca4ec7e4,train,blueberry healthy,5,data/images/train/blueberry_healthy/blueberry_healthy__24ca4ec7e4.jpg,450,338,train,train/Blueberry leaf/blueberry-leaves.jpg,Blueberry leaf,450,338,JPEG,24ca4ec7e41d22bc89dd9b954b97a9f4,8228804197685611346,423,1
blueberry_healthy__255f22af0e,train,blueberry healthy,5,data/images/train/blueberry_healthy/blueberry_healthy__255f22af0e.jpg,393,512,train,train/Blueberry leaf/blueberry+leaves+in+fall.jpg,Blueberry leaf,828,1080,JPEG,255f22af0e9cb6f4a9c57d40c124d18a,15084451645879254268,403,1
blueberry_healthy__25e50fb2ea,train,blueberry healthy,5,data/images/train/blueberry_healthy/blueberry_healthy__25e50fb2ea.jpg,288,512,train,train/Blueberry leaf/wild-blueberries-576x1024.jpg,Blueberry leaf,576,1024,JPEG,25e50fb2ea7000e0e6e49930ad76587c,10584410634331566546,458,1
blueberry_healthy__265f5aceb3,train,blueberry healthy,5,data/images/train/blueberry_healthy/blueberry_healthy__265f5aceb3.jpg,512,407,train,train/Blueberry leaf/blueberry-group-leaves-on-white-background-db8p44.jpg,Blueberry leaf,640,509,JPEG,265f5aceb3d29280929222b7810a2b79,2308951548620413768,409,1
blueberry_healthy__28f2b2200e,train,blueberry healthy,5,data/images/train/blueberry_healthy/blueberry_healthy__28f2b2200e.jpg,512,512,train,train/Blueberry leaf/6348380125_ae2d097496_z.jpg,Blueberry leaf,640,640,JPEG,28f2b2200ea1f8c8ea26c9cfcf0545cc,10714557617702547858,362,1
blueberry_healthy__2f96eba711,train,blueberry healthy,5,data/images/train/blueberry_healthy/blueberry_healthy__2f96eba711.jpg,375,500,train,train/Blueberry leaf/4715f288527ab7feae1683179ae3073b--red-leaves-autumn-leaves.jpg,Blueberry leaf,375,500,JPEG,2f96eba711d2877ce33620a399099ce3,12854445099505205934,359,1
blueberry_healthy__301de56e9b,train,blueberry healthy,5,data/images/train/blueberry_healthy/blueberry_healthy__301de56e9b.jpg,512,384,train,train/Blueberry leaf/Red-Blueberry-Leaves.jpg,Blueberry leaf,3648,2736,JPEG,301de56e9b6a1904ed40d588499a000f,5808170727887899686,396,1
blueberry_healthy__30950617d5,train,blueberry healthy,5,data/images/train/blueberry_healthy/blueberry_healthy__30950617d5.jpg,512,342,train,train/Blueberry leaf/blueberry-leaves-in-October.jpg,Blueberry leaf,1024,683,JPEG,30950617d5497148aef1d005e68bc5af,12963865191188716451,418,1
blueberry_healthy__3193dd48db,train,blueberry healthy,5,data/images/train/blueberry_healthy/blueberry_healthy__3193dd48db.jpg,512,341,train,train/Blueberry leaf/blueberry_leaves_berries_fresh_wood_1280x960_hd-wallpaper-1763513.jpg,Blueberry leaf,5616,3744,JPEG,3193dd48dbf197caf4e26a6e7a485ac4,14475955474301078756,426,1
blueberry_healthy__32093c56de,train,blueberry healthy,5,data/images/train/blueberry_healthy/blueberry_healthy__32093c56de.jpg,512,377,train,train/Blueberry leaf/blueberry-plant-berries-and-leaves-blueberries-vaccinium-corybosum-BNDMY8.jpg,Blueberry leaf,1300,956,JPEG,32093c56dec834ce866c6927335b8106,5796398720462087746,424,1
blueberry_healthy__35efee5221,train,blueberry healthy,5,data/images/train/blueberry_healthy/blueberry_healthy__35efee5221.jpg,512,425,train,train/Blueberry leaf/blueberry-leaves-5931369.jpg,Blueberry leaf,800,664,JPEG,35efee5221104efd46868c353a9fba0e,318474862399297045,417,1
blueberry_healthy__3805b49304,train,blueberry healthy,5,data/images/train/blueberry_healthy/blueberry_healthy__3805b49304.jpg,512,377,train,train/Blueberry leaf/blueberry-plant-unripe-berries-and-leaves-blueberries-vaccinium-corybosum-BNDN04.jpg,Blueberry leaf,1300,956,JPEG,3805b493046b6e65d409aadd1aee886b,2311671461133567819,425,1
blueberry_healthy__3921484184,train,blueberry healthy,5,data/images/train/blueberry_healthy/blueberry_healthy__3921484184.jpg,512,309,train,train/Blueberry leaf/stock-photo-blueberry-with-leaves-of-mint-70797082.jpg,Blueberry leaf,1500,904,JPEG,3921484184c6c8cfe62eea0530c57f99,12442509921971432343,445,1
blueberry_healthy__437120e845,train,blueberry healthy,5,data/images/train/blueberry_healthy/blueberry_healthy__437120e845.jpg,512,384,train,train/Blueberry leaf/IMG_8695.JPG.jpg,Blueberry leaf,1600,1200,JPEG,437120e845c314e91e857c1053f8c8bd,9692735421763338950,389,1
blueberry_healthy__46fbe25a15,train,blueberry healthy,5,data/images/train/blueberry_healthy/blueberry_healthy__46fbe25a15.jpg,512,351,train,train/Blueberry leaf/blueberry-chlorotic-leaves_2.jpg,Blueberry leaf,600,411,JPEG,46fbe25a156fe5b6ed029d56f3844fe0,2767585548887716816,405,1
blueberry_healthy__4acde3e3ae,train,blueberry healthy,5,data/images/train/blueberry_healthy/blueberry_healthy__4acde3e3ae.jpg,512,384,train,train/Blueberry leaf/Blueberry_Damage_1_original.JPG?1472642168.jpg,Blueberry leaf,3264,2448,JPEG,4acde3e3aea844d4ca9048c117aacae9,7000225881050801989,376,1
blueberry_healthy__4bfc020726,train,blueberry healthy,5,data/images/train/blueberry_healthy/blueberry_healthy__4bfc020726.jpg,335,470,test,test/Blueberry leaf/stock-photo-green-blueberry-leaf-isolated-with-clipping-path-550344304.jpg,Blueberry leaf,335,470,JPEG,4bfc020726511b8fe54fef6de9649397,4115814310739116850,2338,1
blueberry_healthy__4d14f12ef8,train,blueberry healthy,5,data/images/train/blueberry_healthy/blueberry_healthy__4d14f12ef8.jpg,512,332,train,train/Blueberry leaf/blueberry-leaf-isolated-white-background-clipping-path-84283705.jpg,Blueberry leaf,1300,843,JPEG,4d14f12ef873c08c5cdf4f64b8c78b6a,2758328444551705317,412,1
blueberry_healthy__4daaa177dd,train,blueberry healthy,5,data/images/train/blueberry_healthy/blueberry_healthy__4daaa177dd.jpg,478,512,train,train/Blueberry leaf/red+blueberry+leaves.jpg,Blueberry leaf,560,600,JPEG,4daaa177dd5ac0c43e538d41b56b132f,3274991532194385607,441,1
blueberry_healthy__4ffd56481d,train,blueberry healthy,5,data/images/train/blueberry_healthy/blueberry_healthy__4ffd56481d.jpg,472,512,train,train/Blueberry leaf/20171005_Lowbush_blueberry_leaves.jpg,Blueberry leaf,708,768,JPEG,4ffd56481d7586cd20cc4d10c809531e,8565243072069964659,357,1
blueberry_healthy__5fb9c33c13,train,blueberry healthy,5,data/images/train/blueberry_healthy/blueberry_healthy__5fb9c33c13.jpg,512,384,train,train/Blueberry leaf/dscf9033.jpg,Blueberry leaf,1000,750,JPEG,5fb9c33c13f32cbc90f5ad79e3bbb38a,4137937561527097765,429,1
blueberry_healthy__636ed53b80,train,blueberry healthy,5,data/images/train/blueberry_healthy/blueberry_healthy__636ed53b80.jpg,512,341,train,train/Blueberry leaf/three-blueberries-with-leaves-picture-id83566780.jpg,Blueberry leaf,1024,682,JPEG,636ed53b800e68c0b6ab1f65f21bc585,14496000003542058706,448,1
blueberry_healthy__63c9cfc304,train,blueberry healthy,5,data/images/train/blueberry_healthy/blueberry_healthy__63c9cfc304.jpg,500,375,train,train/Blueberry leaf/4851522550_02e3b9f3b4.jpg,Blueberry leaf,500,375,JPEG,63c9cfc304b1c6ec16c753bcf0b90cde,8029602171583578045,360,1
blueberry_healthy__668413e71d,train,blueberry healthy,5,data/images/train/blueberry_healthy/blueberry_healthy__668413e71d.jpg,512,322,train,train/Blueberry leaf/Copy+of+Vaccinium---.JPG.jpg,Blueberry leaf,1600,1007,JPEG,668413e71d0ffe1491a0ea6be1a48e33,16053436429163408820,379,1
blueberry_healthy__6984cc3aaa,train,blueberry healthy,5,data/images/train/blueberry_healthy/blueberry_healthy__6984cc3aaa.jpg,319,512,test,test/Blueberry leaf/northern-highbush-blueberry-blue-huckleberry-vaccinium-corymbosum-EHNXRR.jpg,Blueberry leaf,865,1390,JPEG,6984cc3aaa85f16f548d82c4a7a87329,2486834868151793698,2336,1
blueberry_healthy__6a9ccf23fd,train,blueberry healthy,5,data/images/train/blueberry_healthy/blueberry_healthy__6a9ccf23fd.jpg,512,341,train,train/Blueberry leaf/IMG_7119.jpg,Blueberry leaf,1600,1066,JPEG,6a9ccf23fdbf9c8aac45a9c6e15af9f8,10607785675542883534,386,1
blueberry_healthy__80887e3d87,train,blueberry healthy,5,data/images/train/blueberry_healthy/blueberry_healthy__80887e3d87.jpg,341,512,train,train/Blueberry leaf/9167d851305baf06649c57aea130c8fb.jpg,Blueberry leaf,966,1449,JPEG,80887e3d87960dcf600760606379cdbf,14115561736829201597,365,1
blueberry_healthy__80e2c6a96f,train,blueberry healthy,5,data/images/train/blueberry_healthy/blueberry_healthy__80e2c6a96f.jpg,512,417,test,test/Blueberry leaf/leaf-blueberry-15281271.jpg,Blueberry leaf,1300,1060,JPEG,80e2c6a96fe2a8f3c01470d1decf2119,1121004413230715617,2335,1
blueberry_healthy__84d0418583,train,blueberry healthy,5,data/images/train/blueberry_healthy/blueberry_healthy__84d0418583.jpg,512,512,train,train/Blueberry leaf/10-Pcs-font-b-Blueberry-b-font-Leaves-Natural-font-b-Dried-b-font-Leaf-shaped.jpg,Blueberry leaf,800,800,JPEG,84d041858390760880f344259e38a860,4028318237561983759,354,1
blueberry_healthy__854385a995,train,blueberry healthy,5,data/images/train/blueberry_healthy/blueberry_healthy__854385a995.jpg,512,384,train,train/Blueberry leaf/dscf9038.jpg,Blueberry leaf,1000,750,JPEG,854385a9958da0162569f2416154560d,13882852228438799155,430,1
blueberry_healthy__860eff7fb2,train,blueberry healthy,5,data/images/train/blueberry_healthy/blueberry_healthy__860eff7fb2.jpg,512,384,train,train/Blueberry leaf/IMG_2003.JPG.jpg,Blueberry leaf,1600,1200,JPEG,860eff7fb21bdddced596e6909eaa352,7368805454070995401,384,1
blueberry_healthy__87b0bd43ce,train,blueberry healthy,5,data/images/train/blueberry_healthy/blueberry_healthy__87b0bd43ce.jpg,512,315,train,train/Blueberry leaf/A+A+Blueberry+Leaf+Disease+003.jpg,Blueberry leaf,1024,630,JPEG,87b0bd43ce2a81dedae82ccaab12819d,12028943015945998920,367,1
blueberry_healthy__8ae193a6b2,train,blueberry healthy,5,data/images/train/blueberry_healthy/blueberry_healthy__8ae193a6b2.jpg,512,384,train,train/Blueberry leaf/leaf_arangement.jpg,Blueberry leaf,1600,1200,JPEG,8ae193a6b2c7a61130ec831cf64ffdb7,41257429318879256,438,1
blueberry_healthy__8f7403eb3a,train,blueberry healthy,5,data/images/train/blueberry_healthy/blueberry_healthy__8f7403eb3a.jpg,512,368,train,train/Blueberry leaf/P1200701+Vaccinium+ovalifolium+Oval-leaf+Blueberry+fruit++Heather+Meadows+cr.jpg,Blueberry leaf,1600,1151,JPEG,8f7403eb3a3f6b9e01273bd95a45f3cd,7115768608472859987,395,1
blueberry_healthy__910200a0fc,train,blueberry healthy,5,data/images/train/blueberry_healthy/blueberry_healthy__910200a0fc.jpg,512,343,train,train/Blueberry leaf/179288748.jpg,Blueberry leaf,2118,1418,JPEG,910200a0fc18316245c7d11c7c64a7ba,9132328457906910194,356,1
blueberry_healthy__927d91764f,train,blueberry healthy,5,data/images/train/blueberry_healthy/blueberry_healthy__927d91764f.jpg,512,384,train,train/Blueberry leaf/Blueberry_Damage_2_original.JPG?1431126657.jpg,Blueberry leaf,3264,2448,JPEG,927d91764f4859f8ee7691d99cfec155,1907293986759980582,377,1
blueberry_healthy__9432411986,train,blueberry healthy,5,data/images/train/blueberry_healthy/blueberry_healthy__9432411986.jpg,512,341,train,train/Blueberry leaf/blueberry-goanp-nps.jpg,Blueberry leaf,1200,800,JPEG,94324119868c6359b66d38e0f78caead,16487091251819864522,408,1
blueberry_healthy__970fd3b15b,train,blueberry healthy,5,data/images/train/blueberry_healthy/blueberry_healthy__970fd3b15b.jpg,512,459,test,test/Blueberry leaf/stock-photo-two-sides-of-blueberry-leaf-isolated-on-white-15582232.jpg,Blueberry leaf,1500,1345,JPEG,970fd3b15b43fb7bd05c60882648a297,10406467658962835113,2339,1
blueberry_healthy__988f0a5d18,train,blueberry healthy,5,data/images/train/blueberry_healthy/blueberry_healthy__988f0a5d18.jpg,512,384,train,train/Blueberry leaf/vaccinium-angustifolium-le-ahaines.jpg,Blueberry leaf,1000,750,JPEG,988f0a5d189e58b16a00ec962229519a,7840428183654046036,450,1
blueberry_healthy__9971f91d50,train,blueberry healthy,5,data/images/train/blueberry_healthy/blueberry_healthy__9971f91d50.jpg,512,384,train,train/Blueberry leaf/IMG_9275.JPG.jpg,Blueberry leaf,1600,1200,JPEG,9971f91d50dd4cee13a2b470e3d30dcb,13846343588694689557,391,1
blueberry_healthy__99adbea627,train,blueberry healthy,5,data/images/train/blueberry_healthy/blueberry_healthy__99adbea627.jpg,500,500,train,train/Blueberry leaf/BLUEBERRY-SPARTAN-LEAF-500x500.jpg,Blueberry leaf,500,500,JPEG,99adbea627b2dec290b55e5ed04efb49,11190080114546390956,369,1
blueberry_healthy__9d52c7d3d1,train,blueberry healthy,5,data/images/train/blueberry_healthy/blueberry_healthy__9d52c7d3d1.jpg,450,320,test,test/Blueberry leaf/stock-photo-blueberry-leaf-closeup-isolated-on-white-306486470.jpg,Blueberry leaf,450,320,JPEG,9d52c7d3d1040e22e375228aa7e69ff1,9234427171258205974,2337,1
blueberry_healthy__9e57294ddb,train,blueberry healthy,5,data/images/train/blueberry_healthy/blueberry_healthy__9e57294ddb.jpg,512,409,train,train/Blueberry leaf/IMG_0017_original.JPG?1500100270.jpg,Blueberry leaf,1370,1094,JPEG,9e57294ddb8805848b12ccec684cfd08,6706779505767883566,383,1
blueberry_healthy__9ea6c8adb2,train,blueberry healthy,5,data/images/train/blueberry_healthy/blueberry_healthy__9ea6c8adb2.jpg,512,315,train,train/Blueberry leaf/Blueberry-leaves.jpg,Blueberry leaf,650,400,JPEG,9ea6c8adb284c36ccd5072b7353df196,14756873011610524241,372,1
blueberry_healthy__a52e4b0329,train,blueberry healthy,5,data/images/train/blueberry_healthy/blueberry_healthy__a52e4b0329.jpg,512,384,train,train/Blueberry leaf/vaccinium-corymbosum-le-mlovit.jpg,Blueberry leaf,1000,750,JPEG,a52e4b032943b02e690d07a5c5455653,10437599964226738281,451,1
blueberry_healthy__a85782e1b8,train,blueberry healthy,5,data/images/train/blueberry_healthy/blueberry_healthy__a85782e1b8.jpg,480,388,train,train/Blueberry leaf/blueberries-and-leaves.jpg,Blueberry leaf,480,388,JPEG,a85782e1b80df89b4a02f9467a0900e0,2536430509279611723,401,1
blueberry_healthy__aa63607804,train,blueberry healthy,5,data/images/train/blueberry_healthy/blueberry_healthy__aa63607804.jpg,512,384,train,train/Blueberry leaf/IMG_8502.JPG.jpg,Blueberry leaf,1600,1200,JPEG,aa6360780405648e1a09625e6445cf37,10561949141461656677,387,1
blueberry_healthy__ac96530ad6,train,blueberry healthy,5,data/images/train/blueberry_healthy/blueberry_healthy__ac96530ad6.jpg,507,512,train,train/Blueberry leaf/blueberry-bushes-clipart-16.jpg,Blueberry leaf,1287,1300,JPEG,ac96530ad6b6df9d88895cc7163cd0fa,14473580150175002182,404,1
blueberry_healthy__ad5f417ff0,train,blueberry healthy,5,data/images/train/blueberry_healthy/blueberry_healthy__ad5f417ff0.jpg,400,380,train,train/Blueberry leaf/Blueberry-Leaf.jpg,Blueberry leaf,400,380,JPEG,ad5f417ff0bec77f24b4fbaf1af60df3,10806218842843830488,371,1
blueberry_healthy__b1403d4134,train,blueberry healthy,5,data/images/train/blueberry_healthy/blueberry_healthy__b1403d4134.jpg,512,382,train,train/Blueberry leaf/immatureleaffootbug.jpg,Blueberry leaf,2592,1936,JPEG,b1403d413473fed6c1beb9147d96b788,10631772233812710427,435,1
blueberry_healthy__b1fd16ddbd,train,blueberry healthy,5,data/images/train/blueberry_healthy/blueberry_healthy__b1fd16ddbd.jpg,510,512,train,train/Blueberry leaf/blueberry-leaf-isolated-white-background-blueberry-leaf-isolated-99227523.jpg,Blueberry leaf,1300,1305,JPEG,b1fd16ddbd4b703dcee3327907c8972d,1484813726390296001,410,1
blueberry_healthy__b343e9ae3c,train,blueberry healthy,5,data/images/train/blueberry_healthy/blueberry_healthy__b343e9ae3c.jpg,512,288,train,train/Blueberry leaf/acid_0033.jpg,Blueberry leaf,1280,720,JPEG,b343e9ae3c9d71a1b3a106bcee30c471,5081945854413936955,398,1
blueberry_healthy__b3660afe2d,train,blueberry healthy,5,data/images/train/blueberry_healthy/blueberry_healthy__b3660afe2d.jpg,512,388,train,train/Blueberry leaf/blueberry-fruit-leaf-closeup-isolated-white-58260795.jpg,Blueberry leaf,1300,985,JPEG,b3660afe2d9fee288afd8c79982f5f25,2830396433079679173,407,1
blueberry_healthy__b391de9451,train,blueberry healthy,5,data/images/train/blueberry_healthy/blueberry_healthy__b391de9451.jpg,512,384,train,train/Blueberry leaf/vaccinium-myrtilloides-13-1.jpg,Blueberry leaf,720,540,JPEG,b391de94510792905be86ed1ed31436a,14020710094591808182,452,1
blueberry_healthy__b3ef7bd4b7,train,blueberry healthy,5,data/images/train/blueberry_healthy/blueberry_healthy__b3ef7bd4b7.jpg,386,512,train,train/Blueberry leaf/blueberry-leaf-isolated-white-background-clipping-path-82775455.jpg,Blueberry leaf,981,1300,JPEG,b3ef7bd4b7d3e5a41f7a2be04607ba7e,5191696123493747784,411,1
blueberry_healthy__b9a60ee5ec,train,blueberry healthy,5,data/images/train/blueberry_healthy/blueberry_healthy__b9a60ee5ec.jpg,512,384,test,test/Blueberry leaf/vaccinium-angustifolium-low-bush-blueberry_0830_124221.jpg,Blueberry leaf,720,540,JPEG,b9a60ee5ec59e34754e7bea5fdeaafc8,1025516530791834466,2340,1
blueberry_healthy__ba5dcc6822,train,blueberry healthy,5,data/images/train/blueberry_healthy/blueberry_healthy__ba5dcc6822.jpg,370,512,train,train/Blueberry leaf/blueberry-leaves-normal-above-and-iron-deficient-below-bgahf8.jpg,Blueberry leaf,390,540,JPEG,ba5dcc6822fe97d13578703e2988b2ce,17566219366640414726,420,2
blueberry_healthy__bc14e6c602,train,blueberry healthy,5,data/images/train/blueberry_healthy/blueberry_healthy__bc14e6c602.jpg,512,406,train,train/Blueberry leaf/P1200644+Vaccinium+alaskaense+Alaska+Blueberry+cr.jpg,Blueberry leaf,1600,1270,JPEG,bc14e6c60295c77d6ea8c6f60f54af5e,15676831691611476710,392,1
blueberry_healthy__be9be74a53,train,blueberry healthy,5,data/images/train/blueberry_healthy/blueberry_healthy__be9be74a53.jpg,479,512,train,train/Blueberry leaf/blueberry-leaves-white-collection-isolated-35579573.jpg,Blueberry leaf,1300,1390,JPEG,be9be74a539b90b2e664a6449d8ab26e,1383472815582548940,422,1
blueberry_healthy__c129abc2c2,train,blueberry healthy,5,data/images/train/blueberry_healthy/blueberry_healthy__c129abc2c2.jpg,512,384,train,train/Blueberry leaf/5920105029_2c657564ba_b.jpg,Blueberry leaf,1024,768,JPEG,c129abc2c209555a0395e24eea973e0d,2417546575726356187,361,1
blueberry_healthy__c5930df531,train,blueberry healthy,5,data/images/train/blueberry_healthy/blueberry_healthy__c5930df531.jpg,512,377,train,train/Blueberry leaf/leaf-blueberry-plant-vaccinium-corymbosum-north-america-usa-bush-103375785.jpg,Blueberry leaf,1300,957,JPEG,c5930df53101800e85bb5222e0199278,7598826496427871177,437,1
blueberry_healthy__c70ba40a7f,train,blueberry healthy,5,data/images/train/blueberry_healthy/blueberry_healthy__c70ba40a7f.jpg,512,511,train,train/Blueberry leaf/7-blueberry-leaves.jpg,Blueberry leaf,1200,1197,JPEG,c70ba40a7f37709ec48153776f493dbc,7851704729058067155,363,1
blueberry_healthy__d06ba4d594,train,blueberry healthy,5,data/images/train/blueberry_healthy/blueberry_healthy__d06ba4d594.jpg,512,341,train,train/Blueberry leaf/vaov_006_lhp.jpg,Blueberry leaf,900,600,JPEG,d06ba4d59435a6fc428f962426642665,6144391282141759821,457,1
blueberry_healthy__d1d29357c9,train,blueberry healthy,5,data/images/train/blueberry_healthy/blueberry_healthy__d1d29357c9.jpg,512,358,train,train/Blueberry leaf/blueberry-fruit-blooming-flower-with-leaf-g3wa0t.jpg,Blueberry leaf,640,447,JPEG,d1d29357c9f947401f15eecc96eeb2fa,14716729606287563780,406,1
blueberry_healthy__d50e578ce8,train,blueberry healthy,5,data/images/train/blueberry_healthy/blueberry_healthy__d50e578ce8.jpg,512,343,train,train/Blueberry leaf/blueberry+leaf.jpg,Blueberry leaf,968,648,JPEG,d50e578ce8290833908035008fe02900,3762797397926952315,402,1
blueberry_healthy__d65b531dcd,train,blueberry healthy,5,data/images/train/blueberry_healthy/blueberry_healthy__d65b531dcd.jpg,377,512,test,test/Blueberry leaf/P1200701+Vaccinium+ovalifolium+Oval-leaf+Blueberry+leaf+margin+Heather+Meadows+cr.jpg,Blueberry leaf,1012,1376,JPEG,d65b531dcd874468956831a1c8bcf148,8753307566735161743,2333,1
blueberry_healthy__d72ff90e4a,train,blueberry healthy,5,data/images/train/blueberry_healthy/blueberry_healthy__d72ff90e4a.jpg,512,386,train,train/Blueberry leaf/IMG_0002_original.JPG?1500100269.jpg,Blueberry leaf,2206,1664,JPEG,d72ff90e4a73653efa39ebba86a1186a,16332511687688774376,382,1
blueberry_healthy__dc04753d60,train,blueberry healthy,5,data/images/train/blueberry_healthy/blueberry_healthy__dc04753d60.jpg,512,343,train,train/Blueberry leaf/plant-fruit-berry-leaf-flower-food-herb-produce-blueberry-botany-flora-plants-wildflower-shrub-macro-photography-wipes-flowering-plant-bilberry-huckleberry-dayflower-land-plant-dayflower-family-1090218.jpg,Blueberry leaf,3872,2592,JPEG,dc04753d60dfccbbb39ef8ea3a692f7f,562432743165825584,440,1
blueberry_healthy__e612109617,train,blueberry healthy,5,data/images/train/blueberry_healthy/blueberry_healthy__e612109617.jpg,512,278,train,train/Blueberry leaf/9-Folia-Myrtilli-Blueberry-Leaves-Gjethe-Boronice-1.jpg,Blueberry leaf,1915,1040,JPEG,e6121096175fee7e4b5df15fe1ed96ec,3149207096500002368,364,1
blueberry_healthy__e94a1c9ff0,train,blueberry healthy,5,data/images/train/blueberry_healthy/blueberry_healthy__e94a1c9ff0.jpg,512,384,train,train/Blueberry leaf/Chlorotic-Blueberry-Leaf.jpg,Blueberry leaf,1280,960,JPEG,e94a1c9ff0a4e78482963511de75d845,15196239098708287914,378,1
blueberry_healthy__ebefc83af8,train,blueberry healthy,5,data/images/train/blueberry_healthy/blueberry_healthy__ebefc83af8.jpg,512,395,train,train/Blueberry leaf/blueberry-leaf-set-collection-isolated-white-58283965.jpg,Blueberry leaf,1300,1002,JPEG,ebefc83af80b2fea8888f4152c6bb449,14793609049932394949,414,1
blueberry_healthy__ef8e4f5286,train,blueberry healthy,5,data/images/train/blueberry_healthy/blueberry_healthy__ef8e4f5286.jpg,512,384,train,train/Blueberry leaf/Fruit-Blueberry-Northblue.jpg,Blueberry leaf,1143,857,JPEG,ef8e4f52863d2e0e00cc885558110676,1966187049756603191,380,1
blueberry_healthy__f19393e00b,train,blueberry healthy,5,data/images/train/blueberry_healthy/blueberry_healthy__f19393e00b.jpg,512,382,train,train/Blueberry leaf/SmzpflTl.jpg,Blueberry leaf,640,478,JPEG,f19393e00b4552b3351ccd312a1003b3,5488852594649637037,397,1
blueberry_healthy__f54ba895cb,train,blueberry healthy,5,data/images/train/blueberry_healthy/blueberry_healthy__f54ba895cb.jpg,512,453,train,"train/Blueberry leaf/autumn,+blueberry+leaves.jpg",Blueberry leaf,700,620,JPEG,f54ba895cbe47fec299562182be82f35,5497991898849929894,399,1
blueberry_healthy__f64a5c97af,train,blueberry healthy,5,data/images/train/blueberry_healthy/blueberry_healthy__f64a5c97af.jpg,512,384,train,train/Blueberry leaf/vaccinium-myrtilloides-le-mlovit.jpg,Blueberry leaf,1000,750,JPEG,f64a5c97aff16a9d182fd2f1002541ea,10648951177089246886,455,1
blueberry_healthy__f77a5f3a88,train,blueberry healthy,5,data/images/train/blueberry_healthy/blueberry_healthy__f77a5f3a88.jpg,512,367,test,test/Blueberry leaf/P1200665+Vaccinium+alaskaense+vs+ovalifolium+leaf+and++twig+cr.jpg,Blueberry leaf,1600,1148,JPEG,f77a5f3a88db68bd69f5371acdc21b3f,5536214867860935745,2332,1
blueberry_healthy__f81e933a70,train,blueberry healthy,5,data/images/train/blueberry_healthy/blueberry_healthy__f81e933a70.jpg,450,461,train,train/Blueberry leaf/stock-photo-blueberry-leaves-isolated-on-white-background-collection-569223157.jpg,Blueberry leaf,450,461,JPEG,f81e933a70793a3c152c00d605611779,15282162032266540325,444,1
blueberry_healthy__f86cadc7e3,train,blueberry healthy,5,data/images/train/blueberry_healthy/blueberry_healthy__f86cadc7e3.jpg,512,449,train,train/Blueberry leaf/blueberry-leaves-isolated-shadow-95294017.jpg,Blueberry leaf,1300,1139,JPEG,f86cadc7e3b3c3d3f026bcecc9b2bafa,2536695624666653676,419,1
blueberry_healthy__f8835eab76,train,blueberry healthy,5,data/images/train/blueberry_healthy/blueberry_healthy__f8835eab76.jpg,512,389,train,train/Blueberry leaf/P1200652+Vaccinium+ovalifolium+Ovalleaf+Blueberry+leaf+top+cr.jpg,Blueberry leaf,1600,1217,JPEG,f8835eab76ca1df0e245fae52127cc30,9684469998241916564,393,1
blueberry_healthy__f9907d904f,train,blueberry healthy,5,data/images/train/blueberry_healthy/blueberry_healthy__f9907d904f.jpg,500,500,train,train/Blueberry leaf/BLUEBERRY-BLUE-CROP-LEAF-500x500.jpg,Blueberry leaf,500,500,JPEG,f9907d904f02a6fdd2b25745336661eb,7519985755279027018,368,1
blueberry_healthy__fc1e3202cf,train,blueberry healthy,5,data/images/train/blueberry_healthy/blueberry_healthy__fc1e3202cf.jpg,512,364,train,train/Blueberry leaf/highbush_blueberry1337725765530.jpg,Blueberry leaf,674,479,JPEG,fc1e3202cfc877648ae55cadc13b0a8e,14567091602119124325,431,1
blueberry_healthy__ffc8a2f994,train,blueberry healthy,5,data/images/train/blueberry_healthy/blueberry_healthy__ffc8a2f994.jpg,512,384,train,train/Blueberry leaf/IMG_5310.JPG.jpg,Blueberry leaf,1600,1200,JPEG,ffc8a2f9941582c7582707da4b7c2563,14756317208415574584,385,1
cherry_healthy__02bb7b7283,train,cherry healthy,6,data/images/train/cherry_healthy/cherry_healthy__02bb7b7283.jpg,512,419,test,test/Cherry leaf/red-cherry-tree-leaf-isolated-crisp-white-background-35742030.jpg,Cherry leaf,1300,1065,JPEG,02bb7b7283ccba85137701798814571c,4723157973803533025,2350,1
cherry_healthy__05745a2774,train,cherry healthy,6,data/images/train/cherry_healthy/cherry_healthy__05745a2774.jpg,384,512,train,train/Cherry leaf/cherry-leaves-e1335624103663.jpg,Cherry leaf,2000,2666,JPEG,05745a277493a78844b1526668b4ade7,16344251574306285391,491,1
cherry_healthy__05de53194c,train,cherry healthy,6,data/images/train/cherry_healthy/cherry_healthy__05de53194c.jpg,512,271,train,train/Cherry leaf/cherry-tree-leaves.jpg,Cherry leaf,5184,2740,JPEG,05de53194c87d0a00fe1510692b09496,17976526445087021564,493,1
cherry_healthy__06810acdfd,train,cherry healthy,6,data/images/train/cherry_healthy/cherry_healthy__06810acdfd.jpg,350,300,train,train/Cherry leaf/cherry-tree-leaves-and-fruits.jpg,Cherry leaf,350,300,JPEG,06810acdfd76c3c1dffebc37b363d98a,9085257728165504078,492,1
cherry_healthy__13f87806e4,train,cherry healthy,6,data/images/train/cherry_healthy/cherry_healthy__13f87806e4.jpg,512,384,train,train/Cherry leaf/6.-Choke-cherry-fall-leaf-colour.jpg,Cherry leaf,2100,1575,JPEG,13f87806e433814c4c53e00dd69feb52,18012213214958952904,469,1
cherry_healthy__1c05c9e451,train,cherry healthy,6,data/images/train/cherry_healthy/cherry_healthy__1c05c9e451.jpg,512,384,train,train/Cherry leaf/15%20CHOKE%20CHERRY.jpg,Cherry leaf,2048,1536,JPEG,1c05c9e451c6f11b397dd5e9fc52b1b9,3198948131285507149,464,1
cherry_healthy__29b80cf383,train,cherry healthy,6,data/images/train/cherry_healthy/cherry_healthy__29b80cf383.jpg,384,512,train,train/Cherry leaf/Catalina%20Island%20Cherry.JPG.jpg,Cherry leaf,2448,3264,JPEG,29b80cf38339d25773e796eff9817727,1823110026549686809,478,1
cherry_healthy__31914f7fb7,train,cherry healthy,6,data/images/train/cherry_healthy/cherry_healthy__31914f7fb7.jpg,429,512,test,test/Cherry leaf/d7b79dbc0bca0eb3e63fbe5dfb256ccd53d90a4eb1413_1260x1260.jpg,Cherry leaf,1056,1260,JPEG,31914f7fb7762e1d54610a032e46ccdf,1462066023439863073,2342,1
cherry_healthy__33abdd5449,train,cherry healthy,6,data/images/train/cherry_healthy/cherry_healthy__33abdd5449.jpg,512,398,train,train/Cherry leaf/cherrytree-leaf.jpg,Cherry leaf,900,700,JPEG,33abdd5449d82a4c7e399c40a6a744cc,5957284459174314048,494,1
cherry_healthy__3a1357bc82,train,cherry healthy,6,data/images/train/cherry_healthy/cherry_healthy__3a1357bc82.jpg,340,512,test,test/Cherry leaf/prunsero_leaf1.jpg,Cherry leaf,2000,3008,JPEG,3a1357bc826689aee2109c0a1aa493dd,185728301097313381,2347,1
cherry_healthy__3c897c44ec,train,cherry healthy,6,data/images/train/cherry_healthy/cherry_healthy__3c897c44ec.jpg,341,512,train,train/Cherry leaf/ECE47.jpg,Cherry leaf,1000,1500,JPEG,3c897c44ece01f5191614fe0ce4b9c62,5134412690460533956,481,1
cherry_healthy__3dde76946d,train,cherry healthy,6,data/images/train/cherry_healthy/cherry_healthy__3dde76946d.jpg,512,379,train,train/Cherry leaf/canada_red_chokecherry_11_medium_.jpg,Cherry leaf,1037,768,JPEG,3dde76946d801520beefe37dddd69317,5576912144251588100,488,1
cherry_healthy__450ba43bd2,train,cherry healthy,6,data/images/train/cherry_healthy/cherry_healthy__450ba43bd2.jpg,340,512,test,test/Cherry leaf/prunsero_leaf2.jpg,Cherry leaf,2000,3008,JPEG,450ba43bd2acf1ff9f2793d3df4f6f9b,4763184825943045903,2348,1
cherry_healthy__4532e20fc9,train,cherry healthy,6,data/images/train/cherry_healthy/cherry_healthy__4532e20fc9.jpg,512,384,train,train/Cherry leaf/Cherry-Fruit-and-Leaves-tp1263.jpg,Cherry leaf,1800,1350,JPEG,4532e20fc90abddb418bf9a4597785a1,10564786288513166053,480,1
cherry_healthy__4b523e2869,train,cherry healthy,6,data/images/train/cherry_healthy/cherry_healthy__4b523e2869.jpg,512,384,train,train/Cherry leaf/Carolina%2BCherry%2BLaurel%2Bproblem1.jpg,Cherry leaf,1600,1200,JPEG,4b523e286975c459a4e5c9f8c0636f72,15230360765667381207,476,1
cherry_healthy__4e53270898,train,cherry healthy,6,data/images/train/cherry_healthy/cherry_healthy__4e53270898.jpg,512,277,train,train/Cherry leaf/Leaf%20cherry1.JPG.jpg,Cherry leaf,633,342,JPEG,4e53270898c52a6ef28816f35a8560f8,2102642640139206557,484,1
cherry_healthy__4e9710e1ae,train,cherry healthy,6,data/images/train/cherry_healthy/cherry_healthy__4e9710e1ae.jpg,512,384,train,train/Cherry leaf/CHERRY_CHOKE2_leaves.jpg,Cherry leaf,802,602,JPEG,4e9710e1aea9c9f697e63286cbb5bd19,2617524443072782472,474,1
cherry_healthy__509b526693,train,cherry healthy,6,data/images/train/cherry_healthy/cherry_healthy__509b526693.jpg,512,341,train,train/Cherry leaf/cherry-fertilizer.jpg,Cherry leaf,1696,1131,JPEG,509b526693fedcd03673a50781a66041,9418201160237541582,490,1
cherry_healthy__534def99ca,train,cherry healthy,6,data/images/train/cherry_healthy/cherry_healthy__534def99ca.jpg,512,384,train,train/Cherry leaf/radish-black-cherry-fruits-leaves.jpg,Cherry leaf,4000,3000,JPEG,534def99caa82886052c9c67c3b1f1e8,1879471521276519660,501,1
cherry_healthy__56a1f8b662,train,cherry healthy,6,data/images/train/cherry_healthy/cherry_healthy__56a1f8b662.jpg,384,512,train,train/Cherry leaf/1b9155649757248759cdbe7d83cc94c0.jpg,Cherry leaf,736,981,JPEG,56a1f8b662bb915fa07a6a8f2eee175f,2327248971809460400,465,1
cherry_healthy__56b6b2dffb,train,cherry healthy,6,data/images/train/cherry_healthy/cherry_healthy__56b6b2dffb.jpg,429,512,train,train/Cherry leaf/02b13cea19417b15cf3d6ff534aa7ea653ad783094a60_1260x1260.jpg,Cherry leaf,1056,1260,JPEG,56b6b2dffbe60ea0817958773e8b4d1d,1484673358238656262,460,1
cherry_healthy__59f61450c5,train,cherry healthy,6,data/images/train/cherry_healthy/cherry_healthy__59f61450c5.jpg,428,512,train,train/Cherry leaf/yoshino-weeping-cherry-tree9.jpg,Cherry leaf,700,838,JPEG,59f61450c50d72d74b4048a045aedb63,9980875179005645657,506,1
cherry_healthy__5a38954c26,train,cherry healthy,6,data/images/train/cherry_healthy/cherry_healthy__5a38954c26.jpg,512,512,train,train/Cherry leaf/Bird-Cherry-%28Prunus-Padus%29-Leaf-and-Flowers.jpg,Cherry leaf,1000,1000,JPEG,5a38954c269bff0a9f785f35b98aa40d,8951359829224043879,472,1
cherry_healthy__5cbc93f838,train,cherry healthy,6,data/images/train/cherry_healthy/cherry_healthy__5cbc93f838.jpg,512,383,test,test/Cherry leaf/three-vibrant-leaves-bird-cherry-tree-13905898.jpg,Cherry leaf,1300,972,JPEG,5cbc93f8380b763d7658852d46f24f04,742365181679390193,2351,1
cherry_healthy__6190a2195b,train,cherry healthy,6,data/images/train/cherry_healthy/cherry_healthy__6190a2195b.jpg,512,465,train,train/Cherry leaf/prunus-pensylvanica-le-ahaines-a.jpg,Cherry leaf,1000,908,JPEG,6190a2195b12ce0d06c6f49e37aa8c92,15911485677797758141,500,1
cherry_healthy__61aae2945f,train,cherry healthy,6,data/images/train/cherry_healthy/cherry_healthy__61aae2945f.jpg,512,389,train,train/Cherry leaf/BlackCherry04.jpg,Cherry leaf,750,570,JPEG,61aae2945fceb034968a77172e179273,6472121506405176229,473,1
cherry_healthy__6644e60c98,train,cherry healthy,6,data/images/train/cherry_healthy/cherry_healthy__6644e60c98.jpg,512,384,train,train/Cherry leaf/Carolina%2BCherry%2BLaurel%2Bproblem3.jpg,Cherry leaf,1600,1200,JPEG,6644e60c98fabc6e2801fdc9e0b3baba,14367453826679115817,477,1
cherry_healthy__754f0a6d52,train,cherry healthy,6,data/images/train/cherry_healthy/cherry_healthy__754f0a6d52.jpg,512,384,train,train/Cherry leaf/cherry+tree.jpg,Cherry leaf,800,600,JPEG,754f0a6d52e082a970d662b1a38d0afe,18202577432548385836,489,1
cherry_healthy__89e61ac2d4,train,cherry healthy,6,data/images/train/cherry_healthy/cherry_healthy__89e61ac2d4.jpg,384,512,train,train/Cherry leaf/100_4608.jpg,Cherry leaf,2142,2856,JPEG,89e61ac2d46c77d9e5cd5683962c7f62,16703505654988376712,462,1
cherry_healthy__8ebf7af521,train,cherry healthy,6,data/images/train/cherry_healthy/cherry_healthy__8ebf7af521.jpg,512,330,train,train/Cherry leaf/canada-red-cherry-leaves.jpg,Cherry leaf,800,516,JPEG,8ebf7af52172418de592de94a9c0c266,3901000232991725680,487,1
cherry_healthy__921ebb8df8,train,cherry healthy,6,data/images/train/cherry_healthy/cherry_healthy__921ebb8df8.jpg,340,512,train,train/Cherry leaf/prunsero_twig3.jpg,Cherry leaf,2000,3008,JPEG,921ebb8df8fda4017c8ebf8321739400,4041990250106856549,497,1
cherry_healthy__9873c98774,train,cherry healthy,6,data/images/train/cherry_healthy/cherry_healthy__9873c98774.jpg,512,420,train,train/Cherry leaf/sunburst_cherry.jpg,Cherry leaf,1000,820,JPEG,9873c98774046462935e636b5cbbe893,16905544346094489423,502,1
cherry_healthy__a490ddcb8d,train,cherry healthy,6,data/images/train/cherry_healthy/cherry_healthy__a490ddcb8d.jpg,429,512,train,train/Cherry leaf/2febe52cfac784c3191c804390d51ab756a3a7c8b9314_1260x1260.jpg,Cherry leaf,1056,1260,JPEG,a490ddcb8de2cf5a922db53a5f41891f,1484109306340836372,466,1
cherry_healthy__aeaf8a5136,train,cherry healthy,6,data/images/train/cherry_healthy/cherry_healthy__aeaf8a5136.jpg,512,384,train,train/Cherry leaf/black-brazilian-cherry-4988.jpeg.jpg,Cherry leaf,1280,960,JPEG,aeaf8a51360c43946a9432f2bbc4be99,5927605939511766086,486,1
cherry_healthy__b5d5aac4a2,train,cherry healthy,6,data/images/train/cherry_healthy/cherry_healthy__b5d5aac4a2.jpg,384,512,train,train/Cherry leaf/IMG_5892_original.JPG?1500348823.jpg,Cherry leaf,2448,3264,JPEG,b5d5aac4a2e83769a9d60fcdec8b62ba,11983759260941634630,483,1
cherry_healthy__b9736e7291,train,cherry healthy,6,data/images/train/cherry_healthy/cherry_healthy__b9736e7291.jpg,512,384,train,train/Cherry leaf/CHERRY_CHOKE_leaves.jpg,Cherry leaf,802,602,JPEG,b9736e72912e437f3ccf51e0faee6623,3173473547795306540,475,1
cherry_healthy__b9e67d37e8,train,cherry healthy,6,data/images/train/cherry_healthy/cherry_healthy__b9e67d37e8.jpg,512,288,train,train/Cherry leaf/RAx1iE.jpg,Cherry leaf,1366,768,JPEG,b9e67d37e87077089a0a9116ef6b13ea,9128697722029134563,485,1
cherry_healthy__c591d711a7,train,cherry healthy,6,data/images/train/cherry_healthy/cherry_healthy__c591d711a7.jpg,429,512,test,test/Cherry leaf/ed12ff77ce021883de241830dee55e2e53d2c93231699_1260x1260.jpg,Cherry leaf,1056,1260,JPEG,c591d711a768f61ed47d209c16a64956,814322048047140132,2344,1
cherry_healthy__c74d3d02ce,train,cherry healthy,6,data/images/train/cherry_healthy/cherry_healthy__c74d3d02ce.jpg,406,512,test,test/Cherry leaf/five-cherry-tree-green-leaves-white-isolated-background-34493587.jpg,Cherry leaf,1032,1300,JPEG,c74d3d02ce6bb475eb8705ec57be2447,10824461516687258676,2346,1
cherry_healthy__cd50594e63,train,cherry healthy,6,data/images/train/cherry_healthy/cherry_healthy__cd50594e63.jpg,429,512,train,train/Cherry leaf/3b296e7197cc7e3d138892539e2e9ba453ad782db3398_1260x1260.jpg,Cherry leaf,1056,1260,JPEG,cd50594e6317e38118ef77508b6f1f15,5240843285828605970,467,1
cherry_healthy__d471265a4d,train,cherry healthy,6,data/images/train/cherry_healthy/cherry_healthy__d471265a4d.jpg,429,512,test,test/Cherry leaf/fc729af279e9087d00bd32d89a1552a756a3ad9de7f2b_1260x1260.jpg,Cherry leaf,1056,1260,JPEG,d471265a4d58fed60e670ecbfa7942cf,1750296679993462176,2345,1
cherry_healthy__d6d9a32eaa,train,cherry healthy,6,data/images/train/cherry_healthy/cherry_healthy__d6d9a32eaa.jpg,384,512,train,train/Cherry leaf/i-have-a-cherry-tree-5252.jpg,Cherry leaf,1536,2048,JPEG,d6d9a32eaa3453f37d3bf732f8172687,6580951037551374832,495,1
cherry_healthy__dc778764be,train,cherry healthy,6,data/images/train/cherry_healthy/cherry_healthy__dc778764be.jpg,429,512,test,test/Cherry leaf/e52bbb9a08ede2948ba0c006f02fe7b053ad7831d1df6_1260x1260.jpg,Cherry leaf,1056,1260,JPEG,dc778764be564118a7bea600ec30336e,2703873980004452892,2343,1
cherry_healthy__e59787a353,train,cherry healthy,6,data/images/train/cherry_healthy/cherry_healthy__e59787a353.jpg,512,363,train,train/Cherry leaf/wild-and-choke-cherry-leaves_edited-1.jpg,Cherry leaf,720,511,JPEG,e59787a35326ca7afeb48e06a9db2d17,17359663136462958960,504,1
cherry_healthy__e92437d3b4,train,cherry healthy,6,data/images/train/cherry_healthy/cherry_healthy__e92437d3b4.jpg,362,512,train,train/Cherry leaf/5dab054e26cde431baf6a8e0e3f0f258.jpg,Cherry leaf,736,1040,JPEG,e92437d3b41ec3d8ba160a4236b6f335,14317067022696288489,468,1
cherry_healthy__f07a76cd4d,train,cherry healthy,6,data/images/train/cherry_healthy/cherry_healthy__f07a76cd4d.jpg,512,384,train,train/Cherry leaf/prunus-pensylvanica-007.jpg,Cherry leaf,800,600,JPEG,f07a76cd4d4e71d393efe2f6cb9641a9,1019725338534206059,499,1
cherry_healthy__f42b363c25,train,cherry healthy,6,data/images/train/cherry_healthy/cherry_healthy__f42b363c25.jpg,512,384,train,train/Cherry leaf/IMG_4280.JPG.jpg,Cherry leaf,1600,1200,JPEG,f42b363c250a701d662b6e557e5c8227,12482882088402193604,482,1
corn_gray_leaf_spot__0344ddcc69,train,corn gray leaf spot,7,data/images/train/corn_gray_leaf_spot/corn_gray_leaf_spot__0344ddcc69.jpg,512,135,train,train/Corn Gray leaf spot/GetFile.aspx?guid=fb78e057-33b3-4901-b836-e08e45889f6f.jpg,Corn Gray leaf spot,829,218,JPEG,0344ddcc69a9d0ba5b192fb35723f171,13527469929085975046,531,1
corn_gray_leaf_spot__0aaeb0fa16,train,corn gray leaf spot,7,data/images/train/corn_gray_leaf_spot/corn_gray_leaf_spot__0aaeb0fa16.jpg,300,236,train,train/Corn Gray leaf spot/g1902-3b.jpg,Corn Gray leaf spot,300,236,JPEG,0aaeb0fa16e8ae7c840755fec2917447,7790011869356128294,552,1
corn_gray_leaf_spot__10f29bb4c3,train,corn gray leaf spot,7,data/images/train/corn_gray_leaf_spot/corn_gray_leaf_spot__10f29bb4c3.jpg,512,384,train,train/Corn Gray leaf spot/CGrayLeafSpot.jpg,Corn Gray leaf spot,900,675,JPEG,10f29bb4c3099fa8184cedd0b437d645,11356134927542043793,519,1
corn_gray_leaf_spot__1248a14203,train,corn gray leaf spot,7,data/images/train/corn_gray_leaf_spot/corn_gray_leaf_spot__1248a14203.jpg,512,256,train,train/Corn Gray leaf spot/cp_A-325_gray_leaf_spot_article.jpg,Corn Gray leaf spot,690,345,JPEG,1248a142032a39ac212446c17408ed82,3951621635735854264,550,1
corn_gray_leaf_spot__1636ff5576,train,corn gray leaf spot,7,data/images/train/corn_gray_leaf_spot/corn_gray_leaf_spot__1636ff5576.jpg,350,260,train,train/Corn Gray leaf spot/Kelley%20Gray%20leaf%20spot.jpg,Corn Gray leaf spot,350,260,JPEG,1636ff5576ca58890d0e14eee226df30,14490755390214561996,543,1
corn_gray_leaf_spot__17bcfa5973,train,corn gray leaf spot,7,data/images/train/corn_gray_leaf_spot/corn_gray_leaf_spot__17bcfa5973.jpg,512,384,train,train/Corn Gray leaf spot/2013Corn_GrayLeaf_0820_0003.JPG.jpg,Corn Gray leaf spot,1600,1200,JPEG,17bcfa59737a37128ad801b02d1bab57,10652124666781741746,513,1
corn_gray_leaf_spot__21207c9911,train,corn gray leaf spot,7,data/images/train/corn_gray_leaf_spot/corn_gray_leaf_spot__21207c9911.jpg,328,247,train,train/Corn Gray leaf spot/cornGLS2.jpg,Corn Gray leaf spot,328,247,JPEG,21207c9911a6bd91f18cf0ef17bc5aa9,11575345889384864965,549,1
corn_gray_leaf_spot__270cf1bedd,train,corn gray leaf spot,7,data/images/train/corn_gray_leaf_spot/corn_gray_leaf_spot__270cf1bedd.jpg,512,421,train,train/Corn Gray leaf spot/1193.jpg,Corn Gray leaf spot,527,433,JPEG,270cf1beddd9757bb70cb989a7ae01a3,7234162517469504845,509,1
corn_gray_leaf_spot__38c38344ba,train,corn gray leaf spot,7,data/images/train/corn_gray_leaf_spot/corn_gray_leaf_spot__38c38344ba.jpg,512,385,train,train/Corn Gray leaf spot/2f73110f80014a25a53f9551c94bf164.png.jpg,Corn Gray leaf spot,525,395,PNG,38c38344babfbb8f483356267369fb60,17343576243152353342,517,1
corn_gray_leaf_spot__39be0a3e4c,train,corn gray leaf spot,7,data/images/train/corn_gray_leaf_spot/corn_gray_leaf_spot__39be0a3e4c.jpg,512,291,train,train/Corn Gray leaf spot/Figure%201.jpg,Corn Gray leaf spot,1080,614,JPEG,39be0a3e4cd426c96b86091e24fa42c6,872779999217513056,527,1
corn_gray_leaf_spot__3b83f4912e,train,corn gray leaf spot,7,data/images/train/corn_gray_leaf_spot/corn_gray_leaf_spot__3b83f4912e.jpg,360,242,train,train/Corn Gray leaf spot/rsz0803Figure5.jpg,Corn Gray leaf spot,360,242,JPEG,3b83f4912ed6a14a14f88a10d1d2e874,18442235524399198617,569,1
corn_gray_leaf_spot__3cfdafafa4,train,corn gray leaf spot,7,data/images/train/corn_gray_leaf_spot/corn_gray_leaf_spot__3cfdafafa4.jpg,512,384,train,train/Corn Gray leaf spot/1192.jpg,Corn Gray leaf spot,640,480,JPEG,3cfdafafa472cd8a2a60b090ce4ae4dd,11095177665497463004,508,1
corn_gray_leaf_spot__415931a39a,train,corn gray leaf spot,7,data/images/train/corn_gray_leaf_spot/corn_gray_leaf_spot__415931a39a.jpg,400,267,train,train/Corn Gray leaf spot/Gray%20leaf%20spot-Adam%20Sisson%20%2856%29%20copy-400x267.jpg,Corn Gray leaf spot,400,267,JPEG,415931a39a867fb57d3efb3b4cc5219d,10068058479771738156,533,1
corn_gray_leaf_spot__43bfc9f80c,train,corn gray leaf spot,7,data/images/train/corn_gray_leaf_spot/corn_gray_leaf_spot__43bfc9f80c.jpg,174,512,train,train/Corn Gray leaf spot/g1902-1.jpg,Corn Gray leaf spot,200,590,JPEG,43bfc9f80c18e6c7fc7ec43e7071b018,13615160077109736595,551,1
corn_gray_leaf_spot__45ab110817,train,corn gray leaf spot,7,data/images/train/corn_gray_leaf_spot/corn_gray_leaf_spot__45ab110817.jpg,300,225,train,train/Corn Gray leaf spot/Corn-Gray-leafspot-lesions-300x225.jpg,Corn Gray leaf spot,300,225,JPEG,45ab1108177492aa310fb565beaa621d,16421222442231314070,521,1
corn_gray_leaf_spot__4891624b1c,train,corn gray leaf spot,7,data/images/train/corn_gray_leaf_spot/corn_gray_leaf_spot__4891624b1c.jpg,512,384,train,train/Corn Gray leaf spot/gray_leaf_spot.jpg,Corn Gray leaf spot,550,413,JPEG,4891624b1c6691bef799847eb71cd36e,6042908127416010314,557,1
corn_gray_leaf_spot__4a9664a9c0,train,corn gray leaf spot,7,data/images/train/corn_gray_leaf_spot/corn_gray_leaf_spot__4a9664a9c0.jpg,512,355,train,train/Corn Gray leaf spot/IMG_0004.JPG?itok=tv_vWPMi.jpg,Corn Gray leaf spot,567,393,JPEG,4a9664a9c04f75ae5418f4c7efaf3958,2774205059790310466,539,1
corn_gray_leaf_spot__4ab9872966,train,corn gray leaf spot,7,data/images/train/corn_gray_leaf_spot/corn_gray_leaf_spot__4ab9872966.jpg,432,324,train,train/Corn Gray leaf spot/grayleafspotinbred.jpg,Corn Gray leaf spot,432,324,JPEG,4ab9872966f0e011ce40bace2ce6da2f,6817075527754565145,563,1
corn_gray_leaf_spot__4ce98fccd6,train,corn gray leaf spot,7,data/images/train/corn_gray_leaf_spot/corn_gray_leaf_spot__4ce98fccd6.jpg,331,512,train,train/Corn Gray leaf spot/Gray%20Leaf%20SpotCORN039.JPG.jpg,Corn Gray leaf spot,349,540,JPEG,4ce98fccd6442f6a93760eded670c2d1,3738940165753159368,532,1
corn_gray_leaf_spot__4f46d9dc3d,train,corn gray leaf spot,7,data/images/train/corn_gray_leaf_spot/corn_gray_leaf_spot__4f46d9dc3d.jpg,432,324,train,train/Corn Gray leaf spot/grayleafspot99a.jpg,Corn Gray leaf spot,432,324,JPEG,4f46d9dc3dafbf608c4b2b46871f0114,16362769509368827033,560,1
corn_gray_leaf_spot__57197964d7,train,corn gray leaf spot,7,data/images/train/corn_gray_leaf_spot/corn_gray_leaf_spot__57197964d7.jpg,225,300,train,train/Corn Gray leaf spot/GLS-pic-1-1-225x300.jpg,Corn Gray leaf spot,225,300,JPEG,57197964d7b68e165788d090358d35e1,7112391412060503663,529,1
corn_gray_leaf_spot__58b4b83b74,train,corn gray leaf spot,7,data/images/train/corn_gray_leaf_spot/corn_gray_leaf_spot__58b4b83b74.jpg,512,314,train,train/Corn Gray leaf spot/Gray-Leaf-Spot-on-Corn-um9znc.jpg,Corn Gray leaf spot,1368,840,JPEG,58b4b83b745763795cc595dfd0da3be8,5072801775093648725,534,1
corn_gray_leaf_spot__5eb7ab216b,train,corn gray leaf spot,7,data/images/train/corn_gray_leaf_spot/corn_gray_leaf_spot__5eb7ab216b.jpg,512,341,train,train/Corn Gray leaf spot/Ontario-Field-Crop-Report_July_27_2017_f3-1024x681.jpg,Corn Gray leaf spot,1024,681,JPEG,5eb7ab216b88afe1beec72cf1f33c7af,16457532800041301356,544,1
corn_gray_leaf_spot__5fc7f1579d,train,corn gray leaf spot,7,data/images/train/corn_gray_leaf_spot/corn_gray_leaf_spot__5fc7f1579d.jpg,482,378,train,train/Corn Gray leaf spot/gray%20leaf%20spot.jpg,Corn Gray leaf spot,482,378,JPEG,5fc7f1579da313dbe8acac6a74a64a7d,17614955718730032124,555,1
corn_gray_leaf_spot__63487262a1,train,corn gray leaf spot,7,data/images/train/corn_gray_leaf_spot/corn_gray_leaf_spot__63487262a1.jpg,512,341,train,train/Corn Gray leaf spot/Gray-leaf-spot-Adam-Sisson-20.jpg,Corn Gray leaf spot,5184,3456,JPEG,63487262a1cb8d92efad615a53e79921,17066940297247225064,535,1
corn_gray_leaf_spot__683e50e307,train,corn gray leaf spot,7,data/images/train/corn_gray_leaf_spot/corn_gray_leaf_spot__683e50e307.jpg,432,271,train,train/Corn Gray leaf spot/1355.51grayleafspot.jpg,Corn Gray leaf spot,432,271,JPEG,683e50e307c154a9d4ba47c530b66632,7237248304162589890,510,1
corn_gray_leaf_spot__6f5ec07592,train,corn gray leaf spot,7,data/images/train/corn_gray_leaf_spot/corn_gray_leaf_spot__6f5ec07592.jpg,420,378,test,"test/Corn Gray leaf spot/show_picture.asp?id=aaaaaaaaaaogcqq&w2=420&h2=378&clip=center,420,378&meta=0.jpg",Corn Gray leaf spot,420,378,JPEG,6f5ec07592f7864db2f16b3a308415b0,12962716739341962617,2353,1
corn_gray_leaf_spot__73d93a0636,train,corn gray leaf spot,7,data/images/train/corn_gray_leaf_spot/corn_gray_leaf_spot__73d93a0636.jpg,300,191,train,train/Corn Gray leaf spot/FJ_018_F16271-3.jpg,Corn Gray leaf spot,300,191,JPEG,73d93a06364f632a09ee3bc72e3184c2,5668965067871984394,524,1
corn_gray_leaf_spot__7895df0ce3,train,corn gray leaf spot,7,data/images/train/corn_gray_leaf_spot/corn_gray_leaf_spot__7895df0ce3.jpg,480,320,train,train/Corn Gray leaf spot/lipps-d.jpg,Corn Gray leaf spot,480,320,JPEG,7895df0ce384522f953c80f2aa3bb2e1,14296474676227207609,566,1
corn_gray_leaf_spot__7add254d87,train,corn gray leaf spot,7,data/images/train/corn_gray_leaf_spot/corn_gray_leaf_spot__7add254d87.jpg,390,259,train,train/Corn Gray leaf spot/rsz0715grayleafspot.jpg,Corn Gray leaf spot,390,259,JPEG,7add254d875e1703aed13436c4ecf703,13974336434272780352,568,1
corn_gray_leaf_spot__7b1f729961,train,corn gray leaf spot,7,data/images/train/corn_gray_leaf_spot/corn_gray_leaf_spot__7b1f729961.jpg,326,512,train,train/Corn Gray leaf spot/grayleafspot_earleaf.jpg,Corn Gray leaf spot,432,679,JPEG,7b1f729961aba974be540c3109c4f350,10132459909853475698,561,1
corn_gray_leaf_spot__8294403a8e,train,corn gray leaf spot,7,data/images/train/corn_gray_leaf_spot/corn_gray_leaf_spot__8294403a8e.jpg,384,512,train,train/Corn Gray leaf spot/2015Corn_Hail_Taylor_PH%2B%25282%2529.JPG.jpg,Corn Gray leaf spot,1200,1600,JPEG,8294403a8e63ec0e4b1cb219d01d2235,6997918282066628431,515,1
corn_gray_leaf_spot__8529d9011d,train,corn gray leaf spot,7,data/images/train/corn_gray_leaf_spot/corn_gray_leaf_spot__8529d9011d.jpg,512,337,train,train/Corn Gray leaf spot/gray_leaf_spot_developing.jpg,Corn Gray leaf spot,550,362,JPEG,8529d9011df9ede3ef162b0eaf01e5fd,1732833933428541410,559,1
corn_gray_leaf_spot__8d61c419f7,train,corn gray leaf spot,7,data/images/train/corn_gray_leaf_spot/corn_gray_leaf_spot__8d61c419f7.jpg,512,214,train,train/Corn Gray leaf spot/Corn-gray-leaf-spot-8-15-F1-660.jpg,Corn Gray leaf spot,660,276,JPEG,8d61c419f7b03055476087e755d1ac73,5281167640561708539,522,1
corn_gray_leaf_spot__904cffa79e,train,corn gray leaf spot,7,data/images/train/corn_gray_leaf_spot/corn_gray_leaf_spot__904cffa79e.jpg,350,299,train,train/Corn Gray leaf spot/7176752.jpeg?351.jpg,Corn Gray leaf spot,350,299,JPEG,904cffa79efd1423b2daa05e169a0024,4326871508366188778,518,1
corn_gray_leaf_spot__909f5c3f7e,train,corn gray leaf spot,7,data/images/train/corn_gray_leaf_spot/corn_gray_leaf_spot__909f5c3f7e.jpg,400,487,train,train/Corn Gray leaf spot/GrayLeafSpot_Chilvers.jpg,Corn Gray leaf spot,400,487,JPEG,909f5c3f7e3d6d68359715f942649256,8176677468039639676,537,1
corn_gray_leaf_spot__99f7c4c8a7,train,corn gray leaf spot,7,data/images/train/corn_gray_leaf_spot/corn_gray_leaf_spot__99f7c4c8a7.jpg,227,300,train,train/Corn Gray leaf spot/gray-leafspt-09-227x300.jpg,Corn Gray leaf spot,227,300,JPEG,99f7c4c8a75b609f39d29d89bf389ef4,12062640146230114621,556,1
corn_gray_leaf_spot__9e8116ecf4,train,corn gray leaf spot,7,data/images/train/corn_gray_leaf_spot/corn_gray_leaf_spot__9e8116ecf4.jpg,512,384,train,train/Corn Gray leaf spot/Fig%202b.%20GLS%20backlit%20copy.jpg,Corn Gray leaf spot,852,639,JPEG,9e8116ecf4e7283a41bedf7e082aeb79,13515578153290068561,525,1
corn_gray_leaf_spot__a226c3d2d5,train,corn gray leaf spot,7,data/images/train/corn_gray_leaf_spot/corn_gray_leaf_spot__a226c3d2d5.jpg,512,288,train,train/Corn Gray leaf spot/corn-gray-leaf-spot-backlit-2.jpg,Corn Gray leaf spot,700,394,JPEG,a226c3d2d576d240e67adedae6dd9a10,18374681806670018559,546,1
corn_gray_leaf_spot__a6fbb8c71a,train,corn gray leaf spot,7,data/images/train/corn_gray_leaf_spot/corn_gray_leaf_spot__a6fbb8c71a.jpg,508,337,train,train/Corn Gray leaf spot/Gray-leaf-spot.jpg,Corn Gray leaf spot,508,337,JPEG,a6fbb8c71a7a525db99e77c0e75c37d4,16208651272183675120,536,1
corn_gray_leaf_spot__b0eb54e0df,train,corn gray leaf spot,7,data/images/train/corn_gray_leaf_spot/corn_gray_leaf_spot__b0eb54e0df.jpg,320,228,train,train/Corn Gray leaf spot/uuid%3D23d9bc54-c4a7-4958-890c-0505ac310594%26groupId%3D1841%26t%3D1278717199836.jpg,Corn Gray leaf spot,320,228,JPEG,b0eb54e0df8b072ee69fc34c5e22fcbf,6944186347220638695,570,1
corn_gray_leaf_spot__b7ea077965,train,corn gray leaf spot,7,data/images/train/corn_gray_leaf_spot/corn_gray_leaf_spot__b7ea077965.jpg,300,400,train,train/Corn Gray leaf spot/22-broders-CR-Gray-leaf-spot-corn.jpg,Corn Gray leaf spot,300,400,JPEG,b7ea077965d7733f0d85c0178d0553fd,15769593314473669490,516,1
corn_gray_leaf_spot__cf559e9e5f,train,corn gray leaf spot,7,data/images/train/corn_gray_leaf_spot/corn_gray_leaf_spot__cf559e9e5f.jpg,512,228,train,train/Corn Gray leaf spot/Figure%201%20Gray%20leaf%20spot%20and%20Northern%20corn%20leaf%20blight.jpg,Corn Gray leaf spot,523,233,JPEG,cf559e9e5f4dc7698c11a30e74729227,17542562003868177197,526,1
corn_gray_leaf_spot__d085ff9f65,train,corn gray leaf spot,7,data/images/train/corn_gray_leaf_spot/corn_gray_leaf_spot__d085ff9f65.jpg,512,358,train,train/Corn Gray leaf spot/GRAY_LE2.jpg,Corn Gray leaf spot,1500,1048,JPEG,d085ff9f65b68471b0a53e94b9e15e34,10426101731004817826,530,1
corn_gray_leaf_spot__d25e6d7853,train,corn gray leaf spot,7,data/images/train/corn_gray_leaf_spot/corn_gray_leaf_spot__d25e6d7853.jpg,512,269,train,train/Corn Gray leaf spot/IMG_1359.JPG.jpg,Corn Gray leaf spot,1200,630,JPEG,d25e6d78537214846833150e069f0afc,16700442135411896866,540,1
corn_gray_leaf_spot__d62538ba61,train,corn gray leaf spot,7,data/images/train/corn_gray_leaf_spot/corn_gray_leaf_spot__d62538ba61.jpg,288,512,train,train/Corn Gray leaf spot/IMG_6802%2B%25282%2529.JPG.jpg,Corn Gray leaf spot,710,1263,JPEG,d62538ba61e2080c3c460d8fe3408ef8,1084836017539858937,542,1
corn_gray_leaf_spot__d6e6561b78,train,corn gray leaf spot,7,data/images/train/corn_gray_leaf_spot/corn_gray_leaf_spot__d6e6561b78.jpg,480,320,test,test/Corn Gray leaf spot/strom5.jpg,Corn Gray leaf spot,480,320,JPEG,d6e6561b78bf7cea84c977af409d96b1,7759614178542888743,2354,1
corn_gray_leaf_spot__e00faaced1,train,corn gray leaf spot,7,data/images/train/corn_gray_leaf_spot/corn_gray_leaf_spot__e00faaced1.jpg,432,273,train,train/Corn Gray leaf spot/grayleafspothybrid.jpg,Corn Gray leaf spot,432,273,JPEG,e00faaced1a03e45e00ce936240cc164,3147627998990092364,562,1
corn_gray_leaf_spot__eef15aec00,train,corn gray leaf spot,7,data/images/train/corn_gray_leaf_spot/corn_gray_leaf_spot__eef15aec00.jpg,480,320,train,train/Corn Gray leaf spot/lipps-e.jpg,Corn Gray leaf spot,480,320,JPEG,eef15aec00491721fffee7e9c91a043f,2651720428366088569,567,1
corn_gray_leaf_spot__f7f8ebb8fa,train,corn gray leaf spot,7,data/images/train/corn_gray_leaf_spot/corn_gray_leaf_spot__f7f8ebb8fa.jpg,512,269,train,train/Corn Gray leaf spot/2013Corn_GrayLeafSpot_0815_0003.JPG.jpg,Corn Gray leaf spot,1200,630,JPEG,f7f8ebb8fa1097337b94e17f9dda7ef0,14768557123786401897,512,1
corn_gray_leaf_spot__fafc12cffa,train,corn gray leaf spot,7,data/images/train/corn_gray_leaf_spot/corn_gray_leaf_spot__fafc12cffa.jpg,512,386,train,train/Corn Gray leaf spot/Close-up-of-GLS.jpg,Corn Gray leaf spot,1275,960,JPEG,fafc12cffa95efc915c32f638f30875d,11139289726906492774,520,1
corn_gray_leaf_spot__fb0e650a73,train,corn gray leaf spot,7,data/images/train/corn_gray_leaf_spot/corn_gray_leaf_spot__fb0e650a73.jpg,512,384,train,train/Corn Gray leaf spot/Greyleafspot.jpg,Corn Gray leaf spot,651,488,JPEG,fb0e650a73f25dcf0cd5866ed3db6141,6691480349890608083,538,1
corn_leaf_blight__00275e74bf,train,corn leaf blight,8,data/images/train/corn_leaf_blight/corn_leaf_blight__00275e74bf.jpg,300,460,train,train/Corn leaf blight/agriculture-crop-disease-northern-corn-leaf-blight-fungus-exserohilum-turcicum-closeup-of-lesions-on-corn-leaves-texas-usa-x74mbx.jpg,Corn leaf blight,300,460,JPEG,00275e74bf4706412a79778ae390e3f9,1011790327621556531,662,1
corn_leaf_blight__01744ec517,train,corn leaf blight,8,data/images/train/corn_leaf_blight/corn_leaf_blight__01744ec517.jpg,320,512,train,train/Corn leaf blight/BacterialLeafStreakinCornImage1.png.jpg,Corn leaf blight,334,534,JPEG,01744ec517ce1cf6f7c745bc0f904355,7815897704561323980,600,1
corn_leaf_blight__021e351c8a,train,corn leaf blight,8,data/images/train/corn_leaf_blight/corn_leaf_blight__021e351c8a.jpg,400,267,train,train/Corn leaf blight/Freckles-in-older-lesion1.jpg,Corn leaf blight,400,267,JPEG,021e351c8ab2904ef2dd63b8e06c0063,17497173890033561840,626,1
corn_leaf_blight__02bc05225f,train,corn leaf blight,8,data/images/train/corn_leaf_blight/corn_leaf_blight__02bc05225f.jpg,512,226,train,train/Corn leaf blight/Corn-gray-leaf-spot-8-21.jpg,Corn leaf blight,1000,442,JPEG,02bc05225fff0985c374ce34bc181f99,1960147343401450524,612,1
corn_leaf_blight__04b5435b68,train,corn leaf blight,8,data/images/train/corn_leaf_blight/corn_leaf_blight__04b5435b68.jpg,374,350,train,train/Corn leaf blight/Corn-Disease-NCLB-A-Nelson-6-18-2015-F1.jpg,Corn leaf blight,374,350,JPEG,04b5435b680d2f75a223cc07f3c74f1b,17614275025760272748,606,1
corn_leaf_blight__062dde06b1,train,corn leaf blight,8,data/images/train/corn_leaf_blight/corn_leaf_blight__062dde06b1.jpg,512,512,train,train/Corn leaf blight/IMG_1385.jpg,Corn leaf blight,2448,2448,JPEG,062dde06b16873bc588505f220283d5f,6365888155092867395,631,1
corn_leaf_blight__0b40a1b9ce,train,corn leaf blight,8,data/images/train/corn_leaf_blight/corn_leaf_blight__0b40a1b9ce.jpg,376,512,train,train/Corn leaf blight/ga-2015-05-20-nclb.jpg,Corn leaf blight,450,612,JPEG,0b40a1b9ce99fd73ccf491857001c2fd,5027223362545104044,705,1
corn_leaf_blight__0c5257a518,train,corn leaf blight,8,data/images/train/corn_leaf_blight/corn_leaf_blight__0c5257a518.jpg,512,384,train,train/Corn leaf blight/gray-leaf-spot-lesions-F4.jpg,Corn leaf blight,618,463,JPEG,0c5257a518b668df5b928bddb7790374,14448044467501727487,707,1
corn_leaf_blight__0eab10c1ad,train,corn leaf blight,8,data/images/train/corn_leaf_blight/corn_leaf_blight__0eab10c1ad.jpg,384,512,train,train/Corn leaf blight/nclb3x1200.jpg,Corn leaf blight,1200,1600,JPEG,0eab10c1ad4a5d68d35e6dd0dac17a99,3904878078599784099,719,1
corn_leaf_blight__102105ec2c,train,corn leaf blight,8,data/images/train/corn_leaf_blight/corn_leaf_blight__102105ec2c.jpg,398,299,train,train/Corn leaf blight/disease.jpg,Corn leaf blight,398,299,JPEG,102105ec2c511d66c9c3c28edae5c869,7737639241478889933,698,1
corn_leaf_blight__120f1906e5,train,corn leaf blight,8,data/images/train/corn_leaf_blight/corn_leaf_blight__120f1906e5.jpg,512,288,train,train/Corn leaf blight/20160826-corndisease-unlt.jpg,Corn leaf blight,960,540,JPEG,120f1906e567db54c5711cbf0706524d,15408772374280369268,591,1
corn_leaf_blight__12213711fc,train,corn leaf blight,8,data/images/train/corn_leaf_blight/corn_leaf_blight__12213711fc.jpg,512,384,train,train/Corn leaf blight/Risk+factors+for+Goss%E2%80%99s+wilt+and+leaf+blight+Percent+surface+residue.jpg,Corn leaf blight,960,720,JPEG,12213711fca24d1c46cfc9fcfd68cecd,4995392702350951169,657,1
corn_leaf_blight__139d21b878,train,corn leaf blight,8,data/images/train/corn_leaf_blight/corn_leaf_blight__139d21b878.jpg,512,384,train,train/Corn leaf blight/Ontario-Field-Crop-Report_July_27_2017_f1-1024x768.jpg,Corn leaf blight,1024,768,JPEG,139d21b87820b3e258681a6a5f5d0235,1899035522248224153,654,1
corn_leaf_blight__190abe6d85,train,corn leaf blight,8,data/images/train/corn_leaf_blight/corn_leaf_blight__190abe6d85.jpg,384,512,train,train/Corn leaf blight/corn-disease-update-fig-1-northern-leaf-blight.jpg,Corn leaf blight,1500,2000,JPEG,190abe6d85b8607bed83ba7c04a2a62f,17339845427583223559,680,1
corn_leaf_blight__1d9400a11b,train,corn leaf blight,8,data/images/train/corn_leaf_blight/corn_leaf_blight__1d9400a11b.jpg,510,347,train,train/Corn leaf blight/011.jpg,Corn leaf blight,510,347,JPEG,1d9400a11b99b227097107bf7efa8a75,16457674529658591689,572,1
corn_leaf_blight__232d9356fc,train,corn leaf blight,8,data/images/train/corn_leaf_blight/corn_leaf_blight__232d9356fc.jpg,512,259,train,train/Corn leaf blight/N.-Corn-Leaf-Blight-20lx3t9.jpg,Corn leaf blight,662,335,JPEG,232d9356fcfb2f4704be98915daaddff,8988499658102903683,637,1
corn_leaf_blight__239000a31a,train,corn leaf blight,8,data/images/train/corn_leaf_blight/corn_leaf_blight__239000a31a.jpg,512,384,train,train/Corn leaf blight/Corn-gray-leaf-spot-8-14-15-F1.jpg,Corn leaf blight,1200,900,JPEG,239000a31a113bcb3daa485b79dfe99d,10866422276982430354,611,2
corn_leaf_blight__239a44bb9c,train,corn leaf blight,8,data/images/train/corn_leaf_blight/corn_leaf_blight__239a44bb9c.jpg,512,387,train,train/Corn leaf blight/00c.jpg,Corn leaf blight,800,605,JPEG,239a44bb9c0f9cc65c91bfb9f81d7901,9515679195099824305,571,1
corn_leaf_blight__23a259e1c6,train,corn leaf blight,8,data/images/train/corn_leaf_blight/corn_leaf_blight__23a259e1c6.jpg,288,512,train,train/Corn leaf blight/corn-leaf-scald-9c.jpg,Corn leaf blight,675,1200,JPEG,23a259e1c614a5cd22e841f4ba6923ab,8661190514300192776,687,1
corn_leaf_blight__2790c60c6f,train,corn leaf blight,8,data/images/train/corn_leaf_blight/corn_leaf_blight__2790c60c6f.jpg,500,500,train,train/Corn leaf blight/Fig%201b%20BLS%20backlit%20new%20copy.jpg,Corn leaf blight,500,500,JPEG,2790c60c6f5d9259e67f238e4051cfd6,2985162852237347468,621,1
corn_leaf_blight__2945755faa,train,corn leaf blight,8,data/images/train/corn_leaf_blight/corn_leaf_blight__2945755faa.jpg,512,288,test,test/Corn leaf blight/02c.jpg,Corn leaf blight,960,540,JPEG,2945755faa1e11a5c77e36c36b5dc010,12533696849260563644,2355,1
corn_leaf_blight__29b61743fc,train,corn leaf blight,8,data/images/train/corn_leaf_blight/corn_leaf_blight__29b61743fc.jpg,317,512,train,train/Corn leaf blight/northern-corn-leaf-blight-exserohilum-turcicum-lesions-on-a-maize-leaf-south-africa-XDYJWY.jpg,Corn leaf blight,860,1390,JPEG,29b61743fca51d7e8159239e14cff2ca,7253210450809332274,726,1
corn_leaf_blight__29e1b4f842,train,corn leaf blight,8,data/images/train/corn_leaf_blight/corn_leaf_blight__29e1b4f842.jpg,384,512,test,test/Corn leaf blight/160314_web.jpg,Corn leaf blight,400,533,JPEG,29e1b4f842886d469ce8faa30d0c7532,4123513443652367058,2360,1
corn_leaf_blight__2a56108e2e,train,corn leaf blight,8,data/images/train/corn_leaf_blight/corn_leaf_blight__2a56108e2e.jpg,512,504,train,train/Corn leaf blight/northern_leaf_blight.jpg,Corn leaf blight,563,554,JPEG,2a56108e2e49de65faec14ff5d81025f,6356895591072332030,730,1
corn_leaf_blight__2ac134d6fa,train,corn leaf blight,8,data/images/train/corn_leaf_blight/corn_leaf_blight__2ac134d6fa.jpg,288,512,train,train/Corn leaf blight/corn-bacterial-leaf-streak-backlit-severe-lesions.jpg,Corn leaf blight,675,1200,JPEG,2ac134d6fa2e982c686f0f53053831d8,16687468689157860412,673,1
corn_leaf_blight__2c7869e632,train,corn leaf blight,8,data/images/train/corn_leaf_blight/corn_leaf_blight__2c7869e632.jpg,288,512,train,train/Corn leaf blight/corn-bacterial-leaf-streak-zoomed.jpg,Corn leaf blight,676,1200,JPEG,2c7869e632a2c3b1d6d6e0957c1ba475,8095304434777015057,678,1
corn_leaf_blight__2d772c9036,train,corn leaf blight,8,data/images/train/corn_leaf_blight/corn_leaf_blight__2d772c9036.jpg,300,400,train,train/Corn leaf blight/leafblightcorn.jpg,Corn leaf blight,300,400,JPEG,2d772c9036124e827c3b22c0e566757e,11077787991940058860,716,1
corn_leaf_blight__301335a92f,train,corn leaf blight,8,data/images/train/corn_leaf_blight/corn_leaf_blight__301335a92f.jpg,347,264,train,train/Corn leaf blight/GLSvsNCLB.jpg,Corn leaf blight,347,264,JPEG,301335a92f96ffe8bfd435a2ae9848c2,1285946509661875404,627,1
corn_leaf_blight__3150df4119,train,corn leaf blight,8,data/images/train/corn_leaf_blight/corn_leaf_blight__3150df4119.jpg,512,340,train,train/Corn leaf blight/img_5593211e4bf88_49361.jpg,Corn leaf blight,550,365,JPEG,3150df4119aceb4df2e1eb4f0349501b,4654806856092458062,715,1
corn_leaf_blight__31cb30f8e3,train,corn leaf blight,8,data/images/train/corn_leaf_blight/corn_leaf_blight__31cb30f8e3.jpg,384,512,train,train/Corn leaf blight/Corn-Gray-Leaf-Spot-7-31-F2.jpg,Corn leaf blight,900,1200,JPEG,31cb30f8e330469157181c314b73c200,16746767655983937578,608,1
corn_leaf_blight__31fc44e490,train,corn leaf blight,8,data/images/train/corn_leaf_blight/corn_leaf_blight__31fc44e490.jpg,512,289,train,train/Corn leaf blight/CmyiAkUUIAAqSEa.jpg,Corn leaf blight,1024,577,JPEG,31fc44e490523f94882a950515be1e04,10696314923022049377,603,1
corn_leaf_blight__3252f1e5ac,train,corn leaf blight,8,data/images/train/corn_leaf_blight/corn_leaf_blight__3252f1e5ac.jpg,338,470,train,train/Corn leaf blight/stock-photo-northern-corn-leaf-blight-nclb-is-a-foliar-disease-of-corn-maize-caused-by-exserohilum-turcicum-592778870.jpg,Corn leaf blight,338,470,JPEG,3252f1e5ac88615b375ece230f8f768f,14599573332990993799,739,1
corn_leaf_blight__32fc3174b7,train,corn leaf blight,8,data/images/train/corn_leaf_blight/corn_leaf_blight__32fc3174b7.jpg,400,350,train,train/Corn leaf blight/article-fungicides-northern-corn-leaf-blight.jpg,Corn leaf blight,400,350,JPEG,32fc3174b76c30497236ff36cbc2f887,11579058313640941608,664,1
corn_leaf_blight__3481c3dcb1,train,corn leaf blight,8,data/images/train/corn_leaf_blight/corn_leaf_blight__3481c3dcb1.jpg,512,384,train,train/Corn leaf blight/Erv-sprayed-4.jpg,Corn leaf blight,1600,1200,JPEG,3481c3dcb148cb6ec8c7e4a51d0853d8,7089334799473697442,619,1
corn_leaf_blight__36cffe5d6b,train,corn leaf blight,8,data/images/train/corn_leaf_blight/corn_leaf_blight__36cffe5d6b.jpg,512,200,train,train/Corn leaf blight/Figure%202.JPG.jpg,Corn leaf blight,1080,421,JPEG,36cffe5d6bbd6ab59f4ea60ee83c6c83,16483344296593490069,624,1
corn_leaf_blight__374f9bef59,train,corn leaf blight,8,data/images/train/corn_leaf_blight/corn_leaf_blight__374f9bef59.jpg,300,339,train,train/Corn leaf blight/FJ_018_F16271-2.jpg,Corn leaf blight,300,339,JPEG,374f9bef59d8776ba48e6edb7d236836,17646761282791074792,620,1
corn_leaf_blight__3b16099adb,train,corn leaf blight,8,data/images/train/corn_leaf_blight/corn_leaf_blight__3b16099adb.jpg,512,384,test,test/Corn leaf blight/corn-disease-update-fig-3-gray-leaf-spot.jpg,Corn leaf blight,1500,1125,JPEG,3b16099adb7cd03c49a38ad23835b808,16163630600079863036,2364,1
corn_leaf_blight__3b23455cfe,train,corn leaf blight,8,data/images/train/corn_leaf_blight/corn_leaf_blight__3b23455cfe.jpg,338,470,train,train/Corn leaf blight/stock-photo-northern-corn-leaf-blight-nclb-is-a-foliar-disease-of-corn-maize-caused-by-exserohilum-turcicum-592778882.jpg,Corn leaf blight,338,470,JPEG,3b23455cfe345736978c2b3de485c21b,3978696277952941893,740,1
corn_leaf_blight__3c115a1b8d,train,corn leaf blight,8,data/images/train/corn_leaf_blight/corn_leaf_blight__3c115a1b8d.jpg,288,512,train,train/Corn leaf blight/IMG_20140601_143928_0711.jpg,Corn leaf blight,1836,3264,JPEG,3c115a1b8d67881f62e4b198f55f3c96,14013429313316267575,634,1
corn_leaf_blight__3fd6676704,train,corn leaf blight,8,data/images/train/corn_leaf_blight/corn_leaf_blight__3fd6676704.jpg,450,300,train,train/Corn leaf blight/bacterial-leaf-streak-of-corn-450-F1.jpg,Corn leaf blight,450,300,JPEG,3fd66767046142e04b3f078af3edbc51,3752839829107302624,667,1
corn_leaf_blight__3ff7f74bea,train,corn leaf blight,8,data/images/train/corn_leaf_blight/corn_leaf_blight__3ff7f74bea.jpg,300,200,train,train/Corn leaf blight/Fig1_Northern_corn_leaf_blight.JPG.jpg,Corn leaf blight,300,200,JPEG,3ff7f74beaf70dcc3bf9fc3ca864ef68,13290238878158141236,622,1
corn_leaf_blight__40c198c2cd,train,corn leaf blight,8,data/images/train/corn_leaf_blight/corn_leaf_blight__40c198c2cd.jpg,326,512,train,train/Corn leaf blight/agriculture-crop-disease-northern-corn-leaf-blight-fungus-exserohilum-FRA00E.jpg,Corn leaf blight,886,1390,JPEG,40c198c2cdc58436791f567a0d32035a,10353606701232367409,645,2
corn_leaf_blight__43467a6a68,train,corn leaf blight,8,data/images/train/corn_leaf_blight/corn_leaf_blight__43467a6a68.jpg,512,384,train,train/Corn leaf blight/image_1500x1500%253E.jpeg?1473988930.jpg,Corn leaf blight,1500,1125,JPEG,43467a6a68258e3475308971e710db9a,5372246302671823574,712,1
corn_leaf_blight__46c2c0abb0,train,corn leaf blight,8,data/images/train/corn_leaf_blight/corn_leaf_blight__46c2c0abb0.jpg,512,423,train,train/Corn leaf blight/Figure%202%20Foliar%20symptoms%20of%20similar%20diseases%20to%20Goss.jpg,Corn leaf blight,539,445,JPEG,46c2c0abb0f424de69fe86e9606a166e,8165536642518597849,623,1
corn_leaf_blight__48e4f2e0a1,train,corn leaf blight,8,data/images/train/corn_leaf_blight/corn_leaf_blight__48e4f2e0a1.jpg,325,512,train,train/Corn leaf blight/4885423651_3c983eaa16_b.jpg,Corn leaf blight,650,1024,JPEG,48e4f2e0a1ad7c80034631f75d774f05,13328571259960914164,598,1
corn_leaf_blight__506efb949f,train,corn leaf blight,8,data/images/train/corn_leaf_blight/corn_leaf_blight__506efb949f.jpg,337,470,train,train/Corn leaf blight/203725159.jpg,Corn leaf blight,337,470,JPEG,506efb949fad4815fa08756bf174367f,15914840202932930778,592,1
corn_leaf_blight__517cc63d5f,train,corn leaf blight,8,data/images/train/corn_leaf_blight/corn_leaf_blight__517cc63d5f.jpg,485,358,train,train/Corn leaf blight/corn-fig-2.jpg,Corn leaf blight,485,358,JPEG,517cc63d5ff36b97c14e59c6619ab2e1,7223519931605403981,683,1
corn_leaf_blight__5230609d6e,train,corn leaf blight,8,data/images/train/corn_leaf_blight/corn_leaf_blight__5230609d6e.jpg,400,400,train,train/Corn leaf blight/bacterial-corn-1.jpg,Corn leaf blight,400,400,JPEG,5230609d6e305996a614935256d0a048,17420982063307277250,665,2
corn_leaf_blight__525c9c0ccb,train,corn leaf blight,8,data/images/train/corn_leaf_blight/corn_leaf_blight__525c9c0ccb.jpg,255,340,train,train/Corn leaf blight/gosswilt_TMB.jpg,Corn leaf blight,255,340,JPEG,525c9c0ccbb08d84883a340512460bf5,9841724803077904464,706,1
corn_leaf_blight__54eca4ab1b,train,corn leaf blight,8,data/images/train/corn_leaf_blight/corn_leaf_blight__54eca4ab1b.jpg,259,308,train,train/Corn leaf blight/corn_disease_clip_image001_0003.jpg,Corn leaf blight,259,308,JPEG,54eca4ab1b8f9013369c1c6b39728f63,531833093156599137,696,1
corn_leaf_blight__5bc2c61006,train,corn leaf blight,8,data/images/train/corn_leaf_blight/corn_leaf_blight__5bc2c61006.jpg,444,185,train,train/Corn leaf blight/Stewarts-Leaf-Blight-Phase-24.jpg,Corn leaf blight,444,185,JPEG,5bc2c61006152c48929871f923dfb65d,8427629594499577715,661,1
corn_leaf_blight__5d8c387196,train,corn leaf blight,8,data/images/train/corn_leaf_blight/corn_leaf_blight__5d8c387196.jpg,500,236,train,train/Corn leaf blight/stewartswilt.jpg,Corn leaf blight,500,236,JPEG,5d8c387196c81a4aabe27842bebae235,10308003560765093932,736,1
corn_leaf_blight__5def700b76,train,corn leaf blight,8,data/images/train/corn_leaf_blight/corn_leaf_blight__5def700b76.jpg,482,296,train,train/Corn leaf blight/02.JPG.jpg,Corn leaf blight,482,296,JPEG,5def700b76bbaccd3c32a5bee2211aa8,14839979767116492828,574,1
corn_leaf_blight__5ec9bfc4ae,train,corn leaf blight,8,data/images/train/corn_leaf_blight/corn_leaf_blight__5ec9bfc4ae.jpg,512,208,train,train/Corn leaf blight/Corn-GLS-Picture2-e1403817927977-1024x416.jpg,Corn leaf blight,1024,416,JPEG,5ec9bfc4ae01ca85a5ad25c5ca49af8f,7272439149426550356,607,1
corn_leaf_blight__5f9aeaea1c,train,corn leaf blight,8,data/images/train/corn_leaf_blight/corn_leaf_blight__5f9aeaea1c.jpg,400,300,train,train/Corn leaf blight/03c.jpg,Corn leaf blight,400,300,JPEG,5f9aeaea1c0bf7a5e40905cb7c66438f,10924953272419406435,576,1
corn_leaf_blight__5fcb242e76,train,corn leaf blight,8,data/images/train/corn_leaf_blight/corn_leaf_blight__5fcb242e76.jpg,288,512,train,train/Corn leaf blight/corn-several-Holcus%20spot%20lesions-f4.jpg,Corn leaf blight,675,1200,JPEG,5fcb242e76dfa4a4be7046ff7043e5bd,10823023390562738530,692,1
corn_leaf_blight__6124917ff3,train,corn leaf blight,8,data/images/train/corn_leaf_blight/corn_leaf_blight__6124917ff3.jpg,512,342,train,train/Corn leaf blight/2014-07-23-corngosswilt.jpg,Corn leaf blight,640,427,JPEG,6124917ff357b79a15fac02e6db9d32e,6004799503160726869,588,1
corn_leaf_blight__61772a1a3f,train,corn leaf blight,8,data/images/train/corn_leaf_blight/corn_leaf_blight__61772a1a3f.jpg,441,383,train,train/Corn leaf blight/P6120019.jpg,Corn leaf blight,441,383,JPEG,61772a1a3f85a4f87e77bef460ed4ab6,4285111936035810532,656,1
corn_leaf_blight__6290951f3e,train,corn leaf blight,8,data/images/train/corn_leaf_blight/corn_leaf_blight__6290951f3e.jpg,512,382,train,train/Corn leaf blight/img_0099-2.jpg,Corn leaf blight,2592,1936,JPEG,6290951f3ed4c0d5a8479230023a2805,3490941080689841107,714,1
corn_leaf_blight__62ed393341,train,corn leaf blight,8,data/images/train/corn_leaf_blight/corn_leaf_blight__62ed393341.jpg,384,512,train,train/Corn leaf blight/Northern-corn-leaf-blight-V12-leaf-NM-F3.jpg,Corn leaf blight,1200,1600,JPEG,62ed3933412dce4df6a2bfd1c64a60f3,13707332429551515172,649,1
corn_leaf_blight__65e48bfb75,train,corn leaf blight,8,data/images/train/corn_leaf_blight/corn_leaf_blight__65e48bfb75.jpg,290,358,train,train/Corn leaf blight/rsz0731northernleafblightcigarshapedlesionsfig5.jpg,Corn leaf blight,290,358,JPEG,65e48bfb759e64554493061588cbdf48,15336158395599747316,733,1
corn_leaf_blight__6669f8c32b,train,corn leaf blight,8,data/images/train/corn_leaf_blight/corn_leaf_blight__6669f8c32b.jpg,338,470,train,train/Corn leaf blight/stock-photo-northern-corn-leaf-blight-nclb-is-a-foliar-disease-of-corn-maize-caused-by-exserohilum-turcicum-592778861.jpg,Corn leaf blight,338,470,JPEG,6669f8c32be5cbcd39ab9b03693faa0b,11355879719455438899,738,1
corn_leaf_blight__6b80a845b7,train,corn leaf blight,8,data/images/train/corn_leaf_blight/corn_leaf_blight__6b80a845b7.jpg,432,313,train,train/Corn leaf blight/0796.33anthracn.jpg,Corn leaf blight,432,313,JPEG,6b80a845b7de75d75d9b3ce866d9cf7e,18358890797763125300,581,1
corn_leaf_blight__6c96da2d70,train,corn leaf blight,8,data/images/train/corn_leaf_blight/corn_leaf_blight__6c96da2d70.jpg,512,361,train,train/Corn leaf blight/corn-disease-update-fig-2-diplodia-leaf-streak1.jpg,Corn leaf blight,2128,1500,JPEG,6c96da2d70f205433a7adef0743bc44f,12700776540699365585,681,1
corn_leaf_blight__6da19a0d7a,train,corn leaf blight,8,data/images/train/corn_leaf_blight/corn_leaf_blight__6da19a0d7a.jpg,384,512,train,train/Corn leaf blight/possible-northerncornleafspot.jpg,Corn leaf blight,2448,3264,JPEG,6da19a0d7a2433ac8e742081113f2150,18009038153466343505,732,1
corn_leaf_blight__6df270000f,train,corn leaf blight,8,data/images/train/corn_leaf_blight/corn_leaf_blight__6df270000f.jpg,384,512,train,train/Corn leaf blight/corn-bacterial-leaf-streak-f1.JPG.jpg,Corn leaf blight,900,1200,JPEG,6df270000fcc845f7e6c517be0d15728,8157025880006258896,674,1
corn_leaf_blight__719e7b67e2,train,corn leaf blight,8,data/images/train/corn_leaf_blight/corn_leaf_blight__719e7b67e2.jpg,384,512,train,train/Corn leaf blight/nclb7x1200.jpg,Corn leaf blight,1200,1600,JPEG,719e7b67e25278e31ae8707732f8ba94,17398093862961148024,721,1
corn_leaf_blight__71fa37822f,train,corn leaf blight,8,data/images/train/corn_leaf_blight/corn_leaf_blight__71fa37822f.jpg,288,512,train,train/Corn leaf blight/nclb-2015-n-mcghee.jpg,Corn leaf blight,576,1024,JPEG,71fa37822fa4761e3a3988c9d41e4c8d,16701498399261823799,717,1
corn_leaf_blight__7249f1b891,train,corn leaf blight,8,data/images/train/corn_leaf_blight/corn_leaf_blight__7249f1b891.jpg,512,384,train,train/Corn leaf blight/Corn+Blight+1970+Fungus%3A+Southern+Corn+Leaf+Blight.jpg,Corn leaf blight,960,720,JPEG,7249f1b8914ba7dfc7ee19000745b9d7,3619079556961045516,605,1
corn_leaf_blight__73e2a961da,train,corn leaf blight,8,data/images/train/corn_leaf_blight/corn_leaf_blight__73e2a961da.jpg,512,219,test,test/Corn leaf blight/0c.jpg,Corn leaf blight,1170,501,JPEG,73e2a961daea3d359b6353ab290f1627,2024773588848003208,2358,1
corn_leaf_blight__74df42059c,train,corn leaf blight,8,data/images/train/corn_leaf_blight/corn_leaf_blight__74df42059c.jpg,512,314,test,test/Corn leaf blight/07c.jpg,Corn leaf blight,675,414,JPEG,74df42059c2f2f99679f898b688399a5,15409135312021217994,2357,1
corn_leaf_blight__78a3c87b91,train,corn leaf blight,8,data/images/train/corn_leaf_blight/corn_leaf_blight__78a3c87b91.jpg,512,379,train,train/Corn leaf blight/Corn-NCLB.jpg,Corn leaf blight,1024,758,JPEG,78a3c87b91f99f3c61fe4ed3358de5f2,17613825298564681223,609,1
corn_leaf_blight__7d2b090b75,train,corn leaf blight,8,data/images/train/corn_leaf_blight/corn_leaf_blight__7d2b090b75.jpg,512,276,train,train/Corn leaf blight/Cochliobolus_heterostrophus.jpg,Corn leaf blight,1536,827,JPEG,7d2b090b7588bd9dbc92b1d4e7ecb317,4383361718372712464,604,1
corn_leaf_blight__7e10ac1011,train,corn leaf blight,8,data/images/train/corn_leaf_blight/corn_leaf_blight__7e10ac1011.jpg,512,384,train,train/Corn leaf blight/fi00245.JPG.jpg,Corn leaf blight,575,431,JPEG,7e10ac1011a31cb33b7fb89e9ec310c3,15017262383705010360,704,1
corn_leaf_blight__7f4488097f,train,corn leaf blight,8,data/images/train/corn_leaf_blight/corn_leaf_blight__7f4488097f.jpg,512,384,train,train/Corn leaf blight/show_picture.asp?id=aaaaaaaaaanoroz&w=524.jpg,Corn leaf blight,524,393,JPEG,7f4488097f504ddb27e7820b1e919764,12420011294644004036,734,1
corn_leaf_blight__7f57acb79c,train,corn leaf blight,8,data/images/train/corn_leaf_blight/corn_leaf_blight__7f57acb79c.jpg,512,341,train,train/Corn leaf blight/nclb3_rob_factsheetimage.jpg,Corn leaf blight,1000,666,JPEG,7f57acb79c22d9d46910ff31cf6d5a97,7594876657482736925,718,1
corn_leaf_blight__7f95ce2333,train,corn leaf blight,8,data/images/train/corn_leaf_blight/corn_leaf_blight__7f95ce2333.jpg,512,254,train,train/Corn leaf blight/01c.jpg,Corn leaf blight,960,477,JPEG,7f95ce23337724fe2e52977e1ac11bd1,4123672637267909146,573,1
corn_leaf_blight__818359da90,train,corn leaf blight,8,data/images/train/corn_leaf_blight/corn_leaf_blight__818359da90.jpg,512,319,train,train/Corn leaf blight/photo-7-004.jpg,Corn leaf blight,723,451,JPEG,818359da90bdb8a819921017d68096d0,1385729682036060632,731,1
corn_leaf_blight__836b56db09,train,corn leaf blight,8,data/images/train/corn_leaf_blight/corn_leaf_blight__836b56db09.jpg,512,382,train,train/Corn leaf blight/Bsglqj_IYAATS3C.jpg%2Blarge.jpg,Corn leaf blight,640,478,JPEG,836b56db099adb09ff82609018a8db32,13315483679269765977,601,1
corn_leaf_blight__83dea56d07,train,corn leaf blight,8,data/images/train/corn_leaf_blight/corn_leaf_blight__83dea56d07.jpg,512,512,train,train/Corn leaf blight/Northern-Corn-Leaf-Blight-in-Sweet-Corn.jpg,Corn leaf blight,640,640,JPEG,83dea56d079a031cf4ec5ba14ced5a46,15263603195705893195,644,1
corn_leaf_blight__8d75fd234a,train,corn leaf blight,8,data/images/train/corn_leaf_blight/corn_leaf_blight__8d75fd234a.jpg,288,512,train,train/Corn leaf blight/corn-leaf-scald-9d.jpg,Corn leaf blight,675,1200,JPEG,8d75fd234a6e2cf25360a78b9e4c3f65,16846247336754092088,688,1
corn_leaf_blight__8dd2b971b4,train,corn leaf blight,8,data/images/train/corn_leaf_blight/corn_leaf_blight__8dd2b971b4.jpg,512,237,train,train/Corn leaf blight/bacterial-leaf-streak-corn.jpg,Corn leaf blight,1024,473,JPEG,8dd2b971b4420fad858f17a838796337,2788523050498470771,666,1
corn_leaf_blight__9054675aa4,train,corn leaf blight,8,data/images/train/corn_leaf_blight/corn_leaf_blight__9054675aa4.jpg,512,384,train,train/Corn leaf blight/IMG_1153.JPG.jpg,Corn leaf blight,1600,1200,JPEG,9054675aa44745a7523ec29b3fd36d3f,13030842032473494415,629,1
corn_leaf_blight__90eb54cc17,train,corn leaf blight,8,data/images/train/corn_leaf_blight/corn_leaf_blight__90eb54cc17.jpg,512,256,train,train/Corn leaf blight/Northern-Corn-Blight.jpg,Corn leaf blight,1024,512,JPEG,90eb54cc17f96010d140e3421dd0e0ba,14105769115244574896,641,1
corn_leaf_blight__92d336bcf4,train,corn leaf blight,8,data/images/train/corn_leaf_blight/corn_leaf_blight__92d336bcf4.jpg,512,341,train,train/Corn leaf blight/northern_corn_leaf_blight_university_of_delaware-600x400.jpg,Corn leaf blight,600,400,JPEG,92d336bcf4f520ee71d842519af714f0,11232194624937642803,729,1
corn_leaf_blight__94136463a3,train,corn leaf blight,8,data/images/train/corn_leaf_blight/corn_leaf_blight__94136463a3.jpg,512,256,train,train/Corn leaf blight/cp_VA-123_northern_corn_leaf_blight_article.jpg,Corn leaf blight,690,345,JPEG,94136463a3fb9c8740dfbd461c9cc90f,12868414864709968584,697,1
corn_leaf_blight__974f0413e4,train,corn leaf blight,8,data/images/train/corn_leaf_blight/corn_leaf_blight__974f0413e4.jpg,384,512,train,train/Corn leaf blight/ncls-2016-a-shirley.jpg,Corn leaf blight,960,1280,JPEG,974f0413e4792a437db1f9bac1477570,2748944090784503451,722,1
corn_leaf_blight__99168cb8b9,train,corn leaf blight,8,data/images/train/corn_leaf_blight/corn_leaf_blight__99168cb8b9.jpg,505,283,train,train/Corn leaf blight/022.jpg,Corn leaf blight,505,283,JPEG,99168cb8b909654ccf4770f896b84bed,6953999848736744346,575,1
corn_leaf_blight__9aad2f360d,train,corn leaf blight,8,data/images/train/corn_leaf_blight/corn_leaf_blight__9aad2f360d.jpg,350,254,train,train/Corn leaf blight/Kelley%20NCLB.jpg,Corn leaf blight,350,254,JPEG,9aad2f360db0714e67cfc71a9812cbf6,10505573316391689185,636,1
corn_leaf_blight__9b0be46de3,train,corn leaf blight,8,data/images/train/corn_leaf_blight/corn_leaf_blight__9b0be46de3.jpg,512,384,train,train/Corn leaf blight/disease3.jpg,Corn leaf blight,4000,3000,JPEG,9b0be46de3fe710099643dfef6444cc4,13956669231392636116,699,1
corn_leaf_blight__9d46c557e3,train,corn leaf blight,8,data/images/train/corn_leaf_blight/corn_leaf_blight__9d46c557e3.jpg,512,174,test,test/Corn leaf blight/1321189.jpg,Corn leaf blight,590,200,JPEG,9d46c557e3afbaac3f26bb3743977410,7883970055182219125,2359,1
corn_leaf_blight__9e65225fb0,train,corn leaf blight,8,data/images/train/corn_leaf_blight/corn_leaf_blight__9e65225fb0.jpg,512,239,train,train/Corn leaf blight/northern-corn-leaf-blight.jpg,Corn leaf blight,750,350,JPEG,9e65225fb02b1030dbec6995b8515244,17406722177991659864,728,1
corn_leaf_blight__9ec9a30899,train,corn leaf blight,8,data/images/train/corn_leaf_blight/corn_leaf_blight__9ec9a30899.jpg,432,290,train,train/Corn leaf blight/ncorn_leaf_blight_0796_02.jpg,Corn leaf blight,432,290,JPEG,9ec9a30899606b5250df4ce9fa6d95dd,929121362877968531,723,1
corn_leaf_blight__a084cecd17,train,corn leaf blight,8,data/images/train/corn_leaf_blight/corn_leaf_blight__a084cecd17.jpg,512,385,train,train/Corn leaf blight/071409%20Vincelli%20nlb%20on%20corn%20leaf.JPG.jpg,Corn leaf blight,628,472,JPEG,a084cecd1795e87e77f90ed8e47ae04d,18367767931006582143,580,1
corn_leaf_blight__a1d7a5a1df,train,corn leaf blight,8,data/images/train/corn_leaf_blight/corn_leaf_blight__a1d7a5a1df.jpg,512,419,train,train/Corn leaf blight/helminthosporium-or-turcicum-leaf-stains-on-corn-leaf-disease-of-corn-plant-R5GR3C.jpg,Corn leaf blight,1300,1065,JPEG,a1d7a5a1dff472996b3b534394e09848,3123379763553303565,709,1
corn_leaf_blight__a2fe0b98ad,train,corn leaf blight,8,data/images/train/corn_leaf_blight/corn_leaf_blight__a2fe0b98ad.jpg,288,512,train,train/Corn leaf blight/corn-mature-bacterial-leaf-streak.jpg,Corn leaf blight,675,1200,JPEG,a2fe0b98ad3fa941d159e8649ff6cea1,16704928353923380258,689,1
corn_leaf_blight__a698b289ea,train,corn leaf blight,8,data/images/train/corn_leaf_blight/corn_leaf_blight__a698b289ea.jpg,512,384,train,train/Corn leaf blight/1200px-Northern_corn_leaf_blight.JPG.jpg,Corn leaf blight,1200,900,JPEG,a698b289ea14c3d38088bbbfc9127237,11786442516755997362,585,1
corn_leaf_blight__a6993754f0,train,corn leaf blight,8,data/images/train/corn_leaf_blight/corn_leaf_blight__a6993754f0.jpg,288,512,train,train/Corn leaf blight/corn-leaf-scald-9a.jpg,Corn leaf blight,675,1200,JPEG,a6993754f05a3af4804243d7425de29a,16601999012888229511,686,1
corn_leaf_blight__a96630c61b,train,corn leaf blight,8,data/images/train/corn_leaf_blight/corn_leaf_blight__a96630c61b.jpg,385,512,train,train/Corn leaf blight/corn-BLS-irregular-lesions.jpg,Corn leaf blight,525,699,JPEG,a96630c61b5a9af7a68f8aac7dc03c43,10671003976705317504,671,1
corn_leaf_blight__a9dd60458a,train,corn leaf blight,8,data/images/train/corn_leaf_blight/corn_leaf_blight__a9dd60458a.jpg,400,261,train,train/Corn leaf blight/0805Fig3400.jpg,Corn leaf blight,400,261,JPEG,a9dd60458a3f80f53615cc905ae90834,17429459151374952206,582,1
corn_leaf_blight__aacf766220,train,corn leaf blight,8,data/images/train/corn_leaf_blight/corn_leaf_blight__aacf766220.jpg,188,317,test,test/Corn leaf blight/Common%20Diseases%20Figure%201.JPG.jpg,Corn leaf blight,188,317,JPEG,aacf766220dd6bf4308321cb20914bd4,7166275464312706393,2362,1
corn_leaf_blight__acc52486ed,train,corn leaf blight,8,data/images/train/corn_leaf_blight/corn_leaf_blight__acc52486ed.jpg,512,200,train,train/Corn leaf blight/Northern-leaf-blight-in-corn.jpg,Corn leaf blight,1024,400,JPEG,acc52486ed95f3992a3e3d199b0ef598,1555322502410290756,652,1
corn_leaf_blight__ad3a07f4d2,train,corn leaf blight,8,data/images/train/corn_leaf_blight/corn_leaf_blight__ad3a07f4d2.jpg,300,300,train,train/Corn leaf blight/clip_image010.jpg,Corn leaf blight,300,300,JPEG,ad3a07f4d2e97f8c2a224350140e8438,1480721673047257529,670,1
corn_leaf_blight__adf7ad0a11,train,corn leaf blight,8,data/images/train/corn_leaf_blight/corn_leaf_blight__adf7ad0a11.jpg,432,350,test,test/Corn leaf blight/0796.20graylssymt.jpg,Corn leaf blight,432,350,JPEG,adf7ad0a118e985ae7a44f0f8d5ca4bc,4402438582271768690,2356,1
corn_leaf_blight__b4fc2b5cff,train,corn leaf blight,8,data/images/train/corn_leaf_blight/corn_leaf_blight__b4fc2b5cff.jpg,317,512,train,train/Corn leaf blight/northern-corn-leaf-blight-exserohilum-turcicum-lesions-on-a-maize-BX3K2K.jpg,Corn leaf blight,861,1390,JPEG,b4fc2b5cff64e1affd97e100263cd6ae,15684017026921831346,725,1
corn_leaf_blight__b661ba7d48,train,corn leaf blight,8,data/images/train/corn_leaf_blight/corn_leaf_blight__b661ba7d48.jpg,288,512,train,train/Corn leaf blight/IMG_20140601_143916_7931.jpg,Corn leaf blight,1836,3264,JPEG,b661ba7d489f29956e41a3fd091901b7,4048843133716295405,633,1
corn_leaf_blight__b7436bdf24,train,corn leaf blight,8,data/images/train/corn_leaf_blight/corn_leaf_blight__b7436bdf24.jpg,512,383,train,train/Corn leaf blight/corn-baterial-leaf-stripe-f1b.JPG.jpg,Corn leaf blight,569,426,JPEG,b7436bdf24c4c2d79ba22e36a6fe9a85,18420131453726523247,679,1
corn_leaf_blight__b8236686dc,train,corn leaf blight,8,data/images/train/corn_leaf_blight/corn_leaf_blight__b8236686dc.jpg,460,340,train,train/Corn leaf blight/corn-bacterial-leaf-streak-f4.jpg,Corn leaf blight,460,340,JPEG,b8236686dce42b7c742a067063cfe8fe,5424968745060462037,675,1
corn_leaf_blight__b96576fcf2,train,corn leaf blight,8,data/images/train/corn_leaf_blight/corn_leaf_blight__b96576fcf2.jpg,360,512,train,train/Corn leaf blight/stock-photo-northern-corn-leaf-blight-nclb-is-a-foliar-disease-of-corn-maize-caused-by-exserohilum-turcicum-592778840.jpg,Corn leaf blight,1125,1600,JPEG,b96576fcf2370f2428ed8be4b5c476c8,5369446009322291842,737,1
corn_leaf_blight__bb12c0b153,train,corn leaf blight,8,data/images/train/corn_leaf_blight/corn_leaf_blight__bb12c0b153.jpg,512,384,train,train/Corn leaf blight/P1000367.jpg,Corn leaf blight,2048,1536,JPEG,bb12c0b15328219a27f875379e8509ec,14848139128791097138,655,1
corn_leaf_blight__bb2f74ed4f,train,corn leaf blight,8,data/images/train/corn_leaf_blight/corn_leaf_blight__bb2f74ed4f.jpg,512,384,train,train/Corn leaf blight/28380-1024x768.jpg,Corn leaf blight,1024,768,JPEG,bb2f74ed4fef73d2354e92857e4a856c,14201206304143212095,596,1
corn_leaf_blight__bc0ec2b7dd,train,corn leaf blight,8,data/images/train/corn_leaf_blight/corn_leaf_blight__bc0ec2b7dd.jpg,512,307,train,train/Corn leaf blight/bacterial-leaf-streak-of-corn.jpg,Corn leaf blight,800,480,JPEG,bc0ec2b7dd76e09c554a6ec6fbfa2bde,6438259920422594150,668,1
corn_leaf_blight__be15b057fb,train,corn leaf blight,8,data/images/train/corn_leaf_blight/corn_leaf_blight__be15b057fb.jpg,495,400,train,train/Corn leaf blight/1-495x400.jpg,Corn leaf blight,495,400,JPEG,be15b057fbaa6b06cdc8bd25680d421f,13309519919975982694,584,1
corn_leaf_blight__c2a113ae09,train,corn leaf blight,8,data/images/train/corn_leaf_blight/corn_leaf_blight__c2a113ae09.jpg,194,350,train,train/Corn leaf blight/Corn-disease-small-NCLB-lesions-A-Nelson-6-16-2015-F2.jpg,Corn leaf blight,194,350,JPEG,c2a113ae090433eeab36306a340d04bd,12699162367555498865,610,1
corn_leaf_blight__c315117178,train,corn leaf blight,8,data/images/train/corn_leaf_blight/corn_leaf_blight__c315117178.jpg,432,324,train,train/Corn leaf blight/anthracnoseblight.jpg,Corn leaf blight,432,324,JPEG,c315117178773ee2df34b5356d7579f6,16709467293196401299,663,1
corn_leaf_blight__c5e04c9d66,train,corn leaf blight,8,data/images/train/corn_leaf_blight/corn_leaf_blight__c5e04c9d66.jpg,504,335,train,train/Corn leaf blight/sweetcorn_Northern-corn-leaf-blight_zoom.jpg,Corn leaf blight,504,335,JPEG,c5e04c9d66c2b9d5587d76963eff874e,7345321448783531572,743,1
corn_leaf_blight__c7d34163e3,train,corn leaf blight,8,data/images/train/corn_leaf_blight/corn_leaf_blight__c7d34163e3.jpg,512,300,train,train/Corn leaf blight/corn-stalk-rot-leaf-symptoms-F1.jpg.jpeg,Corn leaf blight,1000,585,JPEG,c7d34163e380722eaf8ea029a559b77d,9801174229724462332,694,1
corn_leaf_blight__c977f615ed,train,corn leaf blight,8,data/images/train/corn_leaf_blight/corn_leaf_blight__c977f615ed.jpg,288,512,train,train/Corn leaf blight/SAM_0376.JPG.jpg,Corn leaf blight,360,640,JPEG,c977f615edba377d5001f5ebfeb7e6eb,3264506306012004134,658,1
corn_leaf_blight__ccf86c2591,train,corn leaf blight,8,data/images/train/corn_leaf_blight/corn_leaf_blight__ccf86c2591.jpg,384,512,train,train/Corn leaf blight/NoCornLeafBlight13b.jpg,Corn leaf blight,1944,2592,JPEG,ccf86c25913104005bb41251a42e1f75,11249039252200118445,640,1
corn_leaf_blight__ce414234ce,train,corn leaf blight,8,data/images/train/corn_leaf_blight/corn_leaf_blight__ce414234ce.jpg,220,293,train,train/Corn leaf blight/220px-Sporulation_on_leaf.JPG.jpg,Corn leaf blight,220,293,JPEG,ce414234ce631658b8a339a5d5cf4801,13894046380352451761,594,1
corn_leaf_blight__d1eadad847,train,corn leaf blight,8,data/images/train/corn_leaf_blight/corn_leaf_blight__d1eadad847.jpg,250,200,train,train/Corn leaf blight/image393.jpg,Corn leaf blight,250,200,JPEG,d1eadad847545b48f946b30fcc778f3c,7831777551965067677,711,1
corn_leaf_blight__d25e36a479,train,corn leaf blight,8,data/images/train/corn_leaf_blight/corn_leaf_blight__d25e36a479.jpg,384,512,train,train/Corn leaf blight/corn-gray-leaf-spot-f5.jpg,Corn leaf blight,751,1001,JPEG,d25e36a4799c12a1b4462ffe4e5ed629,1762302514586264683,684,1
corn_leaf_blight__d49b8d5a1f,train,corn leaf blight,8,data/images/train/corn_leaf_blight/corn_leaf_blight__d49b8d5a1f.jpg,512,384,test,test/Corn leaf blight/2013Corn_GrayLeafSpot_0815_0003.JPG.jpg,Corn leaf blight,1600,1200,JPEG,d49b8d5a1f58620598194d58784a2c19,14766305357830056130,2361,1
corn_leaf_blight__d8ce8755b8,train,corn leaf blight,8,data/images/train/corn_leaf_blight/corn_leaf_blight__d8ce8755b8.jpg,500,400,train,train/Corn leaf blight/NCLB6.jpg,Corn leaf blight,500,400,JPEG,d8ce8755b8659f7513fb441cca33a3e8,7366504528130458803,639,1
corn_leaf_blight__d9b59b447d,train,corn leaf blight,8,data/images/train/corn_leaf_blight/corn_leaf_blight__d9b59b447d.jpg,512,335,train,train/Corn leaf blight/bls-lesions-tjz-hr.jpg,Corn leaf blight,780,511,JPEG,d9b59b447d5cea12ac0034933a9043ec,2914940513405805220,669,1
corn_leaf_blight__dc9c80ef5e,train,corn leaf blight,8,data/images/train/corn_leaf_blight/corn_leaf_blight__dc9c80ef5e.jpg,288,512,train,train/Corn leaf blight/corn-northern-corn-leaf-blight-f6.jpg,Corn leaf blight,675,1200,JPEG,dc9c80ef5e611c6ede33c1eb53f719e2,6045561752730678708,690,1
corn_leaf_blight__dd2b21198a,train,corn leaf blight,8,data/images/train/corn_leaf_blight/corn_leaf_blight__dd2b21198a.jpg,512,288,train,train/Corn leaf blight/20140826_131630.jpg,Corn leaf blight,1600,900,JPEG,dd2b21198ab5179e212b78d3cf4ab71c,15623481156694675884,589,1
corn_leaf_blight__e1bf0db2f6,train,corn leaf blight,8,data/images/train/corn_leaf_blight/corn_leaf_blight__e1bf0db2f6.jpg,512,340,train,train/Corn leaf blight/dsc5270.jpg,Corn leaf blight,800,532,JPEG,e1bf0db2f688df5b935f75d21f0f30ba,2823007059454293441,701,1
corn_leaf_blight__e49829be43,train,corn leaf blight,8,data/images/train/corn_leaf_blight/corn_leaf_blight__e49829be43.jpg,512,341,train,train/Corn leaf blight/NCLB-2.jpg,Corn leaf blight,600,400,JPEG,e49829be43aa233509506c44923fa2ff,14388221489323807012,638,1
corn_leaf_blight__e5f1d39045,train,corn leaf blight,8,data/images/train/corn_leaf_blight/corn_leaf_blight__e5f1d39045.jpg,512,384,train,train/Corn leaf blight/05c.jpg,Corn leaf blight,900,675,JPEG,e5f1d390458df8813f5e00a9ff8a95c0,17580343104221484693,578,1
corn_leaf_blight__e8bb61b341,train,corn leaf blight,8,data/images/train/corn_leaf_blight/corn_leaf_blight__e8bb61b341.jpg,512,385,train,train/Corn leaf blight/06c.jpg,Corn leaf blight,641,482,JPEG,e8bb61b34114c47898bb69b270cd317d,3797264878554082325,579,1
corn_leaf_blight__e8eb80789d,train,corn leaf blight,8,data/images/train/corn_leaf_blight/corn_leaf_blight__e8eb80789d.jpg,282,460,train,train/Corn leaf blight/Corn_Fig10.jpg,Corn leaf blight,282,460,JPEG,e8eb80789d94e5cdb927f7edff3a98c1,6040401810405044400,616,1
corn_leaf_blight__ec4462370f,train,corn leaf blight,8,data/images/train/corn_leaf_blight/corn_leaf_blight__ec4462370f.jpg,490,325,train,train/Corn leaf blight/Northern-Corn-Leaf-Blight4.jpg,Corn leaf blight,490,325,JPEG,ec4462370f6ef2264b23b7dc23a0d98c,14733932399767384385,647,1
corn_leaf_blight__ec4ba83442,train,corn leaf blight,8,data/images/train/corn_leaf_blight/corn_leaf_blight__ec4ba83442.jpg,512,340,train,train/Corn leaf blight/dsc5582.jpg,Corn leaf blight,800,532,JPEG,ec4ba83442fbc6c94b77020e203bb28c,12906567293796035274,702,1
corn_leaf_blight__ed0b241f98,train,corn leaf blight,8,data/images/train/corn_leaf_blight/corn_leaf_blight__ed0b241f98.jpg,512,224,train,train/Corn leaf blight/Corn-northern%20corn%20leaf%20blight-8-21.jpg,Corn leaf blight,1500,657,JPEG,ed0b241f9860e32da3c87dfeb033ae11,4132182214000297926,614,1
corn_leaf_blight__ed5641a8a4,train,corn leaf blight,8,data/images/train/corn_leaf_blight/corn_leaf_blight__ed5641a8a4.jpg,288,512,train,train/Corn leaf blight/Corn-gray-leaf-spot-F2-8-7-15.jpg,Corn leaf blight,500,889,JPEG,ed5641a8a481b06482bbf8df8a4b683b,8192211215411590292,613,1
corn_leaf_blight__f43e965536,train,corn leaf blight,8,data/images/train/corn_leaf_blight/corn_leaf_blight__f43e965536.jpg,288,512,train,train/Corn leaf blight/corn-large-wavy-Xanth-lesions-f3.jpg,Corn leaf blight,600,1067,JPEG,f43e96553620e071bb0b9c92be345677,7271529324231311553,685,1
corn_leaf_blight__f50a14a1b1,train,corn leaf blight,8,data/images/train/corn_leaf_blight/corn_leaf_blight__f50a14a1b1.jpg,512,384,train,train/Corn leaf blight/24154194959_fd4b42edde_b.jpg,Corn leaf blight,1024,768,JPEG,f50a14a1b1de905130f2a7aeb0b04850,7078736869911727855,595,1
corn_leaf_blight__f5504d067e,train,corn leaf blight,8,data/images/train/corn_leaf_blight/corn_leaf_blight__f5504d067e.jpg,384,512,train,train/Corn leaf blight/IMG_1347.JPG.jpg,Corn leaf blight,1200,1600,JPEG,f5504d067ed7d40519b55ea9a7817a24,15263210207936915116,630,1
corn_leaf_blight__f603243e49,train,corn leaf blight,8,data/images/train/corn_leaf_blight/corn_leaf_blight__f603243e49.jpg,512,384,train,train/Corn leaf blight/DSCN0119.jpg,Corn leaf blight,4608,3456,JPEG,f603243e49bb2fe6f6fa9b532939a3bd,11194039990176710849,617,1
corn_leaf_blight__f6ae2c43df,train,corn leaf blight,8,data/images/train/corn_leaf_blight/corn_leaf_blight__f6ae2c43df.jpg,512,343,train,train/Corn leaf blight/smaller-Septoria2.jpg,Corn leaf blight,1936,1296,JPEG,f6ae2c43df124790e455673d9c21a8ea,9713363151455701708,735,1
corn_leaf_blight__f82e2a7c8d,train,corn leaf blight,8,data/images/train/corn_leaf_blight/corn_leaf_blight__f82e2a7c8d.jpg,512,261,train,train/Corn leaf blight/Northern-corn-leafblight.jpg,Corn leaf blight,900,459,JPEG,f82e2a7c8dc70d26c3ce05a751d93600,8264684865089445887,651,1
corn_leaf_blight__f948ed1002,train,corn leaf blight,8,data/images/train/corn_leaf_blight/corn_leaf_blight__f948ed1002.jpg,400,226,train,train/Corn leaf blight/NorthernCornLeafBlight.jpg,Corn leaf blight,400,226,JPEG,f948ed100229dddd90d48ff7df70024f,3160276202445762411,653,1
corn_leaf_blight__f993870d40,train,corn leaf blight,8,data/images/train/corn_leaf_blight/corn_leaf_blight__f993870d40.jpg,512,288,train,train/Corn leaf blight/Northern-Corn-Leaf-Blight-NCLB-med.jpg,Corn leaf blight,1920,1080,JPEG,f993870d409a9ac61aa6da0dae020375,2531875750164955905,643,1
corn_leaf_blight__fd001852ca,train,corn leaf blight,8,data/images/train/corn_leaf_blight/corn_leaf_blight__fd001852ca.jpg,400,300,train,train/Corn leaf blight/Corn020Fig2.jpg,Corn leaf blight,400,300,JPEG,fd001852ca6afbd271d6ddd089e0a87b,15605113863774176406,615,1
corn_leaf_blight__fd13781f6d,train,corn leaf blight,8,data/images/train/corn_leaf_blight/corn_leaf_blight__fd13781f6d.jpg,512,355,train,train/Corn leaf blight/Southern-Corn-Leaf-Blight-USDA.ashx?w=770.jpg,Corn leaf blight,770,534,JPEG,fd13781f6db06d5dbed1e130a54cb83f,2814510237435242022,660,1
corn_leaf_blight__fdb19d192d,train,corn leaf blight,8,data/images/train/corn_leaf_blight/corn_leaf_blight__fdb19d192d.jpg,339,512,train,train/Corn leaf blight/80102321.jpg,Corn leaf blight,464,700,JPEG,fdb19d192d6299e3a5628ecffa737401,5286302878742101043,599,1
corn_leaf_blight__ff75a2ea54,train,corn leaf blight,8,data/images/train/corn_leaf_blight/corn_leaf_blight__ff75a2ea54.jpg,320,512,train,train/Corn leaf blight/swcdg1.jpg,Corn leaf blight,521,833,JPEG,ff75a2ea5432d06f71818bd332d84b1f,14769758355330783899,742,1
corn_leaf_blight__ffbf275312,train,corn leaf blight,8,data/images/train/corn_leaf_blight/corn_leaf_blight__ffbf275312.jpg,341,512,test,test/Corn leaf blight/Corn-SCLB-2017-1.jpg,Corn leaf blight,3456,5184,JPEG,ffbf275312a12f3a7b8181125322e864,17429339522316985388,2363,1
corn_rust__02914d324a,train,corn rust,9,data/images/train/corn_rust/corn_rust__02914d324a.jpg,512,384,train,train/Corn rust leaf/commonrust2-1024x768.jpg,Corn rust leaf,1024,768,JPEG,02914d324ac2a0b8144de794803435b3,11639698802585407696,799,1
corn_rust__02bbc3953a,train,corn rust,9,data/images/train/corn_rust/corn_rust__02bbc3953a.jpg,512,384,train,train/Corn rust leaf/southern-rust-2.jpg,Corn rust leaf,1024,768,JPEG,02bbc3953ab29a143025680c664cdae6,14974080560117834603,834,1
corn_rust__03d1779e2c,train,corn rust,9,data/images/train/corn_rust/corn_rust__03d1779e2c.jpg,512,376,train,train/Corn rust leaf/stock-photo-rust-disease-in-corn-field-119923045.jpg,Corn rust leaf,1500,1101,JPEG,03d1779e2c81e2ec44f229b18f9aaf6f,14497653900148985495,842,1
corn_rust__0419af8f15,train,corn rust,9,data/images/train/corn_rust/corn_rust__0419af8f15.jpg,512,409,train,train/Corn rust leaf/Figure-4-stripe-rust.jpg,Corn rust leaf,1712,1368,JPEG,0419af8f150f115919778802cd3dda8a,10452863260637333960,771,1
corn_rust__05dda25184,train,corn rust,9,data/images/train/corn_rust/corn_rust__05dda25184.jpg,511,512,train,train/Corn rust leaf/36687400253_a227c2ca28_b.jpg,Corn rust leaf,1022,1024,JPEG,05dda25184a24485fad9d0b1ed71a4b6,16199589425009720568,744,1
corn_rust__0732c36459,train,corn rust,9,data/images/train/corn_rust/corn_rust__0732c36459.jpg,512,384,test,test/Corn rust leaf/5496239405_d95bdb97d1_z.jpg,Corn rust leaf,640,480,JPEG,0732c36459da5dedaa39d199debe8f6c,2777564223657931705,2373,1
corn_rust__0a07494681,train,corn rust,9,data/images/train/corn_rust/corn_rust__0a07494681.jpg,432,268,test,test/Corn rust leaf/0796.40comrust.jpg,Corn rust leaf,432,268,JPEG,0a07494681b23950ea38030515fb9a38,3473051327342428198,2366,1
corn_rust__0c21dd8cbc,train,corn rust,9,data/images/train/corn_rust/corn_rust__0c21dd8cbc.jpg,288,512,train,train/Corn rust leaf/rust-3.jpg,Corn rust leaf,1836,3264,JPEG,0c21dd8cbcf22c1a283dd673562396b9,3665359588140757136,830,1
corn_rust__0daf9bd8f5,train,corn rust,9,data/images/train/corn_rust/corn_rust__0daf9bd8f5.jpg,500,375,train,train/Corn rust leaf/markjones-corn-001.jpg,Corn rust leaf,500,375,JPEG,0daf9bd8f5f6dec6e86f12b284f85320,16204628491244247209,826,1
corn_rust__0f67242933,train,corn rust,9,data/images/train/corn_rust/corn_rust__0f67242933.jpg,512,384,train,train/Corn rust leaf/Figure-12.jpg,Corn rust leaf,1132,849,JPEG,0f67242933eedab7a899e9b1e66cac7c,86525396551533579,770,1
corn_rust__0f7a8e57ca,train,corn rust,9,data/images/train/corn_rust/corn_rust__0f7a8e57ca.jpg,384,512,train,train/Corn rust leaf/commonrust-2016-a-shirley.jpg,Corn rust leaf,960,1280,JPEG,0f7a8e57ca07d5c7aa55871f5b241a9a,14357899582107131293,798,1
corn_rust__12e6a75b62,train,corn rust,9,data/images/train/corn_rust/corn_rust__12e6a75b62.jpg,512,239,train,train/Corn rust leaf/corn-rust-5.jpg,Corn rust leaf,750,350,JPEG,12e6a75b629e0b4041285d8ec622821e,4058277373179876757,808,1
corn_rust__138a86df23,train,corn rust,9,data/images/train/corn_rust/corn_rust__138a86df23.jpg,512,341,train,train/Corn rust leaf/Southern-Corn-Rust.ashx?w=770.jpg,Corn rust leaf,770,513,JPEG,138a86df23860f048bab41edb7484da1,7436856327016661329,787,1
corn_rust__145abbbf97,train,corn rust,9,data/images/train/corn_rust/corn_rust__145abbbf97.jpg,512,384,train,train/Corn rust leaf/GetStoredImage?symbolicName=originalX19261YsiteXDTNYcatalogXcatalog%20&category=CMS.jpg,Corn rust leaf,640,480,JPEG,145abbbf97856e1ac2a88486ba7a9f61,7816342651516626183,772,1
corn_rust__158a0bcb57,train,corn rust,9,data/images/train/corn_rust/corn_rust__158a0bcb57.jpg,512,384,test,test/Corn rust leaf/2256-body-1501555581-1.jpg,Corn rust leaf,3264,2448,JPEG,158a0bcb57cfb3ee8ad180dcf2627dc8,3617061862612087736,2371,1
corn_rust__195df94e13,train,corn rust,9,data/images/train/corn_rust/corn_rust__195df94e13.jpg,288,512,train,train/Corn rust leaf/corn-rust-6_19_17-image.jpg,Corn rust leaf,1440,2560,JPEG,195df94e13eb9a5f223a73f5dfce070e,14327668834907481281,809,1
corn_rust__1e6e3b26fa,train,corn rust,9,data/images/train/corn_rust/corn_rust__1e6e3b26fa.jpg,384,512,train,train/Corn rust leaf/Southern-Corn-Rust1.jpg,Corn rust leaf,768,1024,JPEG,1e6e3b26fabaf6f607b58f488be1f079,11511121172271174547,788,1
corn_rust__28a3d3186a,train,corn rust,9,data/images/train/corn_rust/corn_rust__28a3d3186a.jpg,512,341,train,train/Corn rust leaf/Southern%20corn%20rust.ashx?w=600.jpg,Corn rust leaf,600,400,JPEG,28a3d3186a3c4864dacd1cf57b8ebbb8,10851008334063371910,785,1
corn_rust__29b8f95632,train,corn rust,9,data/images/train/corn_rust/corn_rust__29b8f95632.jpg,512,512,train,train/Corn rust leaf/corn-leaf-rust.jpg,Corn rust leaf,640,640,JPEG,29b8f956326c94b812856db2e994e5ef,10296420645407193395,804,1
corn_rust__309be9a735,train,corn rust,9,data/images/train/corn_rust/corn_rust__309be9a735.jpg,512,384,train,train/Corn rust leaf/rust1_600px-2emtnhc.jpg,Corn rust leaf,600,450,JPEG,309be9a7359e485839e76e2d2020577b,13374266891525574543,832,1
corn_rust__324fa5b851,train,corn rust,9,data/images/train/corn_rust/corn_rust__324fa5b851.jpg,400,263,train,train/Corn rust leaf/CornRustFS3.jpg,Corn rust leaf,400,263,JPEG,324fa5b85131cd34fa3700668aeff4cf,13816964181594651806,762,1
corn_rust__345f86b0f1,train,corn rust,9,data/images/train/corn_rust/corn_rust__345f86b0f1.jpg,512,293,train,train/Corn rust leaf/Corn%20Common%20Rust.png.jpg,Corn rust leaf,1000,573,JPEG,345f86b0f15eefd3df665f7da973b378,4440485329394244088,752,1
corn_rust__3913295473,train,corn rust,9,data/images/train/corn_rust/corn_rust__3913295473.jpg,512,384,train,train/Corn rust leaf/corn-diseases-fig-2-tar-spot.jpg,Corn rust leaf,960,720,JPEG,391329547348fae7ddb42e8eb20994a7,16041744817222155517,803,1
corn_rust__3a3ae9158c,train,corn rust,9,data/images/train/corn_rust/corn_rust__3a3ae9158c.jpg,512,172,train,train/Corn rust leaf/Southern-rust-upper-side-of-leaf-with-pustules-1.jpg,Corn rust leaf,765,257,JPEG,3a3ae9158cb13f47c0e88c883c1c398a,14683833746697004710,792,1
corn_rust__3cedd29ea8,train,corn rust,9,data/images/train/corn_rust/corn_rust__3cedd29ea8.jpg,512,384,train,train/Corn rust leaf/IMG_1762.jpg,Corn rust leaf,3264,2448,JPEG,3cedd29ea80c55abbb667aa36ce57ee3,18347524140657273817,775,1
corn_rust__408f1ea394,train,corn rust,9,data/images/train/corn_rust/corn_rust__408f1ea394.jpg,512,430,train,train/Corn rust leaf/swcdg4.jpg,Corn rust leaf,694,583,JPEG,408f1ea3949687b81825ac5632f9a281,3690264986597828786,844,1
corn_rust__40a4227f7c,train,corn rust,9,data/images/train/corn_rust/corn_rust__40a4227f7c.jpg,512,341,test,test/Corn rust leaf/393.jpg,Corn rust leaf,590,393,JPEG,40a4227f7cd59775cf45d2544d331cdc,13372017357848433603,2372,1
corn_rust__441e4036b8,train,corn rust,9,data/images/train/corn_rust/corn_rust__441e4036b8.jpg,400,268,train,train/Corn rust leaf/CornRust1.jpg,Corn rust leaf,400,268,JPEG,441e4036b84ec3c87c35f399ffa7bdb6,7993305424502254801,760,1
corn_rust__46c740f618,train,corn rust,9,data/images/train/corn_rust/corn_rust__46c740f618.jpg,512,384,train,train/Corn rust leaf/Ontario-Field-Crop-Report_July_27_2017_f2-1024x768.jpg,Corn rust leaf,1024,768,JPEG,46c740f618b401e683c61729676fcd8b,12817262133839835193,779,1
corn_rust__47c12dcf63,train,corn rust,9,data/images/train/corn_rust/corn_rust__47c12dcf63.jpg,512,288,train,train/Corn rust leaf/imag4090.jpg,Corn rust leaf,2048,1152,JPEG,47c12dcf63cfd742a215d900a6905de5,17363902077179965616,823,1
corn_rust__47fad13e53,train,corn rust,9,data/images/train/corn_rust/corn_rust__47fad13e53.jpg,512,384,train,train/Corn rust leaf/SCR.jpg,Corn rust leaf,1430,1073,JPEG,47fad13e531eb27b4efaaf0d855118e9,16487837306326020645,782,1
corn_rust__48efd3fbcb,train,corn rust,9,data/images/train/corn_rust/corn_rust__48efd3fbcb.jpg,512,384,train,train/Corn rust leaf/corn-southern-rust-2.jpg,Corn rust leaf,1000,750,JPEG,48efd3fbcbd7e2fe53f3024391f64bfb,17541865786479388599,812,1
corn_rust__4f221b81d3,train,corn rust,9,data/images/train/corn_rust/corn_rust__4f221b81d3.jpg,450,338,train,train/Corn rust leaf/Corn-southern-rust-F1%20%281%29.jpg,Corn rust leaf,450,338,JPEG,4f221b81d36b13e961de17f02bfd489e,8716991926528074691,757,1
corn_rust__5410d90b43,train,corn rust,9,data/images/train/corn_rust/corn_rust__5410d90b43.jpg,512,384,train,train/Corn rust leaf/37310253326_7f32b316d1_b.jpg,Corn rust leaf,1024,768,JPEG,5410d90b43374315ada1e63b6912f7b6,1737296764875450048,745,1
corn_rust__54998537f7,train,corn rust,9,data/images/train/corn_rust/corn_rust__54998537f7.jpg,512,384,train,train/Corn rust leaf/Corn-Common-Rust.jpg,Corn rust leaf,1278,958,JPEG,54998537f719d0a7dcdb0354e0e7eaec,9444953829771016055,753,2
corn_rust__56f02957b3,train,corn rust,9,data/images/train/corn_rust/corn_rust__56f02957b3.jpg,512,349,train,train/Corn rust leaf/corn_rust1_l.jpg,Corn rust leaf,774,528,JPEG,56f02957b389b2596425b06eb0fd6002,1754487652766308817,816,1
corn_rust__56f839a19b,train,corn rust,9,data/images/train/corn_rust/corn_rust__56f839a19b.jpg,400,272,train,train/Corn rust leaf/CornRustFS1.jpg,Corn rust leaf,400,272,JPEG,56f839a19b83fa09eccdc53f19435add,7727117687657998191,761,1
corn_rust__5880c5546f,train,corn rust,9,data/images/train/corn_rust/corn_rust__5880c5546f.jpg,390,280,train,train/Corn rust leaf/corn-rust-disease-pests-leaf-260nw-1038062233.jpg,Corn rust leaf,390,280,JPEG,5880c5546f5a226b3eebf1ce27e00c31,11277154481596711602,810,1
corn_rust__59bcd966b6,train,corn rust,9,data/images/train/corn_rust/corn_rust__59bcd966b6.jpg,462,353,train,train/Corn rust leaf/So-Corn-Rust.jpg,Corn rust leaf,462,353,JPEG,59bcd966b602b8a41a24f961ce0cc215,9875796848834574952,784,1
corn_rust__5d97cc0057,train,corn rust,9,data/images/train/corn_rust/corn_rust__5d97cc0057.jpg,300,200,train,train/Corn rust leaf/common-rust-in-field-300x200.jpg,Corn rust leaf,300,200,JPEG,5d97cc0057a13accf2972bc2ee781ec4,14811644874080439757,794,1
corn_rust__60d1a60efb,train,corn rust,9,data/images/train/corn_rust/corn_rust__60d1a60efb.jpg,288,419,test,test/Corn rust leaf/1355.50commonrust.jpg,Corn rust leaf,288,419,JPEG,60d1a60efb8bdd9975123670986e8b43,13734530048325789681,2370,1
corn_rust__63b19e9c57,train,corn rust,9,data/images/train/corn_rust/corn_rust__63b19e9c57.jpg,512,384,train,train/Corn rust leaf/IMG_5011-15vruqb.jpg,Corn rust leaf,800,600,JPEG,63b19e9c57ed41a42bdeda01310d1f7b,18226281960370642108,778,1
corn_rust__680eb18ca5,train,corn rust,9,data/images/train/corn_rust/corn_rust__680eb18ca5.jpg,512,338,train,train/Corn rust leaf/sweetcorn_Rust-2_zoom.jpg,Corn rust leaf,900,595,JPEG,680eb18ca54787b20e75d315d1f88541,4714209815815996706,845,1
corn_rust__68c9b4a1ea,train,corn rust,9,data/images/train/corn_rust/corn_rust__68c9b4a1ea.jpg,500,375,train,train/Corn rust leaf/disease1.jpg,Corn rust leaf,500,375,JPEG,68c9b4a1eadb89897cd849c64521d192,2749068824172554214,818,1
corn_rust__68e328a193,train,corn rust,9,data/images/train/corn_rust/corn_rust__68e328a193.jpg,512,376,train,train/Corn rust leaf/Figure%201%20early%20southern%20rust.JPG.jpg,Corn rust leaf,2761,2027,JPEG,68e328a19368d9ebda628da371481333,9620041063871814717,767,1
corn_rust__6c17799aef,train,corn rust,9,data/images/train/corn_rust/corn_rust__6c17799aef.jpg,450,338,train,train/Corn rust leaf/imgF.jpg,Corn rust leaf,450,338,JPEG,6c17799aef7366856137e65ad95a13f3,16167994959595800477,825,1
corn_rust__6ca67194c0,train,corn rust,9,data/images/train/corn_rust/corn_rust__6ca67194c0.jpg,288,512,train,train/Corn rust leaf/southern-rust-lower-side.jpg,Corn rust leaf,1836,3264,JPEG,6ca67194c03d8c3ce9636dadce75cd4b,6473612357346008127,837,1
corn_rust__6e17a4a14c,train,corn rust,9,data/images/train/corn_rust/corn_rust__6e17a4a14c.jpg,512,239,train,train/Corn rust leaf/corn-rust.jpg,Corn rust leaf,750,350,JPEG,6e17a4a14c756dbf0d8a29be185a231e,4014575011680790182,811,1
corn_rust__706a3b0eab,train,corn rust,9,data/images/train/corn_rust/corn_rust__706a3b0eab.jpg,449,512,train,train/Corn rust leaf/ga-2015-06-01-crust-02.jpg,Corn rust leaf,580,662,JPEG,706a3b0eab5df179af324e5320f1a2a3,4088385194227592137,822,1
corn_rust__71b6f0f7ec,train,corn rust,9,data/images/train/corn_rust/corn_rust__71b6f0f7ec.jpg,512,384,train,train/Corn rust leaf/corn-diseases-fig-1-so-rust.jpg,Corn rust leaf,1500,1125,JPEG,71b6f0f7ec94829745246f2f2a24f485,7208540592429799448,802,1
corn_rust__7211327b68,train,corn rust,9,data/images/train/corn_rust/corn_rust__7211327b68.jpg,185,500,test,test/Corn rust leaf/12-19striprustJIM.jpg,Corn rust leaf,185,500,JPEG,7211327b68a54e42c149e089db600d58,13744304210291954679,2369,1
corn_rust__73db274440,train,corn rust,9,data/images/train/corn_rust/corn_rust__73db274440.jpg,350,263,train,train/Corn rust leaf/uuid%3Db547b743-d1a1-4788-86dc-8e90ad17e170%26groupId%3D1841%26t%3D1375243802648.jpg,Corn rust leaf,350,263,JPEG,73db274440e36ebf3566db851f25307d,1748459455554035230,847,1
corn_rust__73e53b7fb9,train,corn rust,9,data/images/train/corn_rust/corn_rust__73e53b7fb9.jpg,512,218,train,train/Corn rust leaf/Southern-rust-underside-of-leaf-1.jpg,Corn rust leaf,765,325,JPEG,73e53b7fb95bae1782d9740f45e7b3d7,10984774214773907427,791,1
corn_rust__763594c9e2,train,corn rust,9,data/images/train/corn_rust/corn_rust__763594c9e2.jpg,512,384,train,train/Corn rust leaf/IMG_20130620_190316.jpg,Corn rust leaf,1280,960,JPEG,763594c9e2d2051d08b97798b41e3365,17135520616140295374,777,1
corn_rust__7eca024330,train,corn rust,9,data/images/train/corn_rust/corn_rust__7eca024330.jpg,384,512,train,train/Corn rust leaf/southernrust-seminole-june1.jpg,Corn rust leaf,2448,3264,JPEG,7eca024330bcf1a21205acb1785f2d31,13663136337491194875,839,1
corn_rust__7f77393b4d,train,corn rust,9,data/images/train/corn_rust/corn_rust__7f77393b4d.jpg,512,419,train,train/Corn rust leaf/swcdg3.jpg,Corn rust leaf,612,501,JPEG,7f77393b4de26330a7d8bad943cafe6c,6728614362180890704,843,1
corn_rust__81774e7c5e,train,corn rust,9,data/images/train/corn_rust/corn_rust__81774e7c5e.jpg,512,353,train,train/Corn rust leaf/plant-rust-southern-rust-on-corn-leaf-plant-diseases-rust-of-wheat.jpg,Corn rust leaf,700,482,JPEG,81774e7c5e940ca94162a1b8ef37ea91,15344947487923671730,827,1
corn_rust__851823b26b,train,corn rust,9,data/images/train/corn_rust/corn_rust__851823b26b.jpg,512,198,train,train/Corn rust leaf/COURTESY_southernrust-greyleaf.jpg,Corn rust leaf,800,310,JPEG,851823b26bc732ac94a86d5cd27f8167,2748944090801681974,749,1
corn_rust__85d463d320,train,corn rust,9,data/images/train/corn_rust/corn_rust__85d463d320.jpg,512,384,train,train/Corn rust leaf/Common-rust-of-corn-Tedford.jpg,Corn rust leaf,2048,1536,JPEG,85d463d32074f7c3819aa2489d9cde60,11255100392576730887,751,1
corn_rust__8938c59bed,train,corn rust,9,data/images/train/corn_rust/corn_rust__8938c59bed.jpg,512,384,train,train/Corn rust leaf/Corn-Rusts-wKBishop-story-622x467.jpg,Corn rust leaf,622,467,JPEG,8938c59bed004d54a8ab592d6927b409,12604586124516297868,754,1
corn_rust__8af0b99f3a,train,corn rust,9,data/images/train/corn_rust/corn_rust__8af0b99f3a.jpg,512,384,train,train/Corn rust leaf/Corn-southern-rust-early-F1a-8-7-15.jpg,Corn rust leaf,1333,1000,JPEG,8af0b99f3acd711230b4332ef9a68f36,16276154063844339663,759,1
corn_rust__8c545422b0,train,corn rust,9,data/images/train/corn_rust/corn_rust__8c545422b0.jpg,512,384,train,train/Corn rust leaf/Corn-southern-rust-C-Schleicher-7-31-F1.jpg,Corn rust leaf,1200,900,JPEG,8c545422b04562e878a05e0f404807d3,15874642802895636263,756,1
corn_rust__8c573b0524,train,corn rust,9,data/images/train/corn_rust/corn_rust__8c573b0524.jpg,288,512,train,train/Corn rust leaf/SCR-2015.jpg,Corn rust leaf,576,1024,JPEG,8c573b0524120b212523249a4643cd10,15209662900249915697,781,1
corn_rust__8cf370f9bc,train,corn rust,9,data/images/train/corn_rust/corn_rust__8cf370f9bc.jpg,512,313,train,train/Corn rust leaf/disease.JPG.jpg,Corn rust leaf,1080,660,JPEG,8cf370f9bcae2e49265e0bd109b7967b,17361641481138401392,817,1
corn_rust__8e1926a5f2,train,corn rust,9,data/images/train/corn_rust/corn_rust__8e1926a5f2.jpg,432,309,test,test/Corn rust leaf/0796.52srusttelia.jpg,Corn rust leaf,432,309,JPEG,8e1926a5f2ef20e3f90bbdc04ac0bb45,6564323730279971184,2368,1
corn_rust__8e1a7836e2,train,corn rust,9,data/images/train/corn_rust/corn_rust__8e1a7836e2.jpg,512,384,train,train/Corn rust leaf/IMG_1841.jpg,Corn rust leaf,3264,2448,JPEG,8e1a7836e241df825671dbb0a1a73478,10534826595321508321,776,1
corn_rust__8e3cfe48ff,train,corn rust,9,data/images/train/corn_rust/corn_rust__8e3cfe48ff.jpg,300,200,train,train/Corn rust leaf/Fig3_Common_rust.JPG.jpg,Corn rust leaf,300,200,JPEG,8e3cfe48ff75e1a4ac7f50567b8cd795,151236513469249311,764,1
corn_rust__8e9821752b,train,corn rust,9,data/images/train/corn_rust/corn_rust__8e9821752b.jpg,512,384,train,train/Corn rust leaf/common-rust3.jpg,Corn rust leaf,2048,1536,JPEG,8e9821752b3979f2050cbfd52a04701a,14336873738765635832,797,1
corn_rust__8ee682d950,train,corn rust,9,data/images/train/corn_rust/corn_rust__8ee682d950.jpg,512,341,train,train/Corn rust leaf/common-rust-lower-leaf-side.jpg,Corn rust leaf,2592,1728,JPEG,8ee682d9501e8629d9096ec8ab86ad3b,18154840198276776303,795,1
corn_rust__96f6193843,train,corn rust,9,data/images/train/corn_rust/corn_rust__96f6193843.jpg,512,384,train,train/Corn rust leaf/Corn-southern-rust-advanced-F1b-8-7-15.jpg,Corn rust leaf,1333,1000,JPEG,96f6193843102689cd558c5b936ca0b9,7740466188993461529,758,1
corn_rust__9f60fd1572,train,corn rust,9,data/images/train/corn_rust/corn_rust__9f60fd1572.jpg,288,512,train,train/Corn rust leaf/southern-rust-upper-side-576x1024.jpg,Corn rust leaf,576,1024,JPEG,9f60fd15728473f239dd9fafc9b78beb,5323361280817504291,838,1
corn_rust__a4796784ff,train,corn rust,9,data/images/train/corn_rust/corn_rust__a4796784ff.jpg,512,384,train,train/Corn rust leaf/Southern-rust-2_Wise.jpg,Corn rust leaf,1920,1440,JPEG,a4796784ff9e2c444ad2dbb22480fad9,10150280443424537459,790,1
corn_rust__a9b142762e,train,corn rust,9,data/images/train/corn_rust/corn_rust__a9b142762e.jpg,432,252,test,test/Corn rust leaf/0796.47southrust.jpg,Corn rust leaf,432,252,JPEG,a9b142762eab420bff5e90fe86b4f169,10969766972517645115,2367,1
corn_rust__ad1f0d0ed4,train,corn rust,9,data/images/train/corn_rust/corn_rust__ad1f0d0ed4.jpg,512,239,train,train/Corn rust leaf/corn-rust-3.jpg,Corn rust leaf,750,350,JPEG,ad1f0d0ed49114596285c642b62cb697,16208721623853594238,806,1
corn_rust__ad761c778f,train,corn rust,9,data/images/train/corn_rust/corn_rust__ad761c778f.jpg,512,341,train,train/Corn rust leaf/Resized_DSC_0191_Rust-Closeup.jpg,Corn rust leaf,1054,702,MPO,ad761c778f18e03484ccc07f14cb7272,2331898828306901325,780,1
corn_rust__b33253b69b,train,corn rust,9,data/images/train/corn_rust/corn_rust__b33253b69b.jpg,384,512,train,train/Corn rust leaf/southernrust1.png.jpg,Corn rust leaf,471,628,PNG,b33253b69b9c946a9428bed9757c6248,7017422698311746229,841,1
corn_rust__b914f2e1a3,train,corn rust,9,data/images/train/corn_rust/corn_rust__b914f2e1a3.jpg,512,367,train,train/Corn rust leaf/Common-rust-east-central-Indiana.jpg,Corn rust leaf,1229,880,JPEG,b914f2e1a35fff7ebc2f1981e520f3c7,12338653357243881945,750,1
corn_rust__bffa3e1f06,train,corn rust,9,data/images/train/corn_rust/corn_rust__bffa3e1f06.jpg,500,512,train,train/Corn rust leaf/disease2.jpg,Corn rust leaf,862,882,JPEG,bffa3e1f06ede22c2f79832f1e733911,17932441741154118884,819,1
corn_rust__c001a436a5,train,corn rust,9,data/images/train/corn_rust/corn_rust__c001a436a5.jpg,341,512,train,train/Corn rust leaf/southern-rust-close.jpg,Corn rust leaf,2848,4272,JPEG,c001a436a5cfbb419d148b4e43eddecb,81119872094312448,836,1
corn_rust__c0aeeb8843,train,corn rust,9,data/images/train/corn_rust/corn_rust__c0aeeb8843.jpg,512,290,train,train/Corn rust leaf/STANDALONE_Southern-corn-rust_01-WEB.jpg,Corn rust leaf,600,340,JPEG,c0aeeb8843afc13acd31e51ecc05704d,16457968308124871277,783,1
corn_rust__c4bcc96a87,train,corn rust,9,data/images/train/corn_rust/corn_rust__c4bcc96a87.jpg,512,239,train,train/Corn rust leaf/corn-rust-2.jpg,Corn rust leaf,750,350,JPEG,c4bcc96a872bcbb6edf7533301196022,8097683791394563192,805,1
corn_rust__c884f003e9,train,corn rust,9,data/images/train/corn_rust/corn_rust__c884f003e9.jpg,288,512,train,train/Corn rust leaf/Southern%20rust.jpg,Corn rust leaf,675,1200,JPEG,c884f003e9c1e7f1c5d1506c0a795c15,13889207821530129383,786,1
corn_rust__c8e557b79e,train,corn rust,9,data/images/train/corn_rust/corn_rust__c8e557b79e.jpg,375,255,train,train/Corn rust leaf/corn_rust.jpg,Corn rust leaf,375,255,JPEG,c8e557b79e2eb7bd1ed664ee7357a12d,16420617649386454238,815,1
corn_rust__c9df9a9ebb,train,corn rust,9,data/images/train/corn_rust/corn_rust__c9df9a9ebb.jpg,320,240,train,train/Corn rust leaf/g14-1680-6.jpg,Corn rust leaf,320,240,JPEG,c9df9a9ebbd1f77c851dfa0a6a28abc0,13146696088430899955,821,1
corn_rust__d19d0da51f,train,corn rust,9,data/images/train/corn_rust/corn_rust__d19d0da51f.jpg,512,363,train,train/Corn rust leaf/Figure%201%20Common%20rust%20on%20a%20corn.jpg,Corn rust leaf,516,366,JPEG,d19d0da51f046567a4a15295f81da791,4485054039937049230,765,1
corn_rust__dd6ddcf3f4,train,corn rust,9,data/images/train/corn_rust/corn_rust__dd6ddcf3f4.jpg,512,387,train,train/Corn rust leaf/Figure%202a%20older%20S%20rust%20pustules.jpg,Corn rust leaf,1200,906,JPEG,dd6ddcf3f4d481fb3c2a2b74565362ca,942664118752790083,769,1
corn_rust__e124f635da,train,corn rust,9,data/images/train/corn_rust/corn_rust__e124f635da.jpg,512,239,train,train/Corn rust leaf/corn-rust-4.jpg,Corn rust leaf,750,350,JPEG,e124f635da1c0497db923bb9e46d0562,17378421253125278599,807,1
corn_rust__e4a0db374b,train,corn rust,9,data/images/train/corn_rust/corn_rust__e4a0db374b.jpg,512,198,train,train/Corn rust leaf/ppth-friskop-1-corn-rust.png.jpg,Corn rust leaf,578,224,PNG,e4a0db374b23f26c1a3c297f435b1557,8382673456725669309,828,1
corn_rust__e99876216b,train,corn rust,9,data/images/train/corn_rust/corn_rust__e99876216b.jpg,512,384,train,train/Corn rust leaf/Corn-Southern-Rust-7-17-F1.jpg,Corn rust leaf,1200,900,JPEG,e99876216b30d9fa3545f157e6118557,18337809926886365324,755,1
corn_rust__f22e2d59de,train,corn rust,9,data/images/train/corn_rust/corn_rust__f22e2d59de.jpg,432,287,test,test/Corn rust leaf/0796.39maizerust.jpg,Corn rust leaf,432,287,JPEG,f22e2d59de24f2abfb3029e403b1f645,12731879529816285280,2365,1
corn_rust__f245d58ad4,train,corn rust,9,data/images/train/corn_rust/corn_rust__f245d58ad4.jpg,512,137,train,train/Corn rust leaf/rust.jpg,Corn rust leaf,1338,357,JPEG,f245d58ad441544d1e291ef246783a12,16784067936699348212,831,1
corn_rust__fa8b48f3ef,train,corn rust,9,data/images/train/corn_rust/corn_rust__fa8b48f3ef.jpg,320,388,train,train/Corn rust leaf/g14-1680-1.jpg,Corn rust leaf,320,388,JPEG,fa8b48f3ef72ce1f02dd8b3eafea8de5,7475192598921998187,820,1
corn_rust__fbf9ac93a4,train,corn rust,9,data/images/train/corn_rust/corn_rust__fbf9ac93a4.jpg,350,466,train,train/Corn rust leaf/Faske%20Southern%20rust%20of%20corn.jpg,Corn rust leaf,350,466,JPEG,fbf9ac93a47824f26abe5fb2bace5ba3,886298196299974597,763,1
corn_rust__fdb17685eb,train,corn rust,9,data/images/train/corn_rust/corn_rust__fdb17685eb.jpg,512,341,train,train/Corn rust leaf/SouthernRustLeaf.png.jpg,Corn rust leaf,666,443,PNG,fdb17685eb574e2737cc8d31a19d9582,14469065566522160075,793,1
grape_black_rot__01cd32bd70,train,grape black rot,10,data/images/train/grape_black_rot/grape_black_rot__01cd32bd70.jpg,512,384,train,train/grape leaf black rot/2009+06+069+Downy+mildew.jpg,grape leaf black rot,800,600,JPEG,01cd32bd70995b66b6dcedd58abca6ae,8400396834452857570,2238,1
grape_black_rot__06f7649e12,train,grape black rot,10,data/images/train/grape_black_rot/grape_black_rot__06f7649e12.jpg,512,384,test,test/grape leaf black rot/piano%20gully%20spray%20seed%20damage%2006%20%289%29.JPG.jpg,grape leaf black rot,1600,1200,JPEG,06f7649e122de89df9bcc71ac1cb7836,3680306258715805581,2507,1
grape_black_rot__0c0fceb9b6,train,grape black rot,10,data/images/train/grape_black_rot/grape_black_rot__0c0fceb9b6.jpg,350,279,train,train/grape leaf black rot/6-14-11%20ANNEMIEK%20blkRotSp.jpg,grape leaf black rot,350,279,JPEG,0c0fceb9b6174e2332ba713d3ddf9460,12894904589537472121,2244,1
grape_black_rot__1089a008ed,train,grape black rot,10,data/images/train/grape_black_rot/grape_black_rot__1089a008ed.jpg,512,359,train,train/grape leaf black rot/3_21_14-Caption-Black-Rot-leaf-infection..jpg,grape leaf black rot,1200,842,JPEG,1089a008ed21145fa1e13a0f612a8bd9,15733987316292213144,2243,1
grape_black_rot__144cf514b0,train,grape black rot,10,data/images/train/grape_black_rot/grape_black_rot__144cf514b0.jpg,384,512,test,test/grape leaf black rot/35589125035_662dd5b258_b.jpg,grape leaf black rot,574,765,JPEG,144cf514b0a20a54c2bd6f6948b08afc,9809109157976510534,2501,1
grape_black_rot__1654059f80,train,grape black rot,10,data/images/train/grape_black_rot/grape_black_rot__1654059f80.jpg,512,341,train,train/grape leaf black rot/072109%20Hartman%20Grape%20black%20rot-fruit%20&%20lvs.JPG.jpg,grape leaf black rot,1476,984,JPEG,1654059f8063df0e883f770b79fc037d,4353907940556175982,2235,1
grape_black_rot__181ffee683,train,grape black rot,10,data/images/train/grape_black_rot/grape_black_rot__181ffee683.jpg,512,269,train,train/grape leaf black rot/DSCN1228.jpg,grape leaf black rot,1200,630,JPEG,181ffee683ad451ab0143779462d5eb1,3581995138233459649,2260,1
grape_black_rot__18cb29d448,train,grape black rot,10,data/images/train/grape_black_rot/grape_black_rot__18cb29d448.jpg,512,214,train,train/grape leaf black rot/br-ocw-dm.jpg,grape leaf black rot,990,414,JPEG,18cb29d448f8024ef568cb75e0173fa3,11754700243274139471,2275,1
grape_black_rot__1ea439e18e,train,grape black rot,10,data/images/train/grape_black_rot/grape_black_rot__1ea439e18e.jpg,512,322,train,train/grape leaf black rot/Guignardia_bidwellii_%28black_rot%29_on_grape_4.jpg,grape leaf black rot,3056,1924,JPEG,1ea439e18e16a33eea562b154c83189e,16631273523242031956,2263,1
grape_black_rot__275c2f8fae,train,grape black rot,10,data/images/train/grape_black_rot/grape_black_rot__275c2f8fae.jpg,512,384,train,train/grape leaf black rot/black_rot_1.jpg,grape leaf black rot,2816,2112,JPEG,275c2f8fae67df3d6121b22dcfc265f2,14540039317183914867,2274,1
grape_black_rot__2dc5a45fc3,train,grape black rot,10,data/images/train/grape_black_rot/grape_black_rot__2dc5a45fc3.jpg,512,384,train,train/grape leaf black rot/000gb.jpg,grape leaf black rot,3264,2448,JPEG,2dc5a45fc36efaa55ec506afddfde421,8739570784729768742,2231,1
grape_black_rot__329c18c689,train,grape black rot,10,data/images/train/grape_black_rot/grape_black_rot__329c18c689.jpg,512,384,train,train/grape leaf black rot/Concord-Grapes.jpg,grape leaf black rot,4160,3120,JPEG,329c18c689f6c9bb41b0307e90399e0a,7884101813044744110,2258,1
grape_black_rot__385b1b3677,train,grape black rot,10,data/images/train/grape_black_rot/grape_black_rot__385b1b3677.jpg,489,512,train,train/grape leaf black rot/DCDl_p8UQAAf2hP.jpg,grape leaf black rot,1147,1200,JPEG,385b1b36776f5ddf9060f680433d8ec4,7161482009459435724,2259,1
grape_black_rot__389f17aadd,train,grape black rot,10,data/images/train/grape_black_rot/grape_black_rot__389f17aadd.jpg,383,512,train,train/grape leaf black rot/Black_Rot_of_Grapes151.jpg,grape leaf black rot,598,800,JPEG,389f17aadd1b22238218af33d266fa1d,5860078595281744755,2255,1
grape_black_rot__39a61fe590,train,grape black rot,10,data/images/train/grape_black_rot/grape_black_rot__39a61fe590.jpg,479,302,test,test/grape leaf black rot/03gb.jpg,grape leaf black rot,479,302,JPEG,39a61fe590b6a93349b6aa3be3d854f6,2820930902401582966,2500,1
grape_black_rot__4599ae470f,train,grape black rot,10,data/images/train/grape_black_rot/grape_black_rot__4599ae470f.jpg,427,512,train,train/grape leaf black rot/Black_Rot_of_Grapes152.jpg,grape leaf black rot,600,720,JPEG,4599ae470fec8ea6119c5114c5bf80d4,1253492552641312543,2256,1
grape_black_rot__4caded419e,train,grape black rot,10,data/images/train/grape_black_rot/grape_black_rot__4caded419e.jpg,320,240,train,train/grape leaf black rot/2009+07+034+black+rot+leaf+and+berry.jpg,grape leaf black rot,320,240,JPEG,4caded419ed81e8c2f73f7f914a4a329,10058440684664457628,2239,1
grape_black_rot__4dfdb6464d,train,grape black rot,10,data/images/train/grape_black_rot/grape_black_rot__4dfdb6464d.jpg,350,243,train,train/grape leaf black rot/8-21-Anthracnose-shotholing-ANNEMIEK.jpg,grape leaf black rot,350,243,JPEG,4dfdb6464d148770b89b1250d72dd832,16041140579952607959,2245,1
grape_black_rot__4f8e2d6a66,train,grape black rot,10,data/images/train/grape_black_rot/grape_black_rot__4f8e2d6a66.jpg,220,152,train,train/grape leaf black rot/220px-Guignardia_bidwellii_08.jpg,grape leaf black rot,220,152,JPEG,4f8e2d6a6638d34bfc082634b8081e5a,17036163464311260620,2240,1
grape_black_rot__4fb72d1e03,train,grape black rot,10,data/images/train/grape_black_rot/grape_black_rot__4fb72d1e03.jpg,512,282,train,train/grape leaf black rot/apr-2016_bryan_black-rot-leaf.jpg,grape leaf black rot,977,538,JPEG,4fb72d1e03af2706d4d7e3c87d1c57ae,7768043701033751265,2266,1
grape_black_rot__547d47996e,train,grape black rot,10,data/images/train/grape_black_rot/grape_black_rot__547d47996e.jpg,350,263,test,test/grape leaf black rot/grape_F15a.jpg,grape leaf black rot,350,263,JPEG,547d47996eebffe60d0edfb813010698,14278419674409935973,2506,1
grape_black_rot__551b01d322,train,grape black rot,10,data/images/train/grape_black_rot/grape_black_rot__551b01d322.jpg,512,384,train,train/grape leaf black rot/Black_Rot_of_Grapes1154.jpg,grape leaf black rot,800,600,JPEG,551b01d32274b088245a9416dee3dace,9692620663447090942,2248,1
grape_black_rot__55c458fea2,train,grape black rot,10,data/images/train/grape_black_rot/grape_black_rot__55c458fea2.jpg,265,265,train,train/grape leaf black rot/3_21_14-Caption-Black-Rot-leaf-infection.-265x265.jpg,grape leaf black rot,265,265,JPEG,55c458fea226234d5d1ceb4719729332,11212235847184857148,2242,1
grape_black_rot__603d6a8f22,train,grape black rot,10,data/images/train/grape_black_rot/grape_black_rot__603d6a8f22.jpg,512,462,train,train/grape leaf black rot/black-rot-guignardia-bidwellii-leaf-spot-lesions-on-muscadine-grape-BY9J7B.jpg,grape leaf black rot,1300,1173,JPEG,603d6a8f22a06736dc00dbcc0b215159,1570846926070362119,2269,1
grape_black_rot__61e2d71234,train,grape black rot,10,data/images/train/grape_black_rot/grape_black_rot__61e2d71234.jpg,382,512,train,train/grape leaf black rot/image_original.jpeg?1495058318.jpg,grape leaf black rot,1936,2592,JPEG,61e2d7123459feb768b4086cd58cf31c,1229227730015079297,2283,1
grape_black_rot__62e112f053,train,grape black rot,10,data/images/train/grape_black_rot/grape_black_rot__62e112f053.jpg,384,512,train,train/grape leaf black rot/Black_Rot_of_Grapes1168.jpg,grape leaf black rot,600,800,JPEG,62e112f05319d7ce40ca7e2dd7ec1a20,7886630782717974748,2253,1
grape_black_rot__63a641fd12,train,grape black rot,10,data/images/train/grape_black_rot/grape_black_rot__63a641fd12.jpg,452,512,train,train/grape leaf black rot/Black_Rot_of_Grapes1317.jpg,grape leaf black rot,600,679,JPEG,63a641fd12ae32ecd9caa5c02fe5766d,10276326883953063654,2254,1
grape_black_rot__6ce1acce77,train,grape black rot,10,data/images/train/grape_black_rot/grape_black_rot__6ce1acce77.jpg,500,380,train,train/grape leaf black rot/fungus_rust.jpg,grape leaf black rot,500,380,JPEG,6ce1acce771c712161342d288fc0bb4e,8714721399481623411,2278,1
grape_black_rot__74c8089daa,train,grape black rot,10,data/images/train/grape_black_rot/grape_black_rot__74c8089daa.jpg,512,384,train,train/grape leaf black rot/Black_Rot_of_Grapes1157.jpg,grape leaf black rot,800,600,JPEG,74c8089daaa566e15b6af6bcd8c9e8c9,1635985587954933862,2250,1
grape_black_rot__7cb7d47cde,train,grape black rot,10,data/images/train/grape_black_rot/grape_black_rot__7cb7d47cde.jpg,512,228,train,train/grape leaf black rot/br-ocw-phom.jpg,grape leaf black rot,930,414,JPEG,7cb7d47cdeeb4858fe4c1b4683049ee0,12043810089588831503,2276,1
grape_black_rot__7f4ab8c8aa,train,grape black rot,10,data/images/train/grape_black_rot/grape_black_rot__7f4ab8c8aa.jpg,512,384,train,train/grape leaf black rot/Black_Rot_of_Grapes1167.jpg,grape leaf black rot,800,600,JPEG,7f4ab8c8aa1ee9711ec019d0804d72e5,14094459276984830381,2252,1
grape_black_rot__858a1c786a,train,grape black rot,10,data/images/train/grape_black_rot/grape_black_rot__858a1c786a.jpg,450,283,train,train/grape leaf black rot/guignardia-bidwellii-05.jpg,grape leaf black rot,450,283,JPEG,858a1c786a43b8068733d1ff73ad9061,14328137650880222499,2280,1
grape_black_rot__876f08167b,train,grape black rot,10,data/images/train/grape_black_rot/grape_black_rot__876f08167b.jpg,512,384,test,test/grape leaf black rot/Black%20rot%20on%20foliage.jpg,grape leaf black rot,1060,795,JPEG,876f08167b7298ff3fc3cae5b799471f,15668341074567905609,2503,1
grape_black_rot__8d9d4c6d64,train,grape black rot,10,data/images/train/grape_black_rot/grape_black_rot__8d9d4c6d64.jpg,512,384,train,train/grape leaf black rot/Black_Rot_of_Grapes1153.jpg,grape leaf black rot,800,600,JPEG,8d9d4c6d640e9db0a1c92bef397404fb,16569955030803068446,2247,1
grape_black_rot__8f2eb39784,train,grape black rot,10,data/images/train/grape_black_rot/grape_black_rot__8f2eb39784.jpg,512,321,train,train/grape leaf black rot/Black_rot_on_grape_leaves5.jpg,grape leaf black rot,3072,1928,JPEG,8f2eb39784fac01ade8266c7bfee43b6,16452550158745560429,2257,1
grape_black_rot__93b2135928,train,grape black rot,10,data/images/train/grape_black_rot/grape_black_rot__93b2135928.jpg,512,384,train,train/grape leaf black rot/p_319.jpg,grape leaf black rot,640,480,JPEG,93b2135928caf27a96032f7f74d79fb2,4653932807694527360,2285,1
grape_black_rot__a6db579076,train,grape black rot,10,data/images/train/grape_black_rot/grape_black_rot__a6db579076.jpg,512,341,train,train/grape leaf black rot/bad_grapes21.jpg,grape leaf black rot,720,480,JPEG,a6db57907607773355fcad9c3817f0ad,15286468874991813441,2267,1
grape_black_rot__a971b4ea4c,train,grape black rot,10,data/images/train/grape_black_rot/grape_black_rot__a971b4ea4c.jpg,433,299,train,train/grape leaf black rot/muscals2.jpg,grape leaf black rot,433,299,JPEG,a971b4ea4cb27e172819bce19d10bd92,7876103934481059021,2281,2
grape_black_rot__ac860e5c11,train,grape black rot,10,data/images/train/grape_black_rot/grape_black_rot__ac860e5c11.jpg,512,288,train,train/grape leaf black rot/00gb.jpg,grape leaf black rot,1500,844,JPEG,ac860e5c11c86ca3b0e97d081aa70c81,11392202951994100580,2232,1
grape_black_rot__af116123bf,train,grape black rot,10,data/images/train/grape_black_rot/grape_black_rot__af116123bf.jpg,512,323,train,train/grape leaf black rot/Guignardia_bidwellii_%28black_rot%29_on_grape_1.jpg,grape leaf black rot,3072,1936,JPEG,af116123bf0a078950ada62989f91334,8898971496235265487,2262,1
grape_black_rot__cae3a56393,train,grape black rot,10,data/images/train/grape_black_rot/grape_black_rot__cae3a56393.jpg,512,384,train,train/grape leaf black rot/Black_Rot_of_Grapes1155.jpg,grape leaf black rot,800,600,JPEG,cae3a563934abc21f30cc8364dd44c76,2778465074928339653,2249,1
grape_black_rot__cc5660d938,train,grape black rot,10,data/images/train/grape_black_rot/grape_black_rot__cc5660d938.jpg,512,363,train,train/grape leaf black rot/black_rot-grape_leaf.jpeg.jpg,grape leaf black rot,600,425,JPEG,cc5660d93831a94039dcec0846b8ce13,8319118598175574939,2273,1
grape_black_rot__d7ef6b15e9,train,grape black rot,10,data/images/train/grape_black_rot/grape_black_rot__d7ef6b15e9.jpg,512,384,train,train/grape leaf black rot/Black_Rot_of_Grapes1166.jpg,grape leaf black rot,800,600,JPEG,d7ef6b15e9c48fec412c360d9e34a0c9,11811935691319301691,2251,1
grape_black_rot__d9e1adb285,train,grape black rot,10,data/images/train/grape_black_rot/grape_black_rot__d9e1adb285.jpg,382,512,train,train/grape leaf black rot/image_original.jpeg?1495058317.jpg,grape leaf black rot,1936,2592,JPEG,d9e1adb285eca2d94e3f76e766d33d0f,14904292135929313947,2282,1
grape_black_rot__dafb0ac29d,train,grape black rot,10,data/images/train/grape_black_rot/grape_black_rot__dafb0ac29d.jpg,320,240,train,train/grape leaf black rot/black%20spot%20%2819%29.JPG?itok=mf4II8zq.jpg,grape leaf black rot,320,240,JPEG,dafb0ac29de9b127e593147b119d886a,4065221908349715848,2268,1
grape_black_rot__e0ebb1e965,train,grape black rot,10,data/images/train/grape_black_rot/grape_black_rot__e0ebb1e965.jpg,384,512,train,train/grape leaf black rot/brshoot2_zoom.jpg,grape leaf black rot,900,1200,JPEG,e0ebb1e9652ebcbf2f53c95bf408b1b7,14539492537066741142,2277,1
grape_black_rot__e89b52c9a0,train,grape black rot,10,data/images/train/grape_black_rot/grape_black_rot__e89b52c9a0.jpg,500,321,train,train/grape leaf black rot/black-rot-leaves.jpg,grape leaf black rot,500,321,JPEG,e89b52c9a0ff1e441034c886cc9d4215,17537882710353328932,2271,1
grape_black_rot__f6bc4ae2f9,train,grape black rot,10,data/images/train/grape_black_rot/grape_black_rot__f6bc4ae2f9.jpg,432,287,train,train/grape leaf black rot/grape%20black%20rot%20on%20leaf_DSC0336.jpg,grape leaf black rot,432,287,JPEG,f6bc4ae2f9af2b7284a1a0e0279eee60,7811025817515876474,2279,1
grape_black_rot__f9755948f2,train,grape black rot,10,data/images/train/grape_black_rot/grape_black_rot__f9755948f2.jpg,512,384,test,test/grape leaf black rot/brleaf2_zoom.jpg,grape leaf black rot,900,675,JPEG,f9755948f2f7aa0d682b8688eb7f4444,16620014575847425987,2505,1
grape_black_rot__fbee071c21,train,grape black rot,10,data/images/train/grape_black_rot/grape_black_rot__fbee071c21.jpg,512,489,train,train/grape leaf black rot/Guignardia-vigne44.jpg,grape leaf black rot,544,520,JPEG,fbee071c21e82c09b9441a371ddc94c7,11935764773222805851,2261,1
grape_black_rot__fd39476bda,train,grape black rot,10,data/images/train/grape_black_rot/grape_black_rot__fd39476bda.jpg,512,353,train,train/grape leaf black rot/80111791.jpg,grape leaf black rot,700,482,JPEG,fd39476bdae25910c631a893016f613a,11081485225113131264,2246,1
grape_healthy__029c55288e,train,grape healthy,11,data/images/train/grape_healthy/grape_healthy__029c55288e.jpg,512,384,test,test/grape leaf/grapes-leaves.jpg,grape leaf,1024,768,JPEG,029c55288e84cfc89184d272cb08fd30,13289074407644389603,2496,1
grape_healthy__053e424ab0,train,grape healthy,11,data/images/train/grape_healthy/grape_healthy__053e424ab0.jpg,383,512,train,train/grape leaf/muscadine-leaves-762506.JPG.jpg,grape leaf,1197,1600,JPEG,053e424ab050ef372647cb98f27ffa63,15946320160590571223,2224,1
grape_healthy__095c434695,train,grape healthy,11,data/images/train/grape_healthy/grape_healthy__095c434695.jpg,512,377,train,train/grape leaf/vine-leaves-10824119.jpg,grape leaf,1300,957,JPEG,095c434695d2b0674d0caf2bc9e9baad,1183086852627121896,2229,1
grape_healthy__09b94cf0ba,train,grape healthy,11,data/images/train/grape_healthy/grape_healthy__09b94cf0ba.jpg,512,341,train,train/grape leaf/dsc00849.jpg,grape leaf,5456,3632,JPEG,09b94cf0bac3c43d5c9e61058724a244,13514626395372635724,2191,1
grape_healthy__14d18bc4b5,train,grape healthy,11,data/images/train/grape_healthy/grape_healthy__14d18bc4b5.jpg,512,341,train,train/grape leaf/iisland-grape-leaves.jpg,grape leaf,1752,1168,JPEG,14d18bc4b5d4ce11d23dbb77b7e15140,8323889281562035107,2219,1
grape_healthy__1b6522c95d,train,grape healthy,11,data/images/train/grape_healthy/grape_healthy__1b6522c95d.jpg,512,341,train,train/grape leaf/grape-leaves1.jpg,grape leaf,3000,2000,JPEG,1b6522c95debe8b1827f83cf955dc566,12022834954232673331,2210,1
grape_healthy__1d346c4868,train,grape healthy,11,data/images/train/grape_healthy/grape_healthy__1d346c4868.jpg,341,512,train,train/grape leaf/grape-leaves-picture-id108483523?k=6&m=108483523&s=612x612&w=0&h=hBDI-YPeBffgjjZzbHsAaCfARsflsveT1NbcncLft5Y=.jpg,grape leaf,408,612,JPEG,1d346c4868a74f2ab567322cb8edf9bc,73481790113717404,2208,1
grape_healthy__1d78521ec8,train,grape healthy,11,data/images/train/grape_healthy/grape_healthy__1d78521ec8.jpg,490,512,test,test/grape leaf/DSCN7317.JPG.jpg,grape leaf,1530,1600,JPEG,1d78521ec8ed9c3bf6532221ab96ab78,3760616139951224230,2490,1
grape_healthy__2deede1e86,train,grape healthy,11,data/images/train/grape_healthy/grape_healthy__2deede1e86.jpg,393,512,train,train/grape leaf/Grape_leaf_01.jpg,grape leaf,2374,3090,JPEG,2deede1e863ac40cf9fdda898ca53ac5,5559758926001671964,2180,1
grape_healthy__2e84a89a25,train,grape healthy,11,data/images/train/grape_healthy/grape_healthy__2e84a89a25.jpg,512,341,train,train/grape leaf/nature-plant-grape-vine-wine-fruit-food-green-produce-agriculture-grapevine-vines-shrub-grapes-winegrowing-rebstock-flowering-plant-vitis-grape-leaves-green-grapes-swiss-francs-land-plant-grapevine-family-556232.jpg,grape leaf,4608,3072,JPEG,2e84a89a251e5b2db55ec284ba7b4321,4136781341201613218,2225,1
grape_healthy__408b141fea,train,grape healthy,11,data/images/train/grape_healthy/grape_healthy__408b141fea.jpg,512,376,test,test/grape leaf/depositphotos_6898486-stock-photo-grape-leaves.jpg,grape leaf,1023,751,JPEG,408b141fea32ff1acc75870e4419f542,6239604805645184438,2493,1
grape_healthy__409a333132,train,grape healthy,11,data/images/train/grape_healthy/grape_healthy__409a333132.jpg,512,411,train,train/grape leaf/grape-leave-clipping-path-3817989.jpg,grape leaf,1300,1044,JPEG,409a33313296c5043a05f6a228dc775f,1627918821644644081,2200,1
grape_healthy__46bc5335a6,train,grape healthy,11,data/images/train/grape_healthy/grape_healthy__46bc5335a6.jpg,512,485,train,train/grape leaf/depositphotos_6812535-stock-photo-grape-leaves.jpg,grape leaf,1024,970,JPEG,46bc5335a640f091f6dcbefc5f3d0e45,11031933642370004866,2190,1
grape_healthy__530d0dbefa,train,grape healthy,11,data/images/train/grape_healthy/grape_healthy__530d0dbefa.jpg,512,288,train,train/grape leaf/grape-leaf-with-water-drops-41813-1920x1080.jpg,grape leaf,1920,1080,JPEG,530d0dbefa676424f894bab766df17ab,15769323209537679536,2199,1
grape_healthy__5bf1afb295,train,grape healthy,11,data/images/train/grape_healthy/grape_healthy__5bf1afb295.jpg,451,512,train,train/grape leaf/grape-leaf-15796930.jpg,grape leaf,1145,1300,JPEG,5bf1afb2959f536625870616c4443d10,5916620963216565776,2193,1
grape_healthy__648a090a46,train,grape healthy,11,data/images/train/grape_healthy/grape_healthy__648a090a46.jpg,388,512,test,test/grape leaf/latest?cb=20100621160325.jpg,grape leaf,530,700,JPEG,648a090a46ee829e1e9839f9095535f6,5190155918570882852,2498,1
grape_healthy__6b739c8122,train,grape healthy,11,data/images/train/grape_healthy/grape_healthy__6b739c8122.jpg,384,512,test,test/grape leaf/P1130286.jpg,grape leaf,1536,2048,JPEG,6b739c81225a320ec96dc5b32380c0dc,9632193071204088124,2491,1
grape_healthy__712444924d,train,grape healthy,11,data/images/train/grape_healthy/grape_healthy__712444924d.jpg,512,343,train,train/grape leaf/grapes+003.JPG.jpg,grape leaf,1600,1071,JPEG,712444924d8952e5da3d5cf34cb0363d,8375172177706126381,2218,1
grape_healthy__73665fefaf,train,grape healthy,11,data/images/train/grape_healthy/grape_healthy__73665fefaf.jpg,512,341,train,train/grape leaf/young-fresh-grape-leaf-picture-id183867740?k=6&m=183867740&s=612x612&w=0&h=Q8_s3Yw7p_VKQjda-mZPl9rN4lDmpVjjbMUk95HtVFk=.jpg,grape leaf,612,408,JPEG,73665fefafd8438586cfed8ec4fc4289,1012472221677266434,2230,1
grape_healthy__7e6e26c14a,train,grape healthy,11,data/images/train/grape_healthy/grape_healthy__7e6e26c14a.jpg,512,384,train,train/grape leaf/trim-the-stem.jpg,grape leaf,4000,3000,JPEG,7e6e26c14aeac8fd445e22a04312e5b1,4069132225401152512,2228,1
grape_healthy__806aa40d49,train,grape healthy,11,data/images/train/grape_healthy/grape_healthy__806aa40d49.jpg,512,375,train,train/grape leaf/grape-leaves-21658567.jpg,grape leaf,1300,952,JPEG,806aa40d491d959c50c4121fbec746c6,595331778165183457,2205,1
grape_healthy__873107e6e4,train,grape healthy,11,data/images/train/grape_healthy/grape_healthy__873107e6e4.jpg,494,512,train,train/grape leaf/blue-grape-cluster-leaves-3323887.jpg,grape leaf,1300,1347,JPEG,873107e6e4677571666638c61a628a00,814042310198954977,2188,1
grape_healthy__89cdbc4f80,train,grape healthy,11,data/images/train/grape_healthy/grape_healthy__89cdbc4f80.jpg,512,446,train,train/grape leaf/10178grape_leaf.jpg,grape leaf,689,600,JPEG,89cdbc4f80ae49adb463cb99558368b5,8099781621679333141,2176,1
grape_healthy__8de3afb443,train,grape healthy,11,data/images/train/grape_healthy/grape_healthy__8de3afb443.jpg,512,280,train,train/grape leaf/grapeleaf4.JPG.jpg,grape leaf,1600,876,JPEG,8de3afb443957298be42ad6a8361942f,12163182796429791672,2217,1
grape_healthy__951a0714d5,train,grape healthy,11,data/images/train/grape_healthy/grape_healthy__951a0714d5.jpg,512,341,train,train/grape leaf/grape-leaves2.jpg,grape leaf,3000,2000,JPEG,951a0714d5a8640fd211f733fd0b99e6,6039848933002675412,2211,1
grape_healthy__95f30bba20,train,grape healthy,11,data/images/train/grape_healthy/grape_healthy__95f30bba20.jpg,400,448,train,train/grape leaf/WildGrapeLeaf_cutout.jpg,grape leaf,400,448,JPEG,95f30bba20674a5b834f14d7940d1a3e,2821302063471216133,2186,1
grape_healthy__98054b96fd,train,grape healthy,11,data/images/train/grape_healthy/grape_healthy__98054b96fd.jpg,512,341,train,train/grape leaf/000g.jpg,grape leaf,1200,800,JPEG,98054b96fd8fb42921cdfbb018f5f3b0,13469970561847419480,2174,1
grape_healthy__9a065ef942,train,grape healthy,11,data/images/train/grape_healthy/grape_healthy__9a065ef942.jpg,512,493,train,train/grape leaf/stock-photo-grapes-leaf-isolated-on-white-background-108448556.jpg,grape leaf,1500,1443,JPEG,9a065ef9427bc84bb576fc880aab5603,1046822133647481770,2227,1
grape_healthy__9d3f4b2eec,train,grape healthy,11,data/images/train/grape_healthy/grape_healthy__9d3f4b2eec.jpg,377,512,train,train/grape leaf/grape-leaves-3368435.jpg,grape leaf,957,1300,JPEG,9d3f4b2eeca7c9dde7865d1525d6f52f,14874277260455323680,2206,1
grape_healthy__a160c42850,train,grape healthy,11,data/images/train/grape_healthy/grape_healthy__a160c42850.jpg,512,319,train,train/grape leaf/grape-leaves-878629.jpg,grape leaf,1300,810,JPEG,a160c4285067eb14b43a143d5b390fc9,1733337394299327201,2207,1
grape_healthy__a2d31e0c3c,train,grape healthy,11,data/images/train/grape_healthy/grape_healthy__a2d31e0c3c.jpg,512,384,train,train/grape leaf/grape2b.jpg,grape leaf,1024,768,JPEG,a2d31e0c3c889ca44710a220544cf714,11848083281597479571,2215,1
grape_healthy__a39bef7189,train,grape healthy,11,data/images/train/grape_healthy/grape_healthy__a39bef7189.jpg,512,384,train,train/grape leaf/p1010008.jpg,grape leaf,2048,1536,JPEG,a39bef718913115821622b180125ae14,10055316880517143292,2226,1
grape_healthy__a5180a70ce,train,grape healthy,11,data/images/train/grape_healthy/grape_healthy__a5180a70ce.jpg,512,384,train,train/grape leaf/grape-leaves-1.jpg,grape leaf,3264,2448,JPEG,a5180a70ce2d0c9d24313351474e9db6,6400957318919149720,2202,1
grape_healthy__ab1582962a,train,grape healthy,11,data/images/train/grape_healthy/grape_healthy__ab1582962a.jpg,512,378,train,train/grape leaf/grape-leaf-19616502.jpg,grape leaf,1300,960,JPEG,ab1582962ac37b3219569a0ced739c94,434464905421326304,2194,1
grape_healthy__abedc0e82c,train,grape healthy,11,data/images/train/grape_healthy/grape_healthy__abedc0e82c.jpg,512,320,train,train/grape leaf/grape-leaves-19091-1920x1200.jpg,grape leaf,1920,1200,JPEG,abedc0e82ce5f0be22491a9f84996c6e,17426075104363869924,2203,1
grape_healthy__b2a48fb381,train,grape healthy,11,data/images/train/grape_healthy/grape_healthy__b2a48fb381.jpg,384,512,train,train/grape leaf/img_4534.jpg,grape leaf,2448,3264,JPEG,b2a48fb3815e56f54ee4b4317120f013,12815219751846634153,2222,1
grape_healthy__c0ebd78de5,train,grape healthy,11,data/images/train/grape_healthy/grape_healthy__c0ebd78de5.jpg,512,384,test,test/grape leaf/depositphotos_3443387-stock-photo-the-green-grape-leaf-on.jpg,grape leaf,1024,768,JPEG,c0ebd78de5ae2d69c81c6473077a807f,1245561089239763344,2492,1
grape_healthy__c12d4b0a78,train,grape healthy,11,data/images/train/grape_healthy/grape_healthy__c12d4b0a78.jpg,393,512,test,test/grape leaf/grape-leaf-picture-id119212425?k=6&m=119212425&s=612x612&w=0&h=8RZBWGcvXe4tAwhhvYZVFzWyRyiN5iTxKfWBpPT1FcU=.jpg,grape leaf,470,612,JPEG,c12d4b0a78ee48783abf91ef3b1d75a0,5516422928450128969,2495,1
grape_healthy__c137dc7cc5,train,grape healthy,11,data/images/train/grape_healthy/grape_healthy__c137dc7cc5.jpg,512,360,train,train/grape leaf/img_0389.jpg,grape leaf,3264,2295,JPEG,c137dc7cc5e7109497ab3bcace4246b9,9767070757612128071,2220,1
grape_healthy__c19bd12ba5,train,grape healthy,11,data/images/train/grape_healthy/grape_healthy__c19bd12ba5.jpg,512,343,train,train/grape leaf/grape-leaves-03-1103349.jpg,grape leaf,1300,870,JPEG,c19bd12ba5a254bb59445c0d5784fddf,6359126553610737,2201,1
grape_healthy__c2c6589471,train,grape healthy,11,data/images/train/grape_healthy/grape_healthy__c2c6589471.jpg,512,384,train,train/grape leaf/grape+leaves.JPG.jpg,grape leaf,1440,1080,JPEG,c2c658947198b6c3a98ee2b72101783e,2552236773366506374,2192,1
grape_healthy__c611e842f7,train,grape healthy,11,data/images/train/grape_healthy/grape_healthy__c611e842f7.jpg,512,382,train,train/grape leaf/GrapeLeaf.jpg,grape leaf,2592,1936,JPEG,c611e842f7440155e1dd33bd7a8e3c25,13964308837430616675,2179,1
grape_healthy__c682f5da69,train,grape healthy,11,data/images/train/grape_healthy/grape_healthy__c682f5da69.jpg,288,512,train,train/grape leaf/img_20160701_155626898_hdr.jpg,grape leaf,1836,3264,JPEG,c682f5da691810a7d94130696f9425ef,16834580767451692201,2221,1
grape_healthy__cab066852c,train,grape healthy,11,data/images/train/grape_healthy/grape_healthy__cab066852c.jpg,512,380,train,train/grape leaf/grape-leaf-dew-465884.jpg,grape leaf,1300,964,JPEG,cab066852c6ab543ff0030cd2f729fe7,14757995669846822875,2197,1
grape_healthy__cab8b14bf8,train,grape healthy,11,data/images/train/grape_healthy/grape_healthy__cab8b14bf8.jpg,512,341,train,train/grape leaf/Wild_Grape_Leaf.jpg,grape leaf,3504,2336,JPEG,cab8b14bf8a53368fc22c8690df80fe6,14758737611747004432,2187,1
grape_healthy__d00039d3f7,train,grape healthy,11,data/images/train/grape_healthy/grape_healthy__d00039d3f7.jpg,512,512,test,test/grape leaf/0000.jpg,grape leaf,1000,1000,JPEG,d00039d3f7398a8b6e07093f3327c0d9,976805215340799892,2488,1
grape_healthy__d315878cb0,train,grape healthy,11,data/images/train/grape_healthy/grape_healthy__d315878cb0.jpg,512,437,train,train/grape leaf/0g.jpg,grape leaf,1200,1025,JPEG,d315878cb0d8f3a33bad3aaefe3b143d,14144923351065511980,2175,1
grape_healthy__d436fe57dd,train,grape healthy,11,data/images/train/grape_healthy/grape_healthy__d436fe57dd.jpg,377,512,train,train/grape leaf/grape-leaf-blossoming-buds-spring-macro-31132897.jpg,grape leaf,957,1300,JPEG,d436fe57dd93e371568ff92dc5b107a8,5752089751288383427,2195,1
grape_healthy__d98e05d370,train,grape healthy,11,data/images/train/grape_healthy/grape_healthy__d98e05d370.jpg,512,384,train,train/grape leaf/grape_leaf_1_bg_20090621.jpg,grape leaf,1024,768,JPEG,d98e05d3703a8db994899f92c83b02df,7264819610378062823,2216,1
grape_healthy__dabfc7c1d2,train,grape healthy,11,data/images/train/grape_healthy/grape_healthy__dabfc7c1d2.jpg,512,339,train,train/grape leaf/grape-leaves-2.jpg,grape leaf,800,530,JPEG,dabfc7c1d21a4506cf11ddd0b04f2ab1,12200661316896275134,2204,1
grape_healthy__dba1d75ddb,train,grape healthy,11,data/images/train/grape_healthy/grape_healthy__dba1d75ddb.jpg,480,512,test,test/grape leaf/grapevine-leaf-7466071.jpg,grape leaf,1219,1300,JPEG,dba1d75ddb30b437364d384a07783e18,3028695171313110050,2497,1
grape_healthy__de03798336,train,grape healthy,11,data/images/train/grape_healthy/grape_healthy__de03798336.jpg,512,341,train,train/grape leaf/grape-vine-leaf-1327453.jpg,grape leaf,1600,1065,JPEG,de03798336e4e1238e0863abe4e7f0c3,1464075016322185272,2213,1
grape_healthy__e7c959b23f,train,grape healthy,11,data/images/train/grape_healthy/grape_healthy__e7c959b23f.jpg,512,497,train,train/grape leaf/4635766-green-grapevine-leaves.jpg,grape leaf,800,776,JPEG,e7c959b23f3ec141888ec22e05e43e9c,10968578718971738228,2177,1
grape_healthy__ee5886c3f4,train,grape healthy,11,data/images/train/grape_healthy/grape_healthy__ee5886c3f4.jpg,512,384,train,train/grape leaf/IMG_20150511_095517.jpg,grape leaf,1600,1200,JPEG,ee5886c3f40c4fe450de4a30b8428acc,11921753125894543398,2182,1
grape_healthy__effaf44b54,train,grape healthy,11,data/images/train/grape_healthy/grape_healthy__effaf44b54.jpg,495,512,train,train/grape leaf/grape-leaf-detail-1457175.jpg,grape leaf,800,828,JPEG,effaf44b544c2f0b3bfb553c9042ff3a,5552399910714553139,2196,1
grape_healthy__f8107f9777,train,grape healthy,11,data/images/train/grape_healthy/grape_healthy__f8107f9777.jpg,384,512,train,train/grape leaf/P1130239.jpg,grape leaf,1536,2048,JPEG,f8107f9777dd603a4a0e10e9821f5526,8266512100784224376,2185,1
grape_healthy__fe90005d3d,train,grape healthy,11,data/images/train/grape_healthy/grape_healthy__fe90005d3d.jpg,512,341,train,train/grape leaf/Grolleau_noir_leaves.jpg,grape leaf,1600,1067,JPEG,fe90005d3d75cbeb2345cdd186b1261c,16457502085252034637,2181,1
peach_healthy__04dab8eb59,train,peach healthy,12,data/images/train/peach_healthy/peach_healthy__04dab8eb59.jpg,512,407,train,train/Peach leaf/foodjuly2011+026.jpg,Peach leaf,1011,804,JPEG,04dab8eb59f065321b718620c64b8c4e,1338539312975105228,890,1
peach_healthy__07a8794a96,train,peach healthy,12,data/images/train/peach_healthy/peach_healthy__07a8794a96.jpg,512,487,train,train/Peach leaf/peach-and-nectarine-leaves.jpg,Peach leaf,900,856,JPEG,07a8794a96fb8a85ecb374425eeca90b,7116500924828890013,898,1
peach_healthy__08b2ed2338,train,peach healthy,12,data/images/train/peach_healthy/peach_healthy__08b2ed2338.jpg,512,378,train,train/Peach leaf/peach-prunus-persica-roter-ellerstaedter-prunus-persica-roter-ellerstaedter-DAM2J4.jpg,Peach leaf,1300,960,JPEG,08b2ed233898ece1c91d8f4d8af34a70,7720875302160477485,912,1
peach_healthy__09cbcef9cb,train,peach healthy,12,data/images/train/peach_healthy/peach_healthy__09cbcef9cb.jpg,384,512,train,train/Peach leaf/Stephanes-Babcock-peach.Few-branches-without-any-leaves.jpg,Peach leaf,2448,3264,JPEG,09cbcef9cbee7691e79eb82c6a3cc68a,3558754321223876471,881,1
peach_healthy__0c2badaa36,train,peach healthy,12,data/images/train/peach_healthy/peach_healthy__0c2badaa36.jpg,512,499,train,train/Peach leaf/stock-photo-two-sides-of-peach-leaf-isolate-on-white-17407162.jpg,Peach leaf,1500,1461,JPEG,0c2badaa36d29dffa001d8374219d1ef,15156113945977509290,949,1
peach_healthy__0eba777179,train,peach healthy,12,data/images/train/peach_healthy/peach_healthy__0eba777179.jpg,512,341,train,train/Peach leaf/0pe.jpg,Peach leaf,5472,3648,JPEG,0eba77717980e8efc7ad017fe044c3ff,12597292823386384744,851,1
peach_healthy__148279e3f9,train,peach healthy,12,data/images/train/peach_healthy/peach_healthy__148279e3f9.jpg,384,512,train,train/Peach leaf/Peach-Pixzee-tree.jpg,Peach leaf,1704,2272,JPEG,148279e3f9e5223953ac182c42deb149,7449853429467752244,877,1
peach_healthy__15841551b1,train,peach healthy,12,data/images/train/peach_healthy/peach_healthy__15841551b1.jpg,383,512,train,train/Peach leaf/dsc06413.jpg,Peach leaf,1534,2048,JPEG,15841551b1df8f4542eb4212a52330d2,6932895007784258371,889,1
peach_healthy__172f21ca1a,train,peach healthy,12,data/images/train/peach_healthy/peach_healthy__172f21ca1a.jpg,512,512,train,train/Peach leaf/peach-with-leaf-isolated-on-white-picture-id466696757.jpg,Peach leaf,1024,1024,JPEG,172f21ca1a73bdabc4e47218d7d73f41,9232114516020891532,915,2
peach_healthy__1765581165,train,peach healthy,12,data/images/train/peach_healthy/peach_healthy__1765581165.jpg,512,394,train,train/Peach leaf/stock-photo-peach-leaf-isolated-on-white-background-207823156.jpg,Peach leaf,1500,1153,JPEG,17655811654d4713a744226c8485bcc8,1262439691987910811,936,1
peach_healthy__1b849b5376,train,peach healthy,12,data/images/train/peach_healthy/peach_healthy__1b849b5376.jpg,450,470,train,train/Peach leaf/stock-photo-peach-wet-fruit-with-leaf-isolated-on-white-248733745.jpg,Peach leaf,450,470,JPEG,1b849b5376e292ae42e6935bf3de7dfb,9804097910979137182,943,1
peach_healthy__1cf2793c63,train,peach healthy,12,data/images/train/peach_healthy/peach_healthy__1cf2793c63.jpg,512,377,train,train/Peach leaf/peach-1024x754.jpg,Peach leaf,1024,754,JPEG,1cf2793c6341d7c5a2803e6831250172,7125700200596304241,894,1
peach_healthy__265f16117c,train,peach healthy,12,data/images/train/peach_healthy/peach_healthy__265f16117c.jpg,512,512,train,train/Peach leaf/1921.jpg,Peach leaf,800,800,JPEG,265f16117ca3a329b52924b973ab6b93,3111355986053264230,857,1
peach_healthy__2709a74b05,train,peach healthy,12,data/images/train/peach_healthy/peach_healthy__2709a74b05.jpg,317,512,train,train/Peach leaf/1200px-Illustration_Prunus_persica0.jpg,Peach leaf,1200,1941,JPEG,2709a74b05ea121842f05e48c77524ec,11357968074347764182,853,1
peach_healthy__2773bca3de,train,peach healthy,12,data/images/train/peach_healthy/peach_healthy__2773bca3de.jpg,511,512,train,train/Peach leaf/peach-leaf-white-background-40292976.jpg,Peach leaf,1300,1303,JPEG,2773bca3def1f96986604727ef240bae,2814484884118806469,906,1
peach_healthy__30b179d007,train,peach healthy,12,data/images/train/peach_healthy/peach_healthy__30b179d007.jpg,512,433,train,train/Peach leaf/peach-and-leaf-stock-image-2809275.jpg,Peach leaf,1300,1099,JPEG,30b179d007e694dcb0a688127afd861a,5518799119410475980,896,1
peach_healthy__32117c8310,train,peach healthy,12,data/images/train/peach_healthy/peach_healthy__32117c8310.jpg,487,512,train,train/Peach leaf/peach-leaves-26807890.jpg,Peach leaf,1300,1367,JPEG,32117c8310bbf70fda2da82eaff90251,5316187940824220481,909,1
peach_healthy__3567ff1c92,train,peach healthy,12,data/images/train/peach_healthy/peach_healthy__3567ff1c92.jpg,384,512,train,train/Peach leaf/22+August+2013+010-1.jpg,Peach leaf,1200,1600,JPEG,3567ff1c924e016d1b171008d43b0175,941700111957899867,859,1
peach_healthy__366cf4c15f,train,peach healthy,12,data/images/train/peach_healthy/peach_healthy__366cf4c15f.jpg,384,512,train,train/Peach leaf/6uo5q.jpg,Peach leaf,2448,3264,JPEG,366cf4c15fa8d794082ba7d8cb3ad256,12884961737458874066,866,1
peach_healthy__373aa77c7d,train,peach healthy,12,data/images/train/peach_healthy/peach_healthy__373aa77c7d.jpg,512,512,train,train/Peach leaf/1737796_orig.jpg,Peach leaf,800,800,JPEG,373aa77c7d7b32069e460d7389c78772,9668985619356864642,855,1
peach_healthy__3970d7d809,train,peach healthy,12,data/images/train/peach_healthy/peach_healthy__3970d7d809.jpg,480,512,train,train/Peach leaf/stock-photo-peach-with-leaves-isolated-on-white-246532954.jpg,Peach leaf,1500,1600,JPEG,3970d7d809c6db257b27966a70c4c322,11609781971601000124,946,1
peach_healthy__3b20f46e03,train,peach healthy,12,data/images/train/peach_healthy/peach_healthy__3b20f46e03.jpg,512,342,train,train/Peach leaf/Peachleaf-Willow-leaf-1.jpg,Peach leaf,2247,1500,JPEG,3b20f46e03402f730e18426638a50e06,3398922660605419955,880,1
peach_healthy__3ca35dea8b,train,peach healthy,12,data/images/train/peach_healthy/peach_healthy__3ca35dea8b.jpg,512,512,train,train/Peach leaf/image_original.jpeg?1473123508.jpg,Peach leaf,3024,3024,JPEG,3ca35dea8b7cc8335a10ca94546c39b9,14839241529278241177,893,1
peach_healthy__400d366bac,train,peach healthy,12,data/images/train/peach_healthy/peach_healthy__400d366bac.jpg,384,512,train,train/Peach leaf/Peach-leaves.jpg,Peach leaf,1536,2048,JPEG,400d366baccd97b869ac95a4cbf6e873,7415144237887757746,878,1
peach_healthy__406abeb778,train,peach healthy,12,data/images/train/peach_healthy/peach_healthy__406abeb778.jpg,413,512,train,train/Peach leaf/stock-photo-peach-leaf-isolated-on-white-background-195325289.jpg,Peach leaf,1292,1600,JPEG,406abeb7785b8727258bee5c6186ec2c,4829862175404262286,934,1
peach_healthy__429740ec64,train,peach healthy,12,data/images/train/peach_healthy/peach_healthy__429740ec64.jpg,512,400,train,train/Peach leaf/stock-photo-peach-leaves-isolated-on-white-background-298277570.jpg,Peach leaf,1500,1171,JPEG,429740ec64def481cdd9a8feb6ca74cb,3123628895549102390,939,1
peach_healthy__44aa7057ff,train,peach healthy,12,data/images/train/peach_healthy/peach_healthy__44aa7057ff.jpg,377,512,train,train/Peach leaf/peach-tree-trunk-new-leaf-18757494.jpg,Peach leaf,957,1300,JPEG,44aa7057ff4ccfa317cc82e6ff004d9e,3978206274906342857,914,1
peach_healthy__475facfac9,train,peach healthy,12,data/images/train/peach_healthy/peach_healthy__475facfac9.jpg,512,341,train,train/Peach leaf/peach-leaf.jpg,Peach leaf,2136,1424,JPEG,475facfac9f9758fec84c261f54978db,651081477117126204,907,1
peach_healthy__49a89cb257,train,peach healthy,12,data/images/train/peach_healthy/peach_healthy__49a89cb257.jpg,512,395,train,train/Peach leaf/peach-leaves-18058413.jpg,Peach leaf,1300,1002,JPEG,49a89cb25746051179811671856c4aef,6437110280300617187,908,1
peach_healthy__4c7566a30a,train,peach healthy,12,data/images/train/peach_healthy/peach_healthy__4c7566a30a.jpg,512,341,train,train/Peach leaf/peach-tree-leaf-3-1024x681.jpg,Peach leaf,1024,681,JPEG,4c7566a30a4f2eef726a145654b61c09,6524227558428784242,913,1
peach_healthy__4f5579cac1,train,peach healthy,12,data/images/train/peach_healthy/peach_healthy__4f5579cac1.jpg,384,512,train,train/Peach leaf/0052.jpg,Peach leaf,2304,3072,JPEG,4f5579cac1614aaf1dd4875b407477e4,3862825296672130433,849,1
peach_healthy__542a114a0e,train,peach healthy,12,data/images/train/peach_healthy/peach_healthy__542a114a0e.jpg,450,470,train,train/Peach leaf/stock-photo-two-peach-leaves-isolated-on-white-311533217.jpg,Peach leaf,450,470,JPEG,542a114a0eac99c99a85e3d3accc9a46,5046008673362250390,948,1
peach_healthy__553a50bfa1,train,peach healthy,12,data/images/train/peach_healthy/peach_healthy__553a50bfa1.jpg,512,384,train,train/Peach leaf/P1010703.JPG.jpg,Peach leaf,1024,768,JPEG,553a50bfa11dbd89ac093b12c8f5e300,9105855851928159015,873,1
peach_healthy__5815b92c29,train,peach healthy,12,data/images/train/peach_healthy/peach_healthy__5815b92c29.jpg,512,391,test,test/Peach leaf/peach-leaf-isolated-white-background-42295220.jpg,Peach leaf,1300,994,JPEG,5815b92c298fe8e7a3e804c7ff7af61f,3610768762770753521,2380,1
peach_healthy__5efecb48f5,train,peach healthy,12,data/images/train/peach_healthy/peach_healthy__5efecb48f5.jpg,480,512,test,test/Peach leaf/stock-photo-peach-tree-leaf-isolated-over-white-background-back-side-64472731.jpg,Peach leaf,1500,1600,JPEG,5efecb48f53de978ccd7cd175e4e8a99,9965706544845490323,2383,1
peach_healthy__610cd7124f,train,peach healthy,12,data/images/train/peach_healthy/peach_healthy__610cd7124f.jpg,347,512,train,train/Peach leaf/1343.jpg,Peach leaf,1024,1510,JPEG,610cd7124f380d2a7799dc8c8293edca,10623267412724238729,854,1
peach_healthy__6131df6107,train,peach healthy,12,data/images/train/peach_healthy/peach_healthy__6131df6107.jpg,450,414,train,train/Peach leaf/stock-photo-fresh-peach-fruits-with-green-leaves-isolated-on-white-background-59305621.jpg,Peach leaf,450,414,JPEG,6131df610709f4edf3d7ad9039e7d139,14380611818962695,927,1
peach_healthy__62ec41ba4b,train,peach healthy,12,data/images/train/peach_healthy/peach_healthy__62ec41ba4b.jpg,512,384,train,train/Peach leaf/Peach_leaves_raw.jpg,Peach leaf,2592,1944,JPEG,62ec41ba4bec9bf27967774fa4ad0ffe,6031080445579814598,879,1
peach_healthy__6530fa177b,train,peach healthy,12,data/images/train/peach_healthy/peach_healthy__6530fa177b.jpg,512,456,train,train/Peach leaf/depositphotos_31403089-stock-photo-ripe-peach-with-leaf.jpg,Peach leaf,1024,912,JPEG,6530fa177b783f167daf433e20967c5b,2466018810940049287,884,1
peach_healthy__69a5081006,train,peach healthy,12,data/images/train/peach_healthy/peach_healthy__69a5081006.jpg,450,439,train,train/Peach leaf/stock-photo-peach-leaves-isolated-on-white-background-618456884.jpg,Peach leaf,450,439,JPEG,69a5081006e8224af8f5ae651619b1ff,1456671595184731026,942,1
peach_healthy__6c4d6c88a5,train,peach healthy,12,data/images/train/peach_healthy/peach_healthy__6c4d6c88a5.jpg,512,441,train,train/Peach leaf/peach-leaves-isolated-white-background-43668233.jpg,Peach leaf,1300,1120,JPEG,6c4d6c88a597d646d0287561efb4f39e,5048284834631357388,911,1
peach_healthy__6f72f993ae,train,peach healthy,12,data/images/train/peach_healthy/peach_healthy__6f72f993ae.jpg,450,457,train,train/Peach leaf/stock-photo-peach-with-leaf-699537772.jpg,Peach leaf,450,457,JPEG,6f72f993aeb955dd4bc7d3ffa965f952,722554163913264653,944,1
peach_healthy__6f9a2b1545,train,peach healthy,12,data/images/train/peach_healthy/peach_healthy__6f9a2b1545.jpg,438,470,train,train/Peach leaf/stock-photo-peach-fresh-peach-with-green-leaf-isolated-on-white-background-548680618.jpg,Peach leaf,438,470,JPEG,6f9a2b1545336bcbbe0753a493fc38d4,580716133879320078,928,1
peach_healthy__76978184ac,train,peach healthy,12,data/images/train/peach_healthy/peach_healthy__76978184ac.jpg,512,470,train,train/Peach leaf/fresh-peach-green-leaf-3346348.jpg,Peach leaf,1300,1194,JPEG,76978184ac8ff75bfbf4766895f9f646,6018796122586160321,892,1
peach_healthy__798ab4b014,train,peach healthy,12,data/images/train/peach_healthy/peach_healthy__798ab4b014.jpg,420,420,train,train/Peach leaf/Peach-Leaf.jpg,Peach leaf,420,420,JPEG,798ab4b014a53262679d7778edfa27fa,14295820309998259309,876,1
peach_healthy__7a08c90d1d,train,peach healthy,12,data/images/train/peach_healthy/peach_healthy__7a08c90d1d.jpg,429,512,test,test/Peach leaf/7190f27ead55c0f6e3ff8b982972810a5446a9713a49d_1260x1260.jpg,Peach leaf,1056,1260,JPEG,7a08c90d1de57746126ef39dca4ffe57,3246335900808711469,2376,1
peach_healthy__7b6ea0ced9,train,peach healthy,12,data/images/train/peach_healthy/peach_healthy__7b6ea0ced9.jpg,410,512,train,train/Peach leaf/peach-with-leaves-stock-image-1765504.jpg,Peach leaf,1114,1392,JPEG,7b6ea0ced9ac910f839183dd42d9b686,2420151583867342536,917,1
peach_healthy__7dbf7b984a,train,peach healthy,12,data/images/train/peach_healthy/peach_healthy__7dbf7b984a.jpg,512,366,train,train/Peach leaf/peach-leaf-stock-picture-855439.jpg,Peach leaf,1300,930,JPEG,7dbf7b984a4a90db6182b157f339e034,14035339919352785337,905,1
peach_healthy__87b1a55057,train,peach healthy,12,data/images/train/peach_healthy/peach_healthy__87b1a55057.jpg,512,361,train,train/Peach leaf/peaches-growing-in-tree.jpg,Peach leaf,1000,706,JPEG,87b1a55057887150629e3743a432322c,10933282796575706517,923,1
peach_healthy__8add68db55,train,peach healthy,12,data/images/train/peach_healthy/peach_healthy__8add68db55.jpg,512,348,train,train/Peach leaf/peaches-w-leaves.jpg,Peach leaf,3387,2302,JPEG,8add68db5533a4455f6c3ba290cf8ed6,3689710739760012171,924,1
peach_healthy__8c932c8572,train,peach healthy,12,data/images/train/peach_healthy/peach_healthy__8c932c8572.jpg,489,512,train,train/Peach leaf/stock-photo-peach-leaf-isolated-363604259.jpg,Peach leaf,1500,1569,JPEG,8c932c8572b2cd309a3a56a8ebd631e8,7360895491593941801,932,1
peach_healthy__8de0723f76,train,peach healthy,12,data/images/train/peach_healthy/peach_healthy__8de0723f76.jpg,512,384,train,train/Peach leaf/DSCN1913.JPG.jpg,Peach leaf,1600,1200,JPEG,8de0723f7678e7054e0d34aab0d3e212,15119520024099468981,870,1
peach_healthy__8e894f267b,train,peach healthy,12,data/images/train/peach_healthy/peach_healthy__8e894f267b.jpg,512,387,train,train/Peach leaf/depositphotos_6870648-stock-photo-ripe-peach-fruit-with-leaves.jpg,Peach leaf,1024,774,JPEG,8e894f267b5d936cb9e121e3e0b0705b,1952621914411722623,887,1
peach_healthy__8e9a25839d,train,peach healthy,12,data/images/train/peach_healthy/peach_healthy__8e9a25839d.jpg,384,512,train,train/Peach leaf/Dwarf-Red-Leaf-Peach-leaves-closeup.jpg,Peach leaf,480,640,JPEG,8e9a25839d2181fab87a8bc599a8fa06,10622418450783006318,871,1
peach_healthy__8fad2491ae,train,peach healthy,12,data/images/train/peach_healthy/peach_healthy__8fad2491ae.jpg,512,380,train,train/Peach leaf/peach-leaf-isolated-white-background-42295196.jpg,Peach leaf,1300,965,JPEG,8fad2491ae0f3c9d74654ca7ff192ba8,617278588389790177,903,1
peach_healthy__932c869666,train,peach healthy,12,data/images/train/peach_healthy/peach_healthy__932c869666.jpg,384,512,train,train/Peach leaf/H2c1o.jpg,Peach leaf,2448,3264,JPEG,932c869666fcd050fd421893211b5ce6,8554432943998776361,872,1
peach_healthy__93a7c62f4c,train,peach healthy,12,data/images/train/peach_healthy/peach_healthy__93a7c62f4c.jpg,512,269,train,train/Peach leaf/78517936.jpg,Peach leaf,1200,630,JPEG,93a7c62f4cb0eab7b62551c06dd61327,13305222822325826553,867,1
peach_healthy__94adb922c9,train,peach healthy,12,data/images/train/peach_healthy/peach_healthy__94adb922c9.jpg,500,500,train,train/Peach leaf/300117.jpg,Peach leaf,500,500,JPEG,94adb922c96b8a5d7b18725797e7f2a4,3725761775128573750,861,1
peach_healthy__9b535403d7,train,peach healthy,12,data/images/train/peach_healthy/peach_healthy__9b535403d7.jpg,323,512,train,train/Peach leaf/peach-with-leaves-stock-picture-1662453.jpg,Peach leaf,877,1392,JPEG,9b535403d770d2af00dc813d5f196c7b,10096801014398521286,919,1
peach_healthy__9c319d7be9,train,peach healthy,12,data/images/train/peach_healthy/peach_healthy__9c319d7be9.jpg,450,389,train,train/Peach leaf/stock-photo-peach-leaf-isolated-on-white-background-254975221.jpg,Peach leaf,450,389,JPEG,9c319d7be9e8c7d600a93801d7f94c5a,5220896012985178006,937,1
peach_healthy__9da74229bc,train,peach healthy,12,data/images/train/peach_healthy/peach_healthy__9da74229bc.jpg,479,512,train,train/Peach leaf/peach-leaf-11810082.jpg,Peach leaf,1300,1390,JPEG,9da74229bc7a2842fb6c1cf566edb0d3,2775933120624660417,899,1
peach_healthy__9e50936ea2,train,peach healthy,12,data/images/train/peach_healthy/peach_healthy__9e50936ea2.jpg,512,484,train,train/Peach leaf/fresh-peach-fruits-green-leaves-15654533.jpg,Peach leaf,1300,1229,JPEG,9e50936ea271dea238f8e3cbb114b3c3,14380611818960833,891,1
peach_healthy__a1a6ff8419,train,peach healthy,12,data/images/train/peach_healthy/peach_healthy__a1a6ff8419.jpg,450,470,train,train/Peach leaf/stock-photo-peach-with-leaf-isolated-on-white-with-clipping-path-494602609.jpg,Peach leaf,450,470,JPEG,a1a6ff84198571374eadb9896455af92,10092341610894270110,945,1
peach_healthy__a428ffcd17,train,peach healthy,12,data/images/train/peach_healthy/peach_healthy__a428ffcd17.jpg,319,512,train,train/Peach leaf/peach-with-leaves-stock-picture-1662209.jpg,Peach leaf,866,1392,JPEG,a428ffcd1723e03d09884064789a7716,2757933732605264257,918,1
peach_healthy__a48d984052,train,peach healthy,12,data/images/train/peach_healthy/peach_healthy__a48d984052.jpg,512,467,train,train/Peach leaf/peach-and-leaf-stock-image-2809274.jpg,Peach leaf,1300,1186,JPEG,a48d984052f7137ab4cb6f384dcd068d,4649420429355519890,895,1
peach_healthy__a4febd472d,train,peach healthy,12,data/images/train/peach_healthy/peach_healthy__a4febd472d.jpg,512,311,test,test/Peach leaf/stock-photo-peach-leaf-isolated-on-white-background-281097503.jpg,Peach leaf,1500,912,JPEG,a4febd472d6ef43a51db14d91ede473d,10422257105655349907,2382,1
peach_healthy__a6249891fc,train,peach healthy,12,data/images/train/peach_healthy/peach_healthy__a6249891fc.jpg,512,393,train,train/Peach leaf/17558-peach-and-leaves.jpg,Peach leaf,1024,786,JPEG,a6249891fc39c9b311184d713d534349,158526706688069134,856,1
peach_healthy__a9c5c2e37a,train,peach healthy,12,data/images/train/peach_healthy/peach_healthy__a9c5c2e37a.jpg,369,512,test,test/Peach leaf/00pe.jpg,Peach leaf,720,1000,JPEG,a9c5c2e37a845c953590cc77911ebc0c,3932420868206805788,2375,1
peach_healthy__aa9bc2ea7a,train,peach healthy,12,data/images/train/peach_healthy/peach_healthy__aa9bc2ea7a.jpg,382,512,train,train/Peach leaf/peach-with-leaf-picture-id124561113.jpg,Peach leaf,765,1024,JPEG,aa9bc2ea7a536202d4d98df270d64430,1838355984034236172,916,1
peach_healthy__aaf43889e6,train,peach healthy,12,data/images/train/peach_healthy/peach_healthy__aaf43889e6.jpg,512,512,train,train/Peach leaf/two-peach-leaves-isolated-on-white-picture-id519433636.jpg,Peach leaf,1024,1024,JPEG,aaf43889e6bb8688ca09205fea0a4d5b,470352546096810634,950,1
peach_healthy__ae4923775b,train,peach healthy,12,data/images/train/peach_healthy/peach_healthy__ae4923775b.jpg,512,507,train,train/Peach leaf/stock-photo-peach-leaves-isolated-203326555.jpg,Peach leaf,1500,1485,JPEG,ae4923775b4fb0c534a1c22de984bc1d,10386188107137158291,938,1
peach_healthy__ae5f33253d,train,peach healthy,12,data/images/train/peach_healthy/peach_healthy__ae5f33253d.jpg,512,454,train,train/Peach leaf/stock-photo-peach-leaves-isolated-on-white-background-302224460.jpg,Peach leaf,1500,1329,JPEG,ae5f33253d5135a08fea8abd9050bb7c,13128920408536592826,940,1
peach_healthy__af49ff807a,train,peach healthy,12,data/images/train/peach_healthy/peach_healthy__af49ff807a.jpg,512,384,train,train/Peach leaf/020.JPG.jpg,Peach leaf,1600,1200,JPEG,af49ff807aa096280c28d6e53363a68f,3604624018345345670,850,1
peach_healthy__b479503560,train,peach healthy,12,data/images/train/peach_healthy/peach_healthy__b479503560.jpg,450,363,train,train/Peach leaf/depositphotos_140609182-stock-photo-beauty-peach-with-leaf.jpg,Peach leaf,450,363,JPEG,b479503560e78925beab86085571a04a,9515555222255509016,883,1
peach_healthy__b4f7899394,train,peach healthy,12,data/images/train/peach_healthy/peach_healthy__b4f7899394.jpg,512,512,train,train/Peach leaf/3939-960x960.jpg,Peach leaf,800,800,JPEG,b4f78993948d14a0c0c6454733a67de8,10168385749202854254,864,1
peach_healthy__b8526ba736,train,peach healthy,12,data/images/train/peach_healthy/peach_healthy__b8526ba736.jpg,512,407,train,train/Peach leaf/peach-with-leaves-stock-picture-1721709.jpg,Peach leaf,1300,1033,JPEG,b8526ba73677da99111417487119df1f,2632082459164806290,920,1
peach_healthy__b86f36ce71,train,peach healthy,12,data/images/train/peach_healthy/peach_healthy__b86f36ce71.jpg,450,470,train,train/Peach leaf/stock-photo-peach-leaf-collection-isolated-on-white-236633248.jpg,Peach leaf,450,470,JPEG,b86f36ce71e3c01e966f81f47a1996eb,2537553218129978166,931,1
peach_healthy__b89db7f317,train,peach healthy,12,data/images/train/peach_healthy/peach_healthy__b89db7f317.jpg,500,500,train,train/Peach leaf/300117_1.jpg,Peach leaf,500,500,JPEG,b89db7f3170c0621ee2c81977a0d9812,7270201849123321436,862,1
peach_healthy__b9aeffb6ed,train,peach healthy,12,data/images/train/peach_healthy/peach_healthy__b9aeffb6ed.jpg,512,343,train,train/Peach leaf/DSC02329.jpg,Peach leaf,1162,778,JPEG,b9aeffb6ed2539d2c4bb34ad09ad62ef,6112042633726749515,869,1
peach_healthy__c150c2279e,train,peach healthy,12,data/images/train/peach_healthy/peach_healthy__c150c2279e.jpg,512,512,train,train/Peach leaf/peach-leaf-isolated-white-background-39426456.jpg,Peach leaf,800,800,JPEG,c150c2279e03f6f4b9ba335d3b57f110,436589022232645388,901,1
peach_healthy__c53df20f02,train,peach healthy,12,data/images/train/peach_healthy/peach_healthy__c53df20f02.jpg,512,512,test,test/Peach leaf/depositphotos_3786198-Peach-leaf.jpg,Peach leaf,1024,1024,JPEG,c53df20f02816264d4549801ff4bf249,12415664742135057804,2377,1
peach_healthy__c8f94cadc1,train,peach healthy,12,data/images/train/peach_healthy/peach_healthy__c8f94cadc1.jpg,512,431,train,train/Peach leaf/depositphotos_50812601-stock-photo-peach-leaf-isolated-on-white.jpg,Peach leaf,1024,862,JPEG,c8f94cadc132de586be9bda200e27eaf,326253820937779812,886,1
peach_healthy__ce498e8067,train,peach healthy,12,data/images/train/peach_healthy/peach_healthy__ce498e8067.jpg,384,512,train,train/Peach leaf/366.jpg,Peach leaf,2304,3072,JPEG,ce498e8067df9a2771c5e7d2658520df,9395134054579952099,863,1
peach_healthy__de01a6dae4,train,peach healthy,12,data/images/train/peach_healthy/peach_healthy__de01a6dae4.jpg,375,500,train,train/Peach leaf/79a24e562c768cd993776c518b238eed--storyboard-toe.jpg,Peach leaf,375,500,JPEG,de01a6dae497d789e70b3fdb051a9a23,7384543628669708553,868,1
peach_healthy__e0fa75629d,train,peach healthy,12,data/images/train/peach_healthy/peach_healthy__e0fa75629d.jpg,489,512,train,train/Peach leaf/stock-photo-peach-leaf-isolated-on-white-background-198744794.jpg,Peach leaf,1500,1572,JPEG,e0fa75629d31c7964a4c29e088e17590,2499811287520985500,935,1
peach_healthy__e17ddff6c7,train,peach healthy,12,data/images/train/peach_healthy/peach_healthy__e17ddff6c7.jpg,500,500,test,test/Peach leaf/rose_tree_220430.jpg,Peach leaf,500,500,JPEG,e17ddff6c7c13f1a72a614628bd75953,7430266821713512270,2381,1
peach_healthy__e4c7b16981,train,peach healthy,12,data/images/train/peach_healthy/peach_healthy__e4c7b16981.jpg,512,511,train,train/Peach leaf/3940-960x960.jpg,Peach leaf,800,799,JPEG,e4c7b16981cfac987ada75889cbc6cfa,15905690182457871325,865,1
peach_healthy__efa4c9de76,train,peach healthy,12,data/images/train/peach_healthy/peach_healthy__efa4c9de76.jpg,384,512,train,train/Peach leaf/22+August+2013+008-1.jpg,Peach leaf,1200,1600,JPEG,efa4c9de7687b01be5248012be83ba24,1138511359119234969,858,1
peach_healthy__f3cf0f2277,train,peach healthy,12,data/images/train/peach_healthy/peach_healthy__f3cf0f2277.jpg,512,341,train,train/Peach leaf/24570793-peach-leaf.jpg,Peach leaf,660,440,JPEG,f3cf0f227705bbc6af2fbc4a1684bcca,3110627466531777323,860,1
peach_healthy__f4efbdcd10,train,peach healthy,12,data/images/train/peach_healthy/peach_healthy__f4efbdcd10.jpg,512,317,train,train/Peach leaf/0peach.jpg,Peach leaf,1600,991,JPEG,f4efbdcd103e45bf9fce727018621578,2717316655779096470,852,1
peach_healthy__fa3b6863c5,train,peach healthy,12,data/images/train/peach_healthy/peach_healthy__fa3b6863c5.jpg,512,361,train,train/Peach leaf/peach-leaf-isolated-white-background-42295151.jpg,Peach leaf,1300,916,JPEG,fa3b6863c5efffced2d7c1ecad23d7d0,1487114830280753377,902,1
potato_early_blight__065ac83248,train,potato early blight,13,data/images/train/potato_early_blight/potato_early_blight__065ac83248.jpg,512,384,train,train/Potato leaf early blight/Early_Blight_of_Tomato177.jpg,Potato leaf early blight,800,600,JPEG,065ac832482c1f179b00d22e24e013fa,8425905952015305154,987,1
potato_early_blight__068a2eba99,train,potato early blight,13,data/images/train/potato_early_blight/potato_early_blight__068a2eba99.jpg,512,335,train,train/Potato leaf early blight/early-blight-potatoes.jpg,Potato leaf early blight,1536,1005,JPEG,068a2eba992bb85d4a5771ed5fe5d0a6,6011146171854408139,1018,1
potato_early_blight__0f5a1862c1,train,potato early blight,13,data/images/train/potato_early_blight/potato_early_blight__0f5a1862c1.jpg,512,288,train,train/Potato leaf early blight/cq5dam.web.16-9.8.jpg,Potato leaf early blight,750,422,JPEG,0f5a1862c13aceea7bc2eabd62436f5f,3453632972727250151,1009,1
potato_early_blight__16fbe7cf88,train,potato early blight,13,data/images/train/potato_early_blight/potato_early_blight__16fbe7cf88.jpg,379,320,train,train/Potato leaf early blight/potato-early-blight-alternaria-alternata-lesions-on-a-potato-leaf-by650f.jpg,Potato leaf early blight,379,320,JPEG,16fbe7cf8850b6b932b0969e4bc736e8,2486117805335518105,1042,1
potato_early_blight__19a962ff80,train,potato early blight,13,data/images/train/potato_early_blight/potato_early_blight__19a962ff80.jpg,512,384,train,train/Potato leaf early blight/Potato-Blight-Infecting-Leaves.jpg,Potato leaf early blight,816,612,JPEG,19a962ff80ded586cf2b9908e3170507,8922884727862041009,995,1
potato_early_blight__1d1f8e3e79,train,potato early blight,13,data/images/train/potato_early_blight/potato_early_blight__1d1f8e3e79.jpg,512,358,train,train/Potato leaf early blight/potato-blight-phytophora-infestans-close-up-of-infected-leaf-top-surface-a60hxg.jpg,Potato leaf early blight,640,447,JPEG,1d1f8e3e79a0543c32b879ab31636f20,5924543003511812838,1036,1
potato_early_blight__1d292e397b,train,potato early blight,13,data/images/train/potato_early_blight/potato_early_blight__1d292e397b.jpg,512,443,train,train/Potato leaf early blight/potato_early-blight_05_zoom.jpg,Potato leaf early blight,900,778,JPEG,1d292e397b70976e581704f82dbbe484,16915968897148719953,1053,1
potato_early_blight__283135728c,train,potato early blight,13,data/images/train/potato_early_blight/potato_early_blight__283135728c.jpg,512,423,train,train/Potato leaf early blight/potato_alternaria_03_zoom.jpg,Potato leaf early blight,900,743,JPEG,283135728cdfd80ade77171a3f52a3ed,6940561347655801197,1047,1
potato_early_blight__29841e16c9,train,potato early blight,13,data/images/train/potato_early_blight/potato_early_blight__29841e16c9.jpg,512,377,test,test/Potato leaf early blight/potato-blight-phytophthora-infestans-close-up-of-upper-surface-of-BMMRXC.jpg,Potato leaf early blight,1300,956,JPEG,29841e16c99d54780fc2577d67535550,4763979541890600003,2387,1
potato_early_blight__2a1d1efa9c,train,potato early blight,13,data/images/train/potato_early_blight/potato_early_blight__2a1d1efa9c.jpg,384,512,train,train/Potato leaf early blight/early-blight-courtesy-Melanson-MS-State-U-Ext-Bugwood.jpg,Potato leaf early blight,400,533,JPEG,2a1d1efa9c4555a0813e2039d9539262,14469032511825935472,1015,1
potato_early_blight__2d68ff427c,train,potato early blight,13,data/images/train/potato_early_blight/potato_early_blight__2d68ff427c.jpg,512,320,train,train/Potato leaf early blight/Early_blight_on_tomato_leaves_7871930010-Fairfax.jpg,Potato leaf early blight,800,500,JPEG,2d68ff427cbdb9fed429a8cef9cb8fad,12379717834676327046,988,1
potato_early_blight__2f97c7f7cf,train,potato early blight,13,data/images/train/potato_early_blight/potato_early_blight__2f97c7f7cf.jpg,512,347,train,train/Potato leaf early blight/potato_early-blight_02_zoom.jpg,Potato leaf early blight,900,610,JPEG,2f97c7f7cf13671ae32f25b38faf568e,14767284820346914532,1050,1
potato_early_blight__3178f147f0,train,potato early blight,13,data/images/train/potato_early_blight/potato_early_blight__3178f147f0.jpg,512,394,train,train/Potato leaf early blight/potato_early-blight_01_zoom.jpg,Potato leaf early blight,900,692,JPEG,3178f147f0f14ecda0aa52782d7df380,6724528845221480259,1049,1
potato_early_blight__3589ba3e83,train,potato early blight,13,data/images/train/potato_early_blight/potato_early_blight__3589ba3e83.jpg,328,288,train,train/Potato leaf early blight/potatoearlyblightcloseup_pdc.jpg,Potato leaf early blight,328,288,JPEG,3589ba3e83bc8869f99028fb088f9bff,15130107865540486838,1057,1
potato_early_blight__4411009b88,train,potato early blight,13,data/images/train/potato_early_blight/potato_early_blight__4411009b88.jpg,512,384,train,train/Potato leaf early blight/1024px-Phytophthora_infestans_potato_%27Dor%C3%A9%27%2C_aardappelziekte_Dor%C3%A9.jpg,Potato leaf early blight,1024,768,JPEG,4411009b887f728fc5c223eacaf668fc,12002025772857169427,955,1
potato_early_blight__469fea508b,train,potato early blight,13,data/images/train/potato_early_blight/potato_early_blight__469fea508b.jpg,512,384,train,train/Potato leaf early blight/alternaria%20%2824%29.JPG.jpg,Potato leaf early blight,3648,2736,JPEG,469fea508b806a736e1d11dbb41fe188,8789026194315265799,1004,1
potato_early_blight__522e869794,train,potato early blight,13,data/images/train/potato_early_blight/potato_early_blight__522e869794.jpg,463,512,train,train/Potato leaf early blight/potato-early-blight-alternaria-alternata-lesions-on-potato-leaf-XDF64E.jpg,Potato leaf early blight,1257,1390,JPEG,522e869794a1eba51f7a4313b0b48adc,6456108135398739470,1043,1
potato_early_blight__5586debcba,train,potato early blight,13,data/images/train/potato_early_blight/potato_early_blight__5586debcba.jpg,512,383,train,train/Potato leaf early blight/earlyblight21.jpg,Potato leaf early blight,681,510,JPEG,5586debcba61e237212f2d5f35e7d3f8,15827445846400642079,1021,1
potato_early_blight__55fac197af,train,potato early blight,13,data/images/train/potato_early_blight/potato_early_blight__55fac197af.jpg,512,435,train,train/Potato leaf early blight/blight-leaf-top.jpg,Potato leaf early blight,727,617,JPEG,55fac197afb3179fc4852d622a35bb10,1890725920936704050,1007,1
potato_early_blight__5a4c7df645,train,potato early blight,13,data/images/train/potato_early_blight/potato_early_blight__5a4c7df645.jpg,512,320,train,train/Potato leaf early blight/27013702151_95bd415ba9_o.jpg,Potato leaf early blight,800,500,JPEG,5a4c7df6456d1ed038c9641f087c88e2,9478252647230250136,966,1
potato_early_blight__5ab6c9deb4,train,potato early blight,13,data/images/train/potato_early_blight/potato_early_blight__5ab6c9deb4.jpg,319,512,train,train/Potato leaf early blight/potato-blight-showing-on-potato-plant-leaves-KJ70DB.jpg,Potato leaf early blight,866,1390,JPEG,5ab6c9deb477a4c7c18b4b49891fa649,14887066807148322087,1039,1
potato_early_blight__5bb815fe69,train,potato early blight,13,data/images/train/potato_early_blight/potato_early_blight__5bb815fe69.jpg,512,288,train,train/Potato leaf early blight/pe-mi-lateblightleaf.jpg,Potato leaf early blight,620,349,JPEG,5bb815fe69aaf84618fa289565254675,12975638700726064662,1031,1
potato_early_blight__5e6f3e06b0,train,potato early blight,13,data/images/train/potato_early_blight/potato_early_blight__5e6f3e06b0.jpg,512,288,train,train/Potato leaf early blight/early-blight-septoria-ls-fig-1.jpg,Potato leaf early blight,1500,844,JPEG,5e6f3e06b0d60ef0266f47fbfbe716d0,15338191277285513500,1019,1
potato_early_blight__5ff5a9ad6c,train,potato early blight,13,data/images/train/potato_early_blight/potato_early_blight__5ff5a9ad6c.jpg,500,333,train,train/Potato leaf early blight/500px-Tomato_Early_Blight_Leaf.jpg,Potato leaf early blight,500,333,JPEG,5ff5a9ad6ccd0bbc1c39b19875f2f99c,17939740440686883185,972,1
potato_early_blight__620b31f0ad,train,potato early blight,13,data/images/train/potato_early_blight/potato_early_blight__620b31f0ad.jpg,448,311,train,train/Potato leaf early blight/fac66s01a.jpg,Potato leaf early blight,448,311,JPEG,620b31f0ad39b16676acb8eaefb46cfc,12444774993216423655,1025,1
potato_early_blight__649c938349,train,potato early blight,13,data/images/train/potato_early_blight/potato_early_blight__649c938349.jpg,490,325,train,train/Potato leaf early blight/f1078eef6945e3430829706f84bf70c0.jpg,Potato leaf early blight,490,325,JPEG,649c9383492e9bfedac8f84196342a99,9556832061920289220,1023,1
potato_early_blight__6b8d63fe46,train,potato early blight,13,data/images/train/potato_early_blight/potato_early_blight__6b8d63fe46.jpg,300,197,train,train/Potato leaf early blight/Potato-earlyblight2.jpg,Potato leaf early blight,300,197,JPEG,6b8d63fe4694679c8c28ce67273f7cc7,17350272204272095456,999,1
potato_early_blight__6bdda1a5c6,train,potato early blight,13,data/images/train/potato_early_blight/potato_early_blight__6bdda1a5c6.jpg,512,465,train,train/Potato leaf early blight/potato-early-blight-alternaria-alternata-discreet-lesions-on-a-potato-BY651F.jpg,Potato leaf early blight,1300,1181,JPEG,6bdda1a5c6f3423d6f98f049366a34cc,7795978211169647561,1040,1
potato_early_blight__6d065fb05b,train,potato early blight,13,data/images/train/potato_early_blight/potato_early_blight__6d065fb05b.jpg,512,320,train,train/Potato leaf early blight/3785483636_d888419c98_o.jpg,Potato leaf early blight,800,500,JPEG,6d065fb05b9dffe3991abd1af84ad437,16882952709847076040,970,1
potato_early_blight__73557b5608,train,potato early blight,13,data/images/train/potato_early_blight/potato_early_blight__73557b5608.jpg,500,335,train,train/Potato leaf early blight/5688742112_147f33b89d_Phytophthora-Infestans.jpg,Potato leaf early blight,500,335,JPEG,73557b560827d483242886f075b45a3a,16491213040877101296,973,1
potato_early_blight__783533139f,train,potato early blight,13,data/images/train/potato_early_blight/potato_early_blight__783533139f.jpg,512,288,train,train/Potato leaf early blight/maxresdefault.jpg,Potato leaf early blight,1280,720,JPEG,783533139f9ecfb64f841ee8b7e70439,11927583278359495988,1030,1
potato_early_blight__799de612e6,train,potato early blight,13,data/images/train/potato_early_blight/potato_early_blight__799de612e6.jpg,512,345,train,train/Potato leaf early blight/agriculture-potato-early-blight-leaf-symptoms-on-a-potato-leaf-caused-picture-id586884353.jpg,Potato leaf early blight,1024,690,JPEG,799de612e6091f6a813eb5d216861a50,10885531494918154552,1003,1
potato_early_blight__7dc11f27ae,train,potato early blight,13,data/images/train/potato_early_blight/potato_early_blight__7dc11f27ae.jpg,420,420,train,train/Potato leaf early blight/f204d9b6516c961f48502e0b7ae3f746.jpg,Potato leaf early blight,420,420,JPEG,7dc11f27ae017796d0a4ebc8f4d7f5e8,15254029931660249520,1024,1
potato_early_blight__8023c6b6e8,train,potato early blight,13,data/images/train/potato_early_blight/potato_early_blight__8023c6b6e8.jpg,448,336,train,train/Potato leaf early blight/0061.jpg,Potato leaf early blight,448,336,JPEG,8023c6b6e816e54c79fa582c639476af,7243657564012448025,953,1
potato_early_blight__82d86c6dff,train,potato early blight,13,data/images/train/potato_early_blight/potato_early_blight__82d86c6dff.jpg,512,384,test,test/Potato leaf early blight/3023.jpg,Potato leaf early blight,1024,768,JPEG,82d86c6dff7c99193b6878a97923446e,11127910111655669819,2384,1
potato_early_blight__851cddce69,train,potato early blight,13,data/images/train/potato_early_blight/potato_early_blight__851cddce69.jpg,512,394,train,train/Potato leaf early blight/PHYTIN23.img.jpg,Potato leaf early blight,520,400,JPEG,851cddce690af0538bddfbc0db1bb5a9,14868387419572379503,994,1
potato_early_blight__870cf1583b,train,potato early blight,13,data/images/train/potato_early_blight/potato_early_blight__870cf1583b.jpg,225,300,train,train/Potato leaf early blight/Leaves-with-early-blight-need-to-be-removed-225x300.jpg,Potato leaf early blight,225,300,JPEG,870cf1583b54be6cfd1b439452f4b560,10967331380175858794,993,1
potato_early_blight__87117d4e95,train,potato early blight,13,data/images/train/potato_early_blight/potato_early_blight__87117d4e95.jpg,300,400,train,train/Potato leaf early blight/20100816earlyblight.jpg,Potato leaf early blight,300,400,JPEG,87117d4e95c529d9aa3785384502c170,2137285577805103680,963,1
potato_early_blight__8ac293e8ad,train,potato early blight,13,data/images/train/potato_early_blight/potato_early_blight__8ac293e8ad.jpg,512,403,train,train/Potato leaf early blight/15hrt15a1f1.jpg,Potato leaf early blight,600,472,JPEG,8ac293e8ad7d66622d59e0ade445a393,3708559770544224177,960,1
potato_early_blight__8acaafcb00,train,potato early blight,13,data/images/train/potato_early_blight/potato_early_blight__8acaafcb00.jpg,512,421,test,test/Potato leaf early blight/early-blight-or-target-spot-alternaria-solani-lesions-on-a-tomato-AXK6AY.jpg,Potato leaf early blight,1300,1069,JPEG,8acaafcb003accb550c9e4bb2e319b1c,5420347112039691087,2386,1
potato_early_blight__8fb6f12f7d,train,potato early blight,13,data/images/train/potato_early_blight/potato_early_blight__8fb6f12f7d.jpg,512,364,train,train/Potato leaf early blight/potato_early-blight_04_zoom.jpg,Potato leaf early blight,900,639,JPEG,8fb6f12f7d493e5673c68f71f3100e78,14612169761364498411,1052,1
potato_early_blight__9345db15f5,train,potato early blight,13,data/images/train/potato_early_blight/potato_early_blight__9345db15f5.jpg,512,488,train,train/Potato leaf early blight/potato-early-blight-alternaria-alternata-lesion-on-a-potato-leaf-X96EFD.jpg,Potato leaf early blight,1300,1238,JPEG,9345db15f54118b75aedb5c7d550a4d4,856776781781871375,1041,1
potato_early_blight__997cb68bec,train,potato early blight,13,data/images/train/potato_early_blight/potato_early_blight__997cb68bec.jpg,512,452,train,train/Potato leaf early blight/potato-early-blight-lesion-on-a-potato-leaf-picture-id81781211.jpg,Potato leaf early blight,1024,904,JPEG,997cb68bec7587e441cbf8498ae12aef,12822269137924667916,1046,1
potato_early_blight__9a948d8997,train,potato early blight,13,data/images/train/potato_early_blight/potato_early_blight__9a948d8997.jpg,512,384,train,train/Potato leaf early blight/Early-Blight-UK-A.jpg,Potato leaf early blight,768,576,JPEG,9a948d89975b119cae3bebe4c3f73bc2,17940340218223715056,986,1
potato_early_blight__a10ab2bc42,train,potato early blight,13,data/images/train/potato_early_blight/potato_early_blight__a10ab2bc42.jpg,300,240,train,train/Potato leaf early blight/2643371-version%3D1.0%26t%3D1260361493000.jpg,Potato leaf early blight,300,240,JPEG,a10ab2bc42aef22c12f75bb818f05d81,13246162671648694885,965,1
potato_early_blight__a2caf0285d,train,potato early blight,13,data/images/train/potato_early_blight/potato_early_blight__a2caf0285d.jpg,512,289,train,train/Potato leaf early blight/Potato-Blight-on-Leaves.jpg,Potato leaf early blight,1240,699,JPEG,a2caf0285d00662688392544d02e8696,13871863943984926920,996,1
potato_early_blight__a51a125d71,train,potato early blight,13,data/images/train/potato_early_blight/potato_early_blight__a51a125d71.jpg,438,512,train,train/Potato leaf early blight/potato-blight-leaf.jpg,Potato leaf early blight,800,936,JPEG,a51a125d71c2d4adefd5b2151e60d5b5,5480198169689527244,1033,1
potato_early_blight__a59f3cf336,train,potato early blight,13,data/images/train/potato_early_blight/potato_early_blight__a59f3cf336.jpg,462,512,train,train/Potato leaf early blight/potato_alternaria_04_zoom.jpg,Potato leaf early blight,800,887,JPEG,a59f3cf33671b7ab3cbd8bd39a987af6,15332025928610079410,1048,1
potato_early_blight__a6c3d6a8a9,train,potato early blight,13,data/images/train/potato_early_blight/potato_early_blight__a6c3d6a8a9.jpg,495,512,train,train/Potato leaf early blight/80109626.jpg,Potato leaf early blight,677,700,JPEG,a6c3d6a8a92543c424e3f8e19ecfd2f8,7053994723978188934,975,1
potato_early_blight__a963f7a725,train,potato early blight,13,data/images/train/potato_early_blight/potato_early_blight__a963f7a725.jpg,400,267,train,train/Potato leaf early blight/87A_Pot_Early.jpg,Potato leaf early blight,400,267,JPEG,a963f7a725f1e00d3bf5d683074492ed,10436179218899982538,976,1
potato_early_blight__acef6df949,train,potato early blight,13,data/images/train/potato_early_blight/potato_early_blight__acef6df949.jpg,512,377,train,train/Potato leaf early blight/potato_early-blight_06_zoom.jpg,Potato leaf early blight,900,662,JPEG,acef6df9499a456fec56a491ee00e2fe,4886802724071201052,1054,1
potato_early_blight__b0c5c60be6,train,potato early blight,13,data/images/train/potato_early_blight/potato_early_blight__b0c5c60be6.jpg,340,320,train,train/Potato leaf early blight/potato-early-blight-alternaria-alternata-target-spot-lesion-on-a-potato-leaf-x63fwh.jpg,Potato leaf early blight,340,320,JPEG,b0c5c60be674e7b16d7507389fe8eda7,3634515695767774991,1044,1
potato_early_blight__b492b4754b,train,potato early blight,13,data/images/train/potato_early_blight/potato_early_blight__b492b4754b.jpg,512,321,train,train/Potato leaf early blight/1200px-Late_blight_on_potato_leaf_2.jpg,Potato leaf early blight,1200,753,JPEG,b492b4754b7277d215d31fccf22a884f,10866874671040437421,956,1
potato_early_blight__b66781c238,train,potato early blight,13,data/images/train/potato_early_blight/potato_early_blight__b66781c238.jpg,500,375,train,train/Potato leaf early blight/eb2.jpg,Potato leaf early blight,500,375,JPEG,b66781c238bd756778e47a16b2389f8b,12217888493266003451,1022,1
potato_early_blight__b805ce8fb7,train,potato early blight,13,data/images/train/potato_early_blight/potato_early_blight__b805ce8fb7.jpg,316,228,train,train/Potato leaf early blight/fac66s01h.jpg,Potato leaf early blight,316,228,JPEG,b805ce8fb73c02b6a3bb44c88dcb28eb,4314945737035812111,1026,1
potato_early_blight__b87a827e76,train,potato early blight,13,data/images/train/potato_early_blight/potato_early_blight__b87a827e76.jpg,512,384,train,train/Potato leaf early blight/early-blight-2.jpg,Potato leaf early blight,590,443,JPEG,b87a827e762cbb9c8208d79544c29841,3609994374318306334,1011,1
potato_early_blight__b8f3db6e79,train,potato early blight,13,data/images/train/potato_early_blight/potato_early_blight__b8f3db6e79.jpg,396,385,train,train/Potato leaf early blight/early-blight-cmyk-opt.jpeg.jpg,Potato leaf early blight,396,385,JPEG,b8f3db6e790e149b274c4e21a988438a,16206445825370156249,1014,1
potato_early_blight__bb70205349,train,potato early blight,13,data/images/train/potato_early_blight/potato_early_blight__bb70205349.jpg,512,384,train,train/Potato leaf early blight/blighted-potatoe-leave.jpg,Potato leaf early blight,640,480,JPEG,bb702053497d7a1ddc9f5b83371688c6,18116630790185798687,1008,1
potato_early_blight__bf54944c60,train,potato early blight,13,data/images/train/potato_early_blight/potato_early_blight__bf54944c60.jpg,512,371,train,train/Potato leaf early blight/B2650214-Potato_leaf_blight-SPL.jpg,Potato leaf early blight,800,580,JPEG,bf54944c605f3ecabd06e006c19d2940,11974082367742045415,979,1
potato_early_blight__c2c0a6f3a2,train,potato early blight,13,data/images/train/potato_early_blight/potato_early_blight__c2c0a6f3a2.jpg,500,336,train,train/Potato leaf early blight/2D1A9552.jpg,Potato leaf early blight,500,336,JPEG,c2c0a6f3a2026aa45dbf653b869d6e9a,9002698979485453708,967,1
potato_early_blight__c3829a8c81,train,potato early blight,13,data/images/train/potato_early_blight/potato_early_blight__c3829a8c81.jpg,512,288,train,train/Potato leaf early blight/1024_x_576_-_alternaria_early_infection_symptoms_spreading.jpg,Potato leaf early blight,1024,576,JPEG,c3829a8c81066c4efc9cbc1f3685e0b7,8102020986518985677,954,1
potato_early_blight__c42511b35c,train,potato early blight,13,data/images/train/potato_early_blight/potato_early_blight__c42511b35c.jpg,341,512,train,train/Potato leaf early blight/0042241.jpg,Potato leaf early blight,533,800,JPEG,c42511b35cd3f5145747537b6a5a623a,5867578879367630022,952,1
potato_early_blight__cb8a3fd43f,train,potato early blight,13,data/images/train/potato_early_blight/potato_early_blight__cb8a3fd43f.jpg,436,512,train,train/Potato leaf early blight/potato_early-blight_03_zoom.jpg,Potato leaf early blight,700,822,JPEG,cb8a3fd43f135627f7e61777e41cbc9f,3522307835058116696,1051,1
potato_early_blight__cc1b7af4dd,train,potato early blight,13,data/images/train/potato_early_blight/potato_early_blight__cc1b7af4dd.jpg,512,384,train,train/Potato leaf early blight/potatolb_full_leafx1200.jpg,Potato leaf early blight,1200,900,JPEG,cc1b7af4dd7530edf833593b36d4a34a,5478390565629679442,1058,1
potato_early_blight__cf5abb9f79,train,potato early blight,13,data/images/train/potato_early_blight/potato_early_blight__cf5abb9f79.jpg,350,233,train,train/Potato leaf early blight/Early%20Blight%20-%20Potatoes.ashx?w=350.jpg,Potato leaf early blight,350,233,JPEG,cf5abb9f79cd2fd269004823f96fd09f,15704575812541461403,984,1
potato_early_blight__d46f5a804d,train,potato early blight,13,data/images/train/potato_early_blight/potato_early_blight__d46f5a804d.jpg,512,346,train,train/Potato leaf early blight/1573852-Early-Blight-e1515624612559.jpg,Potato leaf early blight,665,450,JPEG,d46f5a804dc1175677838ea7bc85f67f,4201511848500305707,959,1
potato_early_blight__d5582b28e7,train,potato early blight,13,data/images/train/potato_early_blight/potato_early_blight__d5582b28e7.jpg,512,472,test,test/Potato leaf early blight/early-blight-alternaria-alternata-leaf-spotting-on-potato-leaf-X91XJE.jpg,Potato leaf early blight,1300,1199,JPEG,d5582b28e71b5ae29bc2dd1e1a78ef1f,784172641856567371,2385,1
potato_early_blight__d7fec63380,train,potato early blight,13,data/images/train/potato_early_blight/potato_early_blight__d7fec63380.jpg,340,512,train,train/Potato leaf early blight/potato-blight-damage-on-leaves-caused-by-fungus-phytophthora-picture-id505322893.jpg,Potato leaf early blight,681,1024,JPEG,d7fec63380b49d09522dab6c24a8a9bb,2067321222831231937,1032,1
potato_early_blight__db390c7e01,train,potato early blight,13,data/images/train/potato_early_blight/potato_early_blight__db390c7e01.jpg,512,239,train,train/Potato leaf early blight/blight-2x.jpg,Potato leaf early blight,750,350,JPEG,db390c7e017b45068a4a39f232fff96a,14304034273266618928,1006,1
potato_early_blight__dbcd6b9a76,train,potato early blight,13,data/images/train/potato_early_blight/potato_early_blight__dbcd6b9a76.jpg,512,472,train,train/Potato leaf early blight/early-blight-alternaria-alternata-leaf-spotting-on-potato-leaf-ACG5WF.jpg,Potato leaf early blight,1300,1199,JPEG,dbcd6b9a76a39dadca99c22ecc6e3252,10050047297123901963,1012,1
potato_early_blight__dc50552c35,train,potato early blight,13,data/images/train/potato_early_blight/potato_early_blight__dc50552c35.jpg,512,377,train,train/Potato leaf early blight/potato-blight-phytophora-infestans-close-up-of-infected-leaf-showing-A60HXN.jpg,Potato leaf early blight,1300,956,JPEG,dc50552c3525811d3417fda265cecd85,7039298441081843809,1034,1
potato_early_blight__de575fdb73,train,potato early blight,13,data/images/train/potato_early_blight/potato_early_blight__de575fdb73.jpg,512,469,test,test/Potato leaf early blight/potato-early-blight-alternaria-alternata-lesion-on-a-potato-leaf-a1w1em.jpg,Potato leaf early blight,589,540,JPEG,de575fdb7330c7c4433514813554f5af,231997470843349014,2388,1
potato_early_blight__e3e710f440,train,potato early blight,13,data/images/train/potato_early_blight/potato_early_blight__e3e710f440.jpg,512,419,train,train/Potato leaf early blight/early-blight-or-targfet-spot-alternaria-solani-lesions-on-a-tomato-ACG8W6.jpg,Potato leaf early blight,1300,1065,JPEG,e3e710f4403d87dee8dad5e5997bc80a,5101685997032885345,1017,1
potato_early_blight__e578a3e31f,train,potato early blight,13,data/images/train/potato_early_blight/potato_early_blight__e578a3e31f.jpg,512,226,train,train/Potato leaf early blight/early_blight1.jpg,Potato leaf early blight,600,265,JPEG,e578a3e31f5e52ce5023b3b824f491c7,11059095539126293628,1020,1
potato_early_blight__eaed5bdb3f,train,potato early blight,13,data/images/train/potato_early_blight/potato_early_blight__eaed5bdb3f.jpg,512,341,train,train/Potato leaf early blight/fi000294.jpg,Potato leaf early blight,575,383,JPEG,eaed5bdb3fd553fc07897d8fc95977a6,5585452726768683176,1027,1
potato_early_blight__ed4a675ff0,train,potato early blight,13,data/images/train/potato_early_blight/potato_early_blight__ed4a675ff0.jpg,512,288,train,train/Potato leaf early blight/AF_news_p4_p5_p6_Blight.jpg,Potato leaf early blight,1100,619,JPEG,ed4a675ff009970517975d4a3f115c46,2609333094370382877,977,1
potato_early_blight__f0c3e321cd,train,potato early blight,13,data/images/train/potato_early_blight/potato_early_blight__f0c3e321cd.jpg,512,358,train,train/Potato leaf early blight/potato-blight-phytophthora-infestans-close-up-of-upper-surface-of-bmmrxd.jpg,Potato leaf early blight,640,447,JPEG,f0c3e321cd774c3baa9b1e3cf9fcc80e,5788368144561813391,1037,1
potato_early_blight__f0e825d5c8,train,potato early blight,13,data/images/train/potato_early_blight/potato_early_blight__f0e825d5c8.jpg,500,343,train,train/Potato leaf early blight/Potato_Early_Blight_%26_Late_Blight.jpg,Potato leaf early blight,500,343,JPEG,f0e825d5c8ec583257c1a04f5be10854,7884813282498546780,1001,1
potato_early_blight__f27f7b8283,train,potato early blight,13,data/images/train/potato_early_blight/potato_early_blight__f27f7b8283.jpg,512,326,train,train/Potato leaf early blight/a_solani.jpg,Potato leaf early blight,742,472,JPEG,f27f7b828329c449d278ab1a78126fe2,8246779703238685554,1002,1
potato_early_blight__f7c159d146,train,potato early blight,13,data/images/train/potato_early_blight/potato_early_blight__f7c159d146.jpg,512,339,train,train/Potato leaf early blight/21-late%20blight-early%20symptoms%20potato.jpg,Potato leaf early blight,3072,2032,JPEG,f7c159d146a4448a3837f3b07805a214,16315330504484505286,964,1
potato_early_blight__f7f95e16ad,train,potato early blight,13,data/images/train/potato_early_blight/potato_early_blight__f7f95e16ad.jpg,512,415,train,train/Potato leaf early blight/potato-early-blight-alternaria-alternata-target-spot-lesions-on-a-by64yw.jpg,Potato leaf early blight,640,519,JPEG,f7f95e16ad2308f7518574011d646f8a,10145714741662289308,1045,1
potato_early_blight__f7fddb0ddc,train,potato early blight,13,data/images/train/potato_early_blight/potato_early_blight__f7fddb0ddc.jpg,230,150,test,test/Potato leaf early blight/potatobd001.jpg,Potato leaf early blight,230,150,JPEG,f7fddb0ddc3a19175b6e3cb1163513d8,5641916020264035131,2389,1
potato_early_blight__f978a4f709,train,potato early blight,13,data/images/train/potato_early_blight/potato_early_blight__f978a4f709.jpg,512,358,train,train/Potato leaf early blight/AGS-154646-S-5801.jpg,Potato leaf early blight,514,359,JPEG,f978a4f709c2edd77d17921ffd1c11cd,17354843048752575481,978,1
potato_late_blight__022c2bafe3,train,potato late blight,14,data/images/train/potato_late_blight/potato_late_blight__022c2bafe3.jpg,512,341,train,train/Potato leaf late blight/Late-Blight-56a34bc55f9b58b7d0d15210.jpg,Potato leaf late blight,1600,1067,JPEG,022c2bafe34b31eaffd15ab31120de8c,5393789353369854534,1085,1
potato_late_blight__02368ff020,train,potato late blight,14,data/images/train/potato_late_blight/potato_late_blight__02368ff020.jpg,490,390,test,test/Potato leaf late blight/potato-late-blight.jpg,Potato leaf late blight,490,390,JPEG,02368ff020170e9d8297805efa07f1e8,2170223864880520015,2394,1
potato_late_blight__074be598b3,train,potato late blight,14,data/images/train/potato_late_blight/potato_late_blight__074be598b3.jpg,512,239,train,train/Potato leaf late blight/late-blight-potato.jpg,Potato leaf late blight,750,350,JPEG,074be598b39d75763988a4ea050ecb50,7089488126631029219,1121,1
potato_late_blight__0d22dc59c3,train,potato late blight,14,data/images/train/potato_late_blight/potato_late_blight__0d22dc59c3.jpg,512,384,train,train/Potato leaf late blight/Late+Blight+of+Potato+and+Tomato.jpg,Potato leaf late blight,960,720,JPEG,0d22dc59c3015188306f0e7be11d3929,15344012255690329458,1083,1
potato_late_blight__0e29142c6d,train,potato late blight,14,data/images/train/potato_late_blight/potato_late_blight__0e29142c6d.jpg,512,340,train,train/Potato leaf late blight/lb7_l.jpg,Potato leaf late blight,802,532,JPEG,0e29142c6d86d8a1fddda1fc406b30c8,2407425722715478584,1131,1
potato_late_blight__1084d30879,train,potato late blight,14,data/images/train/potato_late_blight/potato_late_blight__1084d30879.jpg,512,343,train,train/Potato leaf late blight/CzFxqKtWEAA4U3g.jpg,Potato leaf late blight,1200,803,JPEG,1084d30879c578f8b7e9c3728394ff27,17931311544320185870,1076,1
potato_late_blight__138b3ea1f0,train,potato late blight,14,data/images/train/potato_late_blight/potato_late_blight__138b3ea1f0.jpg,512,108,train,train/Potato leaf late blight/cropped-symptom_potato_late_blight.jpg,Potato leaf late blight,940,198,JPEG,138b3ea1f04638c9649db989e6006c0b,5832973948575343844,1107,1
potato_late_blight__15c65b8ba1,train,potato late blight,14,data/images/train/potato_late_blight/potato_late_blight__15c65b8ba1.jpg,512,340,train,train/Potato leaf late blight/blight-on-potato-leaves.jpg,Potato leaf late blight,1000,664,JPEG,15c65b8ba1256f3a10f278609541d4ff,7297460777239261878,1106,1
potato_late_blight__16e4e2569d,train,potato late blight,14,data/images/train/potato_late_blight/potato_late_blight__16e4e2569d.jpg,512,384,train,train/Potato leaf late blight/2976_1600.jpg,Potato leaf late blight,1280,960,JPEG,16e4e2569d481486c2348b00bf8fd9ee,8093200968421357394,1064,1
potato_late_blight__171d304e92,train,potato late blight,14,data/images/train/potato_late_blight/potato_late_blight__171d304e92.jpg,512,341,train,train/Potato leaf late blight/Late-blight-infected-potato-plants_2.jpg,Potato leaf late blight,5760,3840,JPEG,171d304e92b44fb16d25f374946f5561,12995233897896953562,1086,1
potato_late_blight__212f07e4db,train,potato late blight,14,data/images/train/potato_late_blight/potato_late_blight__212f07e4db.jpg,340,512,train,train/Potato leaf late blight/LB_potato_leaf_topside.jpg,Potato leaf late blight,2000,3008,JPEG,212f07e4dbe44d7bfd82cf55757de75e,11208835162285781145,1082,1
potato_late_blight__2139c11627,train,potato late blight,14,data/images/train/potato_late_blight/potato_late_blight__2139c11627.jpg,512,415,train,train/Potato leaf late blight/286_1600.jpg,Potato leaf late blight,1600,1296,JPEG,2139c11627de28364354a13141d31666,3918361344522865925,1063,1
potato_late_blight__23d3173c03,train,potato late blight,14,data/images/train/potato_late_blight/potato_late_blight__23d3173c03.jpg,512,377,train,train/Potato leaf late blight/potato-late-blight-symptom-on-leaves-PGB5NJ.jpg,Potato leaf late blight,1300,956,JPEG,23d3173c036cc8ba7bb9509dc489e133,11220197422979283747,1141,1
potato_late_blight__27a8ca832b,train,potato late blight,14,data/images/train/potato_late_blight/potato_late_blight__27a8ca832b.jpg,400,268,train,train/Potato leaf late blight/lateblight2.JPG.jpg,Potato leaf late blight,400,268,JPEG,27a8ca832b6d7b8a244765aa3b9f2245,144725533384116930,1126,1
potato_late_blight__281201de79,train,potato late blight,14,data/images/train/potato_late_blight/potato_late_blight__281201de79.jpg,512,384,train,train/Potato leaf late blight/6a00d8341c4fe353ef011571354632970c-800wi.jpg,Potato leaf late blight,800,600,JPEG,281201de79ad501d5f5d20c9692e0a88,17488174395348077784,1072,1
potato_late_blight__2933f0fd70,train,potato late blight,14,data/images/train/potato_late_blight/potato_late_blight__2933f0fd70.jpg,512,256,train,train/Potato leaf late blight/gcp_A-2_Late_Blight_of_potatoes_callout1.jpg,Potato leaf late blight,690,345,JPEG,2933f0fd702f2e7705f1b17bfda8221f,6084461337068488800,1114,1
potato_late_blight__2c8792de14,train,potato late blight,14,data/images/train/potato_late_blight/potato_late_blight__2c8792de14.jpg,400,300,train,train/Potato leaf late blight/4442_1600.jpg,Potato leaf late blight,400,300,JPEG,2c8792de14bc9956624cf4e136e7ed80,6646933246386082544,1069,1
potato_late_blight__2e1a79cb4e,train,potato late blight,14,data/images/train/potato_late_blight/potato_late_blight__2e1a79cb4e.jpg,450,338,train,train/Potato leaf late blight/6-13lateblightleavesMARY.jpg,Potato leaf late blight,450,338,JPEG,2e1a79cb4e27a2d6ee87f6a79373b2b6,5382141176598127724,1071,1
potato_late_blight__38365cb71c,train,potato late blight,14,data/images/train/potato_late_blight/potato_late_blight__38365cb71c.jpg,375,500,train,train/Potato leaf late blight/foliar_late_blight.jpg,Potato leaf late blight,375,500,JPEG,38365cb71c6f02032c6e0aa273a676cf,8204097171010907682,1113,1
potato_late_blight__423f28e300,train,potato late blight,14,data/images/train/potato_late_blight/potato_late_blight__423f28e300.jpg,350,233,test,test/Potato leaf late blight/LateBlight04.jpg,Potato leaf late blight,350,233,JPEG,423f28e300b0be4cd15d4ca29af8c463,9912442080445402308,2393,1
potato_late_blight__4392974d9e,train,potato late blight,14,data/images/train/potato_late_blight/potato_late_blight__4392974d9e.jpg,438,313,train,train/Potato leaf late blight/LateBlight02.jpg,Potato leaf late blight,438,313,JPEG,4392974d9eda244bc8e96e375246b65e,6048155462872693172,1090,1
potato_late_blight__440a437f92,train,potato late blight,14,data/images/train/potato_late_blight/potato_late_blight__440a437f92.jpg,512,314,train,train/Potato leaf late blight/Late_blight_on_potato_leaf_3-58bcf5055f9b58af5c27bf74.jpg,Potato leaf late blight,960,588,JPEG,440a437f921762af056b2dd613210e4c,5531764851067231964,1095,1
potato_late_blight__49e362383c,train,potato late blight,14,data/images/train/potato_late_blight/potato_late_blight__49e362383c.jpg,400,372,train,train/Potato leaf late blight/lateblightlesions_1.jpg,Potato leaf late blight,400,372,JPEG,49e362383c1290ffb9f377598af9c713,7046418694764239924,1129,1
potato_late_blight__4b8c269520,train,potato late blight,14,data/images/train/potato_late_blight/potato_late_blight__4b8c269520.jpg,512,341,train,train/Potato leaf late blight/Late_blight_on_potato_leaf.jpg,Potato leaf late blight,1487,989,JPEG,4b8c26952071dbafe8d4bd3ccbc36311,5285597233254562233,1094,1
potato_late_blight__4e44352eba,train,potato late blight,14,data/images/train/potato_late_blight/potato_late_blight__4e44352eba.jpg,378,512,train,train/Potato leaf late blight/B2750121-Potato_late_blight-SPL.jpg,Potato leaf late blight,590,800,JPEG,4e44352ebade100dbcfcdcc3e1a42638,2892264725221336518,1074,1
potato_late_blight__51ff33226d,train,potato late blight,14,data/images/train/potato_late_blight/potato_late_blight__51ff33226d.jpg,512,173,train,train/Potato leaf late blight/potato-solanum-tuberosum-late-blight.jpg,Potato leaf late blight,1024,345,JPEG,51ff33226d420438c1089bcf5563c5a1,5048142893701052058,1142,1
potato_late_blight__5ac6c79e1f,train,potato late blight,14,data/images/train/potato_late_blight/potato_late_blight__5ac6c79e1f.jpg,384,512,train,train/Potato leaf late blight/figure-7-gudmestad-opt.jpeg.jpg,Potato leaf late blight,765,1020,JPEG,5ac6c79e1febbfa737de0d37e699fbee,3574323614863079076,1112,1
potato_late_blight__5d49024192,train,potato late blight,14,data/images/train/potato_late_blight/potato_late_blight__5d49024192.jpg,346,512,train,train/Potato leaf late blight/Potato-Late-Blight-3-06202014.jpeg.jpg,Potato leaf late blight,2276,3370,JPEG,5d49024192ab6e53a9387796b559dd11,10113227864414800844,1097,1
potato_late_blight__6316fd0350,train,potato late blight,14,data/images/train/potato_late_blight/potato_late_blight__6316fd0350.jpg,512,340,train,train/Potato leaf late blight/460_1600.jpg,Potato leaf late blight,1600,1063,JPEG,6316fd035044a9b5854180189b635b3a,17994581772735126684,1070,1
potato_late_blight__68d6d390bb,train,potato late blight,14,data/images/train/potato_late_blight/potato_late_blight__68d6d390bb.jpg,490,320,train,train/Potato leaf late blight/LateBlight13.jpg,Potato leaf late blight,490,320,JPEG,68d6d390bbad2ea0eda1cc31ef23b9db,15718798778633456005,1092,1
potato_late_blight__6ac907aee3,train,potato late blight,14,data/images/train/potato_late_blight/potato_late_blight__6ac907aee3.jpg,400,400,train,train/Potato leaf late blight/Blog-3.jpg,Potato leaf late blight,400,400,JPEG,6ac907aee38fb9b5698ecdc4e4716e37,17207355303757392938,1075,1
potato_late_blight__6b303ddf25,train,potato late blight,14,data/images/train/potato_late_blight/potato_late_blight__6b303ddf25.jpg,512,371,train,train/Potato leaf late blight/late-blight-on-potato-leaf-550.jpg,Potato leaf late blight,550,398,JPEG,6b303ddf25aef5965972fa51e44e1ba7,17069889176786264931,1120,1
potato_late_blight__6f532a13d9,train,potato late blight,14,data/images/train/potato_late_blight/potato_late_blight__6f532a13d9.jpg,500,332,train,train/Potato leaf late blight/fig1a_500.jpg,Potato leaf late blight,500,332,JPEG,6f532a13d9f1ee6d655752c02823ad36,874935072582320260,1111,1
potato_late_blight__73c8dffcdc,train,potato late blight,14,data/images/train/potato_late_blight/potato_late_blight__73c8dffcdc.jpg,313,208,train,train/Potato leaf late blight/PotatoLateBlight2.jpg,Potato leaf late blight,313,208,JPEG,73c8dffcdc43b92d861fcd7b8483c67a,10956392516298000747,1101,1
potato_late_blight__758475224d,train,potato late blight,14,data/images/train/potato_late_blight/potato_late_blight__758475224d.jpg,512,411,train,train/Potato leaf late blight/potato_late-blight_07_zoom.jpg,Potato leaf late blight,900,722,JPEG,758475224d9cb244b420bca24e09733e,13358222853018802643,1145,1
potato_late_blight__7844cb7dd4,train,potato late blight,14,data/images/train/potato_late_blight/potato_late_blight__7844cb7dd4.jpg,319,512,train,train/Potato leaf late blight/phytophthora-infestans-late-blight-or-potato-blight-on-the-haulm-of-E29H6G.jpg,Potato leaf late blight,865,1390,JPEG,7844cb7dd49e697b8fb68529607e844f,1833493882840402530,1132,1
potato_late_blight__78fc2de56f,train,potato late blight,14,data/images/train/potato_late_blight/potato_late_blight__78fc2de56f.jpg,396,385,train,train/Potato leaf late blight/4-late-blight-cmyk-opt.jpeg.jpg,Potato leaf late blight,396,385,JPEG,78fc2de56f761a52ac5dbf74ac6e08c5,2781145172449765681,1068,1
potato_late_blight__793740cb38,train,potato late blight,14,data/images/train/potato_late_blight/potato_late_blight__793740cb38.jpg,512,309,train,train/Potato leaf late blight/Late-blight-on-leaf-email.jpg,Potato leaf late blight,700,423,JPEG,793740cb3883c4ce9d9909f6e00c4cd7,14764702299833131574,1088,1
potato_late_blight__7aa7bff945,train,potato late blight,14,data/images/train/potato_late_blight/potato_late_blight__7aa7bff945.jpg,512,342,train,train/Potato leaf late blight/late-blight-leaves.jpg,Potato leaf late blight,641,428,JPEG,7aa7bff945bc32157f2e1ab0bbe04c9b,3709218714581496113,1117,1
potato_late_blight__7d43c7b0eb,train,potato late blight,14,data/images/train/potato_late_blight/potato_late_blight__7d43c7b0eb.jpg,512,341,train,train/Potato leaf late blight/late.jpg,Potato leaf late blight,1176,784,JPEG,7d43c7b0eb833b34b48454777c967143,12019731537307667086,1122,1
potato_late_blight__85f19ccc26,train,potato late blight,14,data/images/train/potato_late_blight/potato_late_blight__85f19ccc26.jpg,320,320,train,train/Potato leaf late blight/Potato-late-blight-caused-by-Phytophthora-infestans_Q320.jpg,Potato leaf late blight,320,320,JPEG,85f19ccc26918a7012f0252ecd4845ea,7548562950316085740,1099,1
potato_late_blight__8b83174a70,train,potato late blight,14,data/images/train/potato_late_blight/potato_late_blight__8b83174a70.jpg,512,357,train,train/Potato leaf late blight/late_blight.jpg,Potato leaf late blight,543,379,JPEG,8b83174a7064c0710490d66e37474295,14188281013329651367,1123,1
potato_late_blight__8c8f6a7ab7,train,potato late blight,14,data/images/train/potato_late_blight/potato_late_blight__8c8f6a7ab7.jpg,500,333,train,train/Potato leaf late blight/24847793510_7859b46a3d.jpg,Potato leaf late blight,500,333,JPEG,8c8f6a7ab72fdeb06a647e79cd362cbc,8738519458922978460,1061,1
potato_late_blight__8e73fb6a96,train,potato late blight,14,data/images/train/potato_late_blight/potato_late_blight__8e73fb6a96.jpg,261,240,train,train/Potato leaf late blight/Late-blight-leaves_261x240.jpg,Potato leaf late blight,261,240,JPEG,8e73fb6a965b6c9a7990a6b055ab8fee,3354349491097266405,1087,1
potato_late_blight__8f5d056626,train,potato late blight,14,data/images/train/potato_late_blight/potato_late_blight__8f5d056626.jpg,460,276,train,train/Potato leaf late blight/Potato-late-blight-008.jpg,Potato leaf late blight,460,276,JPEG,8f5d05662636dcd2456930e99deb7f1e,7486632068884842438,1098,1
potato_late_blight__9ac93b08f0,train,potato late blight,14,data/images/train/potato_late_blight/potato_late_blight__9ac93b08f0.jpg,512,431,train,train/Potato leaf late blight/potatolb_upper_leafcux1200.jpg,Potato leaf late blight,1200,1009,JPEG,9ac93b08f048b34d50c5ff4a93c3c5d7,11368429942499050121,1151,1
potato_late_blight__a27ea3fb62,train,potato late blight,14,data/images/train/potato_late_blight/potato_late_blight__a27ea3fb62.jpg,400,269,train,train/Potato leaf late blight/lateblight1.JPG.jpg,Potato leaf late blight,400,269,JPEG,a27ea3fb624c8f17f9a0492d1f4d3016,2256036907270739766,1125,1
potato_late_blight__a51ff24bb8,train,potato late blight,14,data/images/train/potato_late_blight/potato_late_blight__a51ff24bb8.jpg,512,207,train,train/Potato leaf late blight/potato_ocw_lateblight-earlyblight.jpg,Potato leaf late blight,879,355,JPEG,a51ff24bb82ee011703fc0e23366a6cb,14469650569979706659,1148,1
potato_late_blight__aa1bdbaf7d,train,potato late blight,14,data/images/train/potato_late_blight/potato_late_blight__aa1bdbaf7d.jpg,512,384,train,train/Potato leaf late blight/IMG_0019.jpg,Potato leaf late blight,4000,3000,JPEG,aa1bdbaf7db5ac9e9b5daddbae0a158b,11550640258714920449,1077,1
potato_late_blight__ae5fb96c80,train,potato late blight,14,data/images/train/potato_late_blight/potato_late_blight__ae5fb96c80.jpg,512,377,train,train/Potato leaf late blight/potato-late-blight-symptom-on-leaves-PGB5H9.jpg,Potato leaf late blight,1300,956,JPEG,ae5fb96c80198b0aedea10d0161ba203,1736256877993107275,1140,1
potato_late_blight__ae60dd78cc,train,potato late blight,14,data/images/train/potato_late_blight/potato_late_blight__ae60dd78cc.jpg,512,341,train,train/Potato leaf late blight/fi000293.jpg,Potato leaf late blight,575,383,JPEG,ae60dd78cc3ca611ee614a6ef9890dfc,7903162463132857498,1110,1
potato_late_blight__b24c21750e,train,potato late blight,14,data/images/train/potato_late_blight/potato_late_blight__b24c21750e.jpg,480,320,train,train/Potato leaf late blight/LateBlight03.jpg,Potato leaf late blight,480,320,JPEG,b24c21750ed6b5172e9b1d70c221df17,5321401450506794002,1091,1
potato_late_blight__bb51f5ae82,train,potato late blight,14,data/images/train/potato_late_blight/potato_late_blight__bb51f5ae82.jpg,512,341,train,train/Potato leaf late blight/3720946948_339251cc94_z.jpg,Potato leaf late blight,640,426,JPEG,bb51f5ae82b9289b374cc98e4b26ad6c,7586869179382106650,1065,1
potato_late_blight__bbfda624c3,train,potato late blight,14,data/images/train/potato_late_blight/potato_late_blight__bbfda624c3.jpg,500,375,train,train/Potato leaf late blight/late_blight_potato_leaf_500.jpg,Potato leaf late blight,500,375,JPEG,bbfda624c354b7bdb3fb28038c18db52,15268166258770835195,1124,1
potato_late_blight__bc33a8a993,train,potato late blight,14,data/images/train/potato_late_blight/potato_late_blight__bc33a8a993.jpg,512,355,train,train/Potato leaf late blight/39-late-blight-mold.jpg,Potato leaf late blight,675,468,JPEG,bc33a8a993b134853aae59bd03aae303,18003378984266104028,1067,1
potato_late_blight__be3dd73c2d,train,potato late blight,14,data/images/train/potato_late_blight/potato_late_blight__be3dd73c2d.jpg,500,403,train,train/Potato leaf late blight/IMG_5390.jpg,Potato leaf late blight,500,403,JPEG,be3dd73c2d25f05c862a622a7a286b86,7614643778668049971,1079,1
potato_late_blight__ca9569404f,train,potato late blight,14,data/images/train/potato_late_blight/potato_late_blight__ca9569404f.jpg,512,330,train,train/Potato leaf late blight/late-blight-lesions-potato-leaf-miller-research-809.jpg,Potato leaf late blight,809,521,JPEG,ca9569404ffd5931749fc3b744f1b30a,3485919018960579975,1118,1
potato_late_blight__cab60f6c6a,train,potato late blight,14,data/images/train/potato_late_blight/potato_late_blight__cab60f6c6a.jpg,492,512,train,train/Potato leaf late blight/potato-late-blight-phytophthora-infestans-lesions-on-potato-foliage-a1w19k.jpg,Potato leaf late blight,519,540,JPEG,cab60f6c6a8b0290ce2db991d066574b,10398926356588586084,1137,1
potato_late_blight__cdce46d242,train,potato late blight,14,data/images/train/potato_late_blight/potato_late_blight__cdce46d242.jpg,512,273,train,train/Potato leaf late blight/potato_ocw_botrytis-lateblight.jpg,Potato leaf late blight,770,411,JPEG,cdce46d242be225636990ebacdf999d4,11865939230570891626,1147,1
potato_late_blight__d6196b058f,train,potato late blight,14,data/images/train/potato_late_blight/potato_late_blight__d6196b058f.jpg,400,195,train,train/Potato leaf late blight/late-blight-leaf-figure1.jpg,Potato leaf late blight,400,195,JPEG,d6196b058f5f3b4d87cffae7280886bd,4844990070188493072,1115,1
potato_late_blight__df975f28a4,train,potato late blight,14,data/images/train/potato_late_blight/potato_late_blight__df975f28a4.jpg,400,473,test,test/Potato leaf late blight/2540_600.jpg,Potato leaf late blight,400,473,JPEG,df975f28a42854efa43ff4b50bbbaa4f,17958495371456685894,2391,1
potato_late_blight__e14bf60a85,train,potato late blight,14,data/images/train/potato_late_blight/potato_late_blight__e14bf60a85.jpg,341,512,train,train/Potato leaf late blight/d4fc0f56-da2e-4d7e-9a22-2430b562eeee.jpeg.jpg,Potato leaf late blight,512,768,JPEG,e14bf60a85b0457f56744f14037dab4d,8562658890094536761,1108,1
potato_late_blight__e48113e610,train,potato late blight,14,data/images/train/potato_late_blight/potato_late_blight__e48113e610.jpg,327,512,train,train/Potato leaf late blight/lb4_l.jpg,Potato leaf late blight,508,796,JPEG,e48113e61021b816d9d1de6c276a821c,3703867127612163894,1130,1
potato_late_blight__e496d6e32f,train,potato late blight,14,data/images/train/potato_late_blight/potato_late_blight__e496d6e32f.jpg,300,225,train,train/Potato leaf late blight/potatolb_symptoms_meg-cornell_300x225.jpg,Potato leaf late blight,300,225,JPEG,e496d6e32f7ee4cfc532cddb28b32c5e,3212493881755936049,1150,1
potato_late_blight__e7300c41cd,train,potato late blight,14,data/images/train/potato_late_blight/potato_late_blight__e7300c41cd.jpg,512,404,train,train/Potato leaf late blight/potato_late-blight_05_zoom.jpg,Potato leaf late blight,900,710,JPEG,e7300c41cdb18fa0162c39724c0599d5,10498859853918419148,1144,1
potato_late_blight__e9d0b35b22,train,potato late blight,14,data/images/train/potato_late_blight/potato_late_blight__e9d0b35b22.jpg,512,256,train,train/Potato leaf late blight/late-blight-midwest_twitter.jpg,Potato leaf late blight,1024,512,MPO,e9d0b35b22faf763dea4d33f84354ac7,2912097060471203944,1119,1
potato_late_blight__efb855d74a,train,potato late blight,14,data/images/train/potato_late_blight/potato_late_blight__efb855d74a.jpg,476,512,train,train/Potato leaf late blight/potato-late-blight-phytophthora-infestans-necrotic-disease-lesions-B7DEW3.jpg,Potato leaf late blight,1293,1390,JPEG,efb855d74a80c21bae5444b5a689e51a,14898968358846347625,1138,1
potato_late_blight__efbed0a319,train,potato late blight,14,data/images/train/potato_late_blight/potato_late_blight__efbed0a319.jpg,512,384,train,train/Potato leaf late blight/Late-blight.jpg,Potato leaf late blight,2272,1704,JPEG,efbed0a31977675389fab11680f767b8,8278127339705053987,1089,1
potato_late_blight__f093b3bc57,train,potato late blight,14,data/images/train/potato_late_blight/potato_late_blight__f093b3bc57.jpg,319,512,train,train/Potato leaf late blight/phytophthora-infestans-potato-blight-first-foliar-symptoms-on-solanum-EJKRCK.jpg,Potato leaf late blight,866,1390,JPEG,f093b3bc573ecb7e2500a8ff0efe6367,1752935380303305602,1134,1
potato_late_blight__f214f2b883,train,potato late blight,14,data/images/train/potato_late_blight/potato_late_blight__f214f2b883.jpg,512,377,train,train/Potato leaf late blight/potato-blight-phytophora-infestans-close-up-of-infected-leaf-top-surface-A60HXG.jpg,Potato leaf late blight,1300,956,JPEG,f214f2b8836ceaa0441f8c9a55408275,6502200041645601351,1135,1
potato_late_blight__f3ea0ceea8,train,potato late blight,14,data/images/train/potato_late_blight/potato_late_blight__f3ea0ceea8.jpg,250,249,train,train/Potato leaf late blight/b3a52d4eda0deedc34260c4dee847a5b.jpg,Potato leaf late blight,250,249,JPEG,f3ea0ceea8f55471a8b1f22e0d7b8c05,3011105624269702248,1104,2
potato_late_blight__f7a8606e3f,train,potato late blight,14,data/images/train/potato_late_blight/potato_late_blight__f7a8606e3f.jpg,512,340,train,train/Potato leaf late blight/dsc_8151s.jpg,Potato leaf late blight,1930,1282,JPEG,f7a8606e3fba3172ba0ef9c50cebc7c3,10580876037864311161,1109,1
potato_late_blight__f94c3c6f51,train,potato late blight,14,data/images/train/potato_late_blight/potato_late_blight__f94c3c6f51.jpg,512,384,train,train/Potato leaf late blight/3782849713_398f3a1086_b.jpg,Potato leaf late blight,1024,768,JPEG,f94c3c6f511a67bb90104c3f8c513ceb,10832232179474060214,1066,1
potato_late_blight__fa1a21ecfd,train,potato late blight,14,data/images/train/potato_late_blight/potato_late_blight__fa1a21ecfd.jpg,512,316,train,train/Potato leaf late blight/wur-late-blight-in-potato-809.jpg,Potato leaf late blight,809,500,JPEG,fa1a21ecfd8c4f9e7c5a74e73e504053,2129178178832754284,1152,1
potato_late_blight__fdbe4f2907,train,potato late blight,14,data/images/train/potato_late_blight/potato_late_blight__fdbe4f2907.jpg,455,512,train,train/Potato leaf late blight/potato-late-blight-phytophthora-infestans-necrotic-disease-lesions-B7G2EC.jpg,Potato leaf late blight,1236,1390,JPEG,fdbe4f2907e61b7bdb7ef38994fac22d,12595549878763481193,1139,1
potato_late_blight__fdc11b4954,train,potato late blight,14,data/images/train/potato_late_blight/potato_late_blight__fdc11b4954.jpg,500,382,train,train/Potato leaf late blight/IMG_5358.jpg,Potato leaf late blight,500,382,JPEG,fdc11b495424b354a14902a9e2786a52,16413871651753441916,1078,1
potato_late_blight__fffb838d9b,train,potato late blight,14,data/images/train/potato_late_blight/potato_late_blight__fffb838d9b.jpg,500,332,train,train/Potato leaf late blight/lateblightleaf.jpg,Potato leaf late blight,500,332,JPEG,fffb838d9b9640c777b9063abf4a570b,18259225427061368811,1128,1
raspberry_healthy__01cdc46ec0,train,raspberry healthy,15,data/images/train/raspberry_healthy/raspberry_healthy__01cdc46ec0.jpg,512,384,train,train/Raspberry leaf/feuille-de-framboisier.jpg,Raspberry leaf,1920,1440,JPEG,01cdc46ec011be115eaecbf2eb4ab4aa,15609202612366814252,1209,1
raspberry_healthy__080322767d,train,raspberry healthy,15,data/images/train/raspberry_healthy/raspberry_healthy__080322767d.jpg,512,389,train,train/Raspberry leaf/raspberryleafrust1.jpg,Raspberry leaf,1050,797,JPEG,080322767dc45d56d659fd3c8c90577c,2806288958449630442,1249,1
raspberry_healthy__0a247f4061,train,raspberry healthy,15,data/images/train/raspberry_healthy/raspberry_healthy__0a247f4061.jpg,289,512,train,train/Raspberry leaf/DC77r.jpg,Raspberry leaf,1840,3264,JPEG,0a247f4061e6aebc7af4d22d85f0d7b5,1342108633997165377,1180,1
raspberry_healthy__0be7781fc3,train,raspberry healthy,15,data/images/train/raspberry_healthy/raspberry_healthy__0be7781fc3.jpg,512,441,train,train/Raspberry leaf/Raspberry41.JPG.jpg,Raspberry leaf,1600,1378,JPEG,0be7781fc329b266118cd55fc0a1758a,2785096101007573986,1193,1
raspberry_healthy__0cab00fd8c,train,raspberry healthy,15,data/images/train/raspberry_healthy/raspberry_healthy__0cab00fd8c.jpg,512,305,train,train/Raspberry leaf/Raspberry-leaf-and-thimbleberry-leaf.jpg,Raspberry leaf,1192,711,JPEG,0cab00fd8c05812ed93370127f6a3058,13433016787298469962,1191,1
raspberry_healthy__0cbb5aec4c,train,raspberry healthy,15,data/images/train/raspberry_healthy/raspberry_healthy__0cbb5aec4c.jpg,492,512,test,test/Raspberry leaf/depositphotos_1323551-stock-photo-raspberry-leaves.jpg,Raspberry leaf,985,1024,JPEG,0cbb5aec4c4c5405670e8458c3ec8fff,5498692298465687940,2397,1
raspberry_healthy__0e8e98d9a4,train,raspberry healthy,15,data/images/train/raspberry_healthy/raspberry_healthy__0e8e98d9a4.jpg,512,388,train,train/Raspberry leaf/Bee29A.jpg,Raspberry leaf,1214,920,JPEG,0e8e98d9a43d904b1c9e966e1617cfd8,3178605157699672472,1172,1
raspberry_healthy__0f561b685c,train,raspberry healthy,15,data/images/train/raspberry_healthy/raspberry_healthy__0f561b685c.jpg,512,341,train,train/Raspberry leaf/raspberry-leaf-dehydrator.jpg,Raspberry leaf,660,440,JPEG,0f561b685c633eb4bcd5c5b8c296a069,4051057026610908782,1237,1
raspberry_healthy__10d2e23ec8,train,raspberry healthy,15,data/images/train/raspberry_healthy/raspberry_healthy__10d2e23ec8.jpg,512,333,train,train/Raspberry leaf/Blackberry-black-raspberry3-1024x665.jpg,Raspberry leaf,1024,665,JPEG,10d2e23ec82c0e9beaaaa6ca22e4f7b8,13553897146287537212,1179,1
raspberry_healthy__19ec1a01ad,train,raspberry healthy,15,data/images/train/raspberry_healthy/raspberry_healthy__19ec1a01ad.jpg,512,384,train,train/Raspberry leaf/raspberry_leaves.JPG.jpg,Raspberry leaf,1600,1200,JPEG,19ec1a01ad5175db761e3f11b206848c,10911927865443562673,1248,1
raspberry_healthy__1c3172b0e8,train,raspberry healthy,15,data/images/train/raspberry_healthy/raspberry_healthy__1c3172b0e8.jpg,512,418,train,train/Raspberry leaf/ripe-raspberry-leaf-white-background-30978897.jpg,Raspberry leaf,1300,1061,JPEG,1c3172b0e895edc822d820067d2937e9,75452040625457889,1254,1
raspberry_healthy__2175f505da,train,raspberry healthy,15,data/images/train/raspberry_healthy/raspberry_healthy__2175f505da.jpg,512,440,train,train/Raspberry leaf/raspberry-leaves-isolated-28028038.jpg,Raspberry leaf,1300,1117,JPEG,2175f505daa71670a8e1498e2dd65ca6,7365106167704391409,1243,1
raspberry_healthy__2379441a99,train,raspberry healthy,15,data/images/train/raspberry_healthy/raspberry_healthy__2379441a99.jpg,512,361,train,train/Raspberry leaf/ed00fa5f-60af-4767-b8e8-f5405fd6eb44.jpg,Raspberry leaf,1203,849,JPEG,2379441a99793bc0db1458b969af7a0e,295613646376961604,1207,1
raspberry_healthy__25c851758c,train,raspberry healthy,15,data/images/train/raspberry_healthy/raspberry_healthy__25c851758c.jpg,512,384,train,train/Raspberry leaf/black-raspberry-01.jpg,Raspberry leaf,599,449,JPEG,25c851758c1116b84540851b83c90d0d,10149073493070042099,1200,1
raspberry_healthy__26bc547ffa,train,raspberry healthy,15,data/images/train/raspberry_healthy/raspberry_healthy__26bc547ffa.jpg,512,346,train,train/Raspberry leaf/img_5426.jpg,Raspberry leaf,1971,1333,JPEG,26bc547ffaf53497277fddf15dd01f8e,3250853298136298265,1221,1
raspberry_healthy__2776e2634c,train,raspberry healthy,15,data/images/train/raspberry_healthy/raspberry_healthy__2776e2634c.jpg,512,323,train,train/Raspberry leaf/iron-deficiency-symptoms-on-autumn-fruiting-raspberry-leaf-uk-garden-E4W76G.jpg,Raspberry leaf,1300,821,JPEG,2776e2634c2ee7f2bbabfc3f720480ea,8318651848789135617,1223,1
raspberry_healthy__2b13c732f1,train,raspberry healthy,15,data/images/train/raspberry_healthy/raspberry_healthy__2b13c732f1.jpg,512,469,train,train/Raspberry leaf/raspberry-leaves-isolated-white-background-15358743.jpg,Raspberry leaf,1300,1192,JPEG,2b13c732f12c3684a15c69872df6f618,6435404513332644340,1244,1
raspberry_healthy__2e9175b493,train,raspberry healthy,15,data/images/train/raspberry_healthy/raspberry_healthy__2e9175b493.jpg,512,377,train,train/Raspberry leaf/iron-deficiency-symptoms-on-autumn-fruiting-raspberry-leaf-uk-garden-E4W77P.jpg,Raspberry leaf,1300,957,JPEG,2e9175b493ec147d88bdaaf02d620528,15488715819843226895,1224,1
raspberry_healthy__2fa3dbdf3a,train,raspberry healthy,15,data/images/train/raspberry_healthy/raspberry_healthy__2fa3dbdf3a.jpg,512,340,train,train/Raspberry leaf/171322132-56a6d3693df78cf7729070d3.jpg,Raspberry leaf,2126,1412,JPEG,2fa3dbdf3a6defe1e5da0aecddc991a0,4460192667645727603,1158,1
raspberry_healthy__2fb9b2cbae,train,raspberry healthy,15,data/images/train/raspberry_healthy/raspberry_healthy__2fb9b2cbae.jpg,500,353,train,train/Raspberry leaf/raspberry-leaf-ingredient-photo.jpg,Raspberry leaf,500,353,JPEG,2fb9b2cbaef00b8fdd98e377ed2463f1,439441911379615891,1239,1
raspberry_healthy__33d8e65ec0,train,raspberry healthy,15,data/images/train/raspberry_healthy/raspberry_healthy__33d8e65ec0.jpg,512,341,train,train/Raspberry leaf/a61a6-raspberry_leaf_tea_pregnancy.jpg,Raspberry leaf,1600,1066,JPEG,33d8e65ec095d4937ed4fe8122427b2a,15627684652873950256,1197,1
raspberry_healthy__346bbd91fe,train,raspberry healthy,15,data/images/train/raspberry_healthy/raspberry_healthy__346bbd91fe.jpg,365,512,train,train/Raspberry leaf/red-rspberry-leaf-help-strengthen-the-uterus-and-the-lining-of-the-uterus.jpg,Raspberry leaf,736,1032,JPEG,346bbd91fe5052095ff3621eedf8e022,1460299091005539672,1252,1
raspberry_healthy__35728268ea,train,raspberry healthy,15,data/images/train/raspberry_healthy/raspberry_healthy__35728268ea.jpg,512,419,train,train/Raspberry leaf/red-raspberry.jpg,Raspberry leaf,1200,981,JPEG,35728268ea4e53c4c1923acc841974a9,443189386777173577,1251,1
raspberry_healthy__36c3c83e4a,train,raspberry healthy,15,data/images/train/raspberry_healthy/raspberry_healthy__36c3c83e4a.jpg,512,419,train,train/Raspberry leaf/5-leaf-berry-1-2.jpg,Raspberry leaf,755,618,JPEG,36c3c83e4ac08daff43531e4665ff571,3475215898287610233,1166,1
raspberry_healthy__3afcbedec5,train,raspberry healthy,15,data/images/train/raspberry_healthy/raspberry_healthy__3afcbedec5.jpg,512,283,train,train/Raspberry leaf/c-204-raspberry.jpg,Raspberry leaf,1092,603,JPEG,3afcbedec50a7c18338c2b8ec9b435de,16493530765347021233,1203,1
raspberry_healthy__3d7f3a2874,train,raspberry healthy,15,data/images/train/raspberry_healthy/raspberry_healthy__3d7f3a2874.jpg,344,512,train,train/Raspberry leaf/groovy-raspberry4.jpg,Raspberry leaf,1000,1490,JPEG,3d7f3a287439a5f70ecd845244272455,14594350196039848849,1217,1
raspberry_healthy__4296dd82d6,train,raspberry healthy,15,data/images/train/raspberry_healthy/raspberry_healthy__4296dd82d6.jpg,512,384,train,train/Raspberry leaf/gardening+008.JPG.jpg,Raspberry leaf,1600,1200,JPEG,4296dd82d6012025dba1a036bc7d4a7a,6126100901835374625,1212,1
raspberry_healthy__486b6b9fb3,train,raspberry healthy,15,data/images/train/raspberry_healthy/raspberry_healthy__486b6b9fb3.jpg,512,384,train,train/Raspberry leaf/20130515+008.jpg,Raspberry leaf,1600,1200,JPEG,486b6b9fb3ce754d24bcbef7b9f827fb,9702060528399846540,1160,1
raspberry_healthy__4a1019b9f2,train,raspberry healthy,15,data/images/train/raspberry_healthy/raspberry_healthy__4a1019b9f2.jpg,512,341,train,train/Raspberry leaf/5944718_f1024.jpg,Raspberry leaf,1024,682,JPEG,4a1019b9f28ea9607f8c17a02d469558,1843031495919429527,1169,1
raspberry_healthy__4a75f2ff0d,train,raspberry healthy,15,data/images/train/raspberry_healthy/raspberry_healthy__4a75f2ff0d.jpg,512,384,train,train/Raspberry leaf/4cffdc67492014fcf2c5f34b0565fad7.jpg,Raspberry leaf,736,552,JPEG,4a75f2ff0d7941d0c173b40da3e3a976,17065988340787490859,1165,1
raspberry_healthy__4c863d3f0a,train,raspberry healthy,15,data/images/train/raspberry_healthy/raspberry_healthy__4c863d3f0a.jpg,512,384,train,train/Raspberry leaf/2904.jpg,Raspberry leaf,1024,768,JPEG,4c863d3f0ac0b14565620e54ea336a2e,1740934038531152771,1162,1
raspberry_healthy__4e21c62b77,train,raspberry healthy,15,data/images/train/raspberry_healthy/raspberry_healthy__4e21c62b77.jpg,512,339,train,train/Raspberry leaf/dsc_0127.jpg,Raspberry leaf,3696,2448,JPEG,4e21c62b77c5709947a5149d9a4be9c3,10848508657436024158,1206,1
raspberry_healthy__547b2198a2,train,raspberry healthy,15,data/images/train/raspberry_healthy/raspberry_healthy__547b2198a2.jpg,512,392,train,train/Raspberry leaf/raspberry-leaves-1024x783.jpg,Raspberry leaf,1024,783,JPEG,547b2198a25ea06856269d4096851de9,10125539155223629267,1241,1
raspberry_healthy__5554c1d353,train,raspberry healthy,15,data/images/train/raspberry_healthy/raspberry_healthy__5554c1d353.jpg,512,384,train,train/Raspberry leaf/slide10.jpg,Raspberry leaf,2048,1536,JPEG,5554c1d353e70523b7cc0e655edfa41f,14944195575067813766,1260,1
raspberry_healthy__579a1aa0c6,train,raspberry healthy,15,data/images/train/raspberry_healthy/raspberry_healthy__579a1aa0c6.jpg,384,512,train,train/Raspberry leaf/Raspberry-Suckers1.jpg,Raspberry leaf,960,1280,JPEG,579a1aa0c6b3fd0354d1a6b57a40ac42,16312298218933825569,1168,2
raspberry_healthy__582543f097,train,raspberry healthy,15,data/images/train/raspberry_healthy/raspberry_healthy__582543f097.jpg,435,512,train,train/Raspberry leaf/rubus-idaeus-strigosus-le-ahaines-a.jpg,Raspberry leaf,849,1000,JPEG,582543f097e21ddaf2beedcc3a4d82d5,1456917450006029,1257,1
raspberry_healthy__58e98c0a83,train,raspberry healthy,15,data/images/train/raspberry_healthy/raspberry_healthy__58e98c0a83.jpg,512,384,train,train/Raspberry leaf/d8731a01428301a3c46a643d12c6093d.jpg,Raspberry leaf,1024,768,JPEG,58e98c0a83594750a34d8f8553f775c8,16498005479171125990,1204,1
raspberry_healthy__5f30ad1aba,train,raspberry healthy,15,data/images/train/raspberry_healthy/raspberry_healthy__5f30ad1aba.jpg,512,303,train,train/Raspberry leaf/Blackberry-black-raspberry2-1024x606.jpg,Raspberry leaf,1024,606,JPEG,5f30ad1aba560a96e3194e8c7b41834b,15839096834188139028,1178,1
raspberry_healthy__618e4ba8c1,train,raspberry healthy,15,data/images/train/raspberry_healthy/raspberry_healthy__618e4ba8c1.jpg,512,220,train,train/Raspberry leaf/Blackberry-black-raspberry1-1024x440.jpg,Raspberry leaf,1024,440,JPEG,618e4ba8c104dea565b119c7c64fe796,2041912752073213849,1177,1
raspberry_healthy__6379b8f8cc,train,raspberry healthy,15,data/images/train/raspberry_healthy/raspberry_healthy__6379b8f8cc.jpg,500,333,train,train/Raspberry leaf/1029980206_21e73f8c57.jpg,Raspberry leaf,500,333,JPEG,6379b8f8ccee3f30cf4d5d04016c2629,2760874490459899076,1154,1
raspberry_healthy__64c2220d43,train,raspberry healthy,15,data/images/train/raspberry_healthy/raspberry_healthy__64c2220d43.jpg,440,440,train,train/Raspberry leaf/53840458-raspberry-leaf.jpg,Raspberry leaf,440,440,JPEG,64c2220d43c5a0c86906176165445f39,2307829990525452581,1167,1
raspberry_healthy__69a13734f4,train,raspberry healthy,15,data/images/train/raspberry_healthy/raspberry_healthy__69a13734f4.jpg,512,384,train,train/Raspberry leaf/bramble_leaf_25.JPG.jpg,Raspberry leaf,1600,1200,JPEG,69a13734f4639f1d60db05f1a5eab3bb,8269393197496064150,1202,1
raspberry_healthy__6a8a1c949f,train,raspberry healthy,15,data/images/train/raspberry_healthy/raspberry_healthy__6a8a1c949f.jpg,512,354,train,train/Raspberry leaf/Blackberry-black-raspberry-1024x707.jpg,Raspberry leaf,1024,707,JPEG,6a8a1c949fa879ac7db3810657525a36,3001759538411911951,1176,1
raspberry_healthy__6eb646fb05,train,raspberry healthy,15,data/images/train/raspberry_healthy/raspberry_healthy__6eb646fb05.jpg,512,384,train,train/Raspberry leaf/leaf-on-raspberry-bush.jpg,Raspberry leaf,1920,1440,JPEG,6eb646fb058edb6d8c42702c1f7f2b4b,9893013320382092545,1225,1
raspberry_healthy__70b3d52b4b,train,raspberry healthy,15,data/images/train/raspberry_healthy/raspberry_healthy__70b3d52b4b.jpg,512,420,train,train/Raspberry leaf/leaves-of-a-raspberry-stock-photo-1206396.jpg,Raspberry leaf,1300,1067,JPEG,70b3d52b4be9acd2a125d5c7a32577af,7005680509845706782,1226,1
raspberry_healthy__73193538b2,train,raspberry healthy,15,data/images/train/raspberry_healthy/raspberry_healthy__73193538b2.jpg,512,512,train,train/Raspberry leaf/Lexicon_Raspberry.jpg,Raspberry leaf,2000,2000,JPEG,73193538b2296fa04831ac28a0e9b8d4,11052787218375062329,1188,1
raspberry_healthy__75eb4932ab,train,raspberry healthy,15,data/images/train/raspberry_healthy/raspberry_healthy__75eb4932ab.jpg,442,512,test,test/Raspberry leaf/iron-deficiency-raspberry-leaf-chlorosis-isolated-32457798.jpg,Raspberry leaf,1121,1300,JPEG,75eb4932ab529ca3c1c047ffa6ef5aa1,5516353251279573896,2399,1
raspberry_healthy__82ed3dc535,train,raspberry healthy,15,data/images/train/raspberry_healthy/raspberry_healthy__82ed3dc535.jpg,512,427,train,train/Raspberry leaf/raspberry_leaf_full.jpg,Raspberry leaf,2454,2048,JPEG,82ed3dc53513c8629feb3c590e11376e,14107211857415021216,1246,1
raspberry_healthy__8320c6f947,train,raspberry healthy,15,data/images/train/raspberry_healthy/raspberry_healthy__8320c6f947.jpg,512,449,train,train/Raspberry leaf/leaves-of-a-raspberry-stock-photo-1214081.jpg,Raspberry leaf,1300,1140,JPEG,8320c6f94774b0dc6d65da5e682afdaa,2167979765929348236,1227,1
raspberry_healthy__83d548fa0b,train,raspberry healthy,15,data/images/train/raspberry_healthy/raspberry_healthy__83d548fa0b.jpg,512,384,train,train/Raspberry leaf/Rubus_idaeus_leaf.JPG.jpg,Raspberry leaf,3072,2304,JPEG,83d548fa0b357eb7b7a66aa614de00d8,11793106740613276864,1195,1
raspberry_healthy__873da1e660,train,raspberry healthy,15,data/images/train/raspberry_healthy/raspberry_healthy__873da1e660.jpg,512,512,train,train/Raspberry leaf/village-herbals-bulk-herbs-raspberry-leaves.jpg,Raspberry leaf,1200,1200,JPEG,873da1e660841c906614e64e8c18c2ac,7212335439373685976,1262,1
raspberry_healthy__8cc5fb551d,train,raspberry healthy,15,data/images/train/raspberry_healthy/raspberry_healthy__8cc5fb551d.jpg,460,512,train,train/Raspberry leaf/12972raspberry_leaf.jpg,Raspberry leaf,600,668,JPEG,8cc5fb551dbd6d24d0da97745bd34ce7,2601406629959633993,1156,1
raspberry_healthy__8d9160f0ce,train,raspberry healthy,15,data/images/train/raspberry_healthy/raspberry_healthy__8d9160f0ce.jpg,512,384,train,train/Raspberry leaf/img_0509.jpg,Raspberry leaf,800,600,JPEG,8d9160f0ce729f1ac5bc7655b9f33fde,2106790262500397959,1219,1
raspberry_healthy__95ede5b415,train,raspberry healthy,15,data/images/train/raspberry_healthy/raspberry_healthy__95ede5b415.jpg,382,512,train,train/Raspberry leaf/IMG_1982.jpg,Raspberry leaf,1195,1600,JPEG,95ede5b4150d94475843bc2dd8fb455c,2133873441308053194,1184,1
raspberry_healthy__9e57de8fb9,train,raspberry healthy,15,data/images/train/raspberry_healthy/raspberry_healthy__9e57de8fb9.jpg,512,384,train,train/Raspberry leaf/shutterstock_302160662.jpg,Raspberry leaf,1000,750,JPEG,9e57de8fb9b8cd2e6d1a126bb884d17d,5516262683551119934,1259,1
raspberry_healthy__a1a7019e8d,train,raspberry healthy,15,data/images/train/raspberry_healthy/raspberry_healthy__a1a7019e8d.jpg,452,512,train,train/Raspberry leaf/raspberry-green-leaves-isolated-white-background-46020616.jpg,Raspberry leaf,1148,1300,JPEG,a1a7019e8dd38709b0bc6ab52b8f9e49,5081780283880227600,1235,1
raspberry_healthy__a207f89ee5,train,raspberry healthy,15,data/images/train/raspberry_healthy/raspberry_healthy__a207f89ee5.jpg,512,512,train,train/Raspberry leaf/raspberry-leaf-has-traditionally-been-used-during-the-later-stages-raspberry-leaf.jpg,Raspberry leaf,640,640,JPEG,a207f89ee5ae3bde710cec81fa53495a,1165672867633241090,1238,1
raspberry_healthy__a705dd763d,train,raspberry healthy,15,data/images/train/raspberry_healthy/raspberry_healthy__a705dd763d.jpg,512,512,train,train/Raspberry leaf/organic-herbal-smoke-tea-raspberry-leaf.jpg,Raspberry leaf,800,800,JPEG,a705dd763dae6fe93d139ff83d93705f,16187252345764375074,1230,1
raspberry_healthy__a823057bcb,train,raspberry healthy,15,data/images/train/raspberry_healthy/raspberry_healthy__a823057bcb.jpg,512,434,train,train/Raspberry leaf/raspberry-leaf-26572588.jpg,Raspberry leaf,1300,1103,JPEG,a823057bcba6c9e9b33ac5e3cbcc9911,5551828948467194341,1236,1
raspberry_healthy__a92a01a479,train,raspberry healthy,15,data/images/train/raspberry_healthy/raspberry_healthy__a92a01a479.jpg,512,384,train,train/Raspberry leaf/rubus-idaeus_0714_122911.jpg,Raspberry leaf,800,600,JPEG,a92a01a479121066904859c24607df9a,880283949638869733,1258,1
raspberry_healthy__aad07b607d,train,raspberry healthy,15,data/images/train/raspberry_healthy/raspberry_healthy__aad07b607d.jpg,512,512,train,train/Raspberry leaf/800px_COLOURBOX4311119.jpg,Raspberry leaf,800,800,JPEG,aad07b607d98d2fa83a2de856c6f0dc2,1171326449308534561,1171,1
raspberry_healthy__ae3b62a9b6,train,raspberry healthy,15,data/images/train/raspberry_healthy/raspberry_healthy__ae3b62a9b6.jpg,385,512,train,train/Raspberry leaf/FsSYF.jpg,Raspberry leaf,1067,1420,JPEG,ae3b62a9b678c6ebb3f113a4720ba3e4,11000090571765338321,1182,1
raspberry_healthy__b079f6b162,train,raspberry healthy,15,data/images/train/raspberry_healthy/raspberry_healthy__b079f6b162.jpg,512,342,test,test/Raspberry leaf/Raspberry-leaf.jpg,Raspberry leaf,1200,801,JPEG,b079f6b16285ff9bdefabd93b261f5ae,5082060611629553536,2395,1
raspberry_healthy__b18f700082,train,raspberry healthy,15,data/images/train/raspberry_healthy/raspberry_healthy__b18f700082.jpg,384,512,train,train/Raspberry leaf/red_raspberry03.jpg,Raspberry leaf,567,756,JPEG,b18f700082b40b10c96694e27bc09c8d,11782829262143812669,1253,1
raspberry_healthy__b31aa5dff1,train,raspberry healthy,15,data/images/train/raspberry_healthy/raspberry_healthy__b31aa5dff1.jpg,512,383,train,train/Raspberry leaf/483255d3dc56a615ebaa5b424309913c--raspberry-plants-red-raspberry.jpg,Raspberry leaf,736,551,JPEG,b31aa5dff12a479ac3b5bfd70f91398f,4013757625496449895,1164,1
raspberry_healthy__b5d1d53c78,train,raspberry healthy,15,data/images/train/raspberry_healthy/raspberry_healthy__b5d1d53c78.jpg,512,471,train,train/Raspberry leaf/1-flowering-raspberry.jpg,Raspberry leaf,1200,1105,JPEG,b5d1d53c7892ccf4ea9b0dcd18a7e2bc,5230047494239334045,1153,1
raspberry_healthy__bd16dd5e85,train,raspberry healthy,15,data/images/train/raspberry_healthy/raspberry_healthy__bd16dd5e85.jpg,512,384,train,train/Raspberry leaf/product_red-raspberry-leaf-512x384.jpg,Raspberry leaf,512,384,JPEG,bd16dd5e8598c532f7cc82a9d882d3aa,443379571905994519,1232,1
raspberry_healthy__be9ad299d6,train,raspberry healthy,15,data/images/train/raspberry_healthy/raspberry_healthy__be9ad299d6.jpg,512,448,train,train/Raspberry leaf/Leaves-of-Mysore-raspberry.jpg,Raspberry leaf,1000,875,JPEG,be9ad299d66d3f9b6be59df970be9da1,1781370282237849928,1187,1
raspberry_healthy__c18b7f9a17,train,raspberry healthy,15,data/images/train/raspberry_healthy/raspberry_healthy__c18b7f9a17.jpg,512,473,train,train/Raspberry leaf/ripe-raspberry-with-green-leaves-and-flowers-Download-Royalty-free-Vector-File-EPS-10297.jpg,Raspberry leaf,1200,1108,JPEG,c18b7f9a17ddab05a33d79747ed2666a,10019140442283133184,1255,1
raspberry_healthy__c2af809bd7,train,raspberry healthy,15,data/images/train/raspberry_healthy/raspberry_healthy__c2af809bd7.jpg,512,343,train,train/Raspberry leaf/imgp9968.jpg,Raspberry leaf,3872,2592,JPEG,c2af809bd7bb2fc25270effcde172a14,3833534125233467616,1222,1
raspberry_healthy__c4b513ba6f,train,raspberry healthy,15,data/images/train/raspberry_healthy/raspberry_healthy__c4b513ba6f.jpg,512,350,train,train/Raspberry leaf/18183295-H.jpg,Raspberry leaf,1024,700,JPEG,c4b513ba6f446eddb94ebfb11a15c84f,14538548516316860238,1159,1
raspberry_healthy__cb664bf802,train,raspberry healthy,15,data/images/train/raspberry_healthy/raspberry_healthy__cb664bf802.jpg,512,384,train,train/Raspberry leaf/pbsNJ.jpg,Raspberry leaf,1156,868,JPEG,cb664bf80201821bd6c453c5007baa21,976945442654427193,1231,1
raspberry_healthy__ce6c447bfd,train,raspberry healthy,15,data/images/train/raspberry_healthy/raspberry_healthy__ce6c447bfd.jpg,479,512,train,train/Raspberry leaf/green-leaves-cherry-raspberry-isolated-white-backgro-fresh-background-light-veins-close-up-herbarium-75513107.jpg,Raspberry leaf,1300,1390,JPEG,ce6c447bfdea2d2de6c3dc7d656f4608,7432706761173972194,1213,1
raspberry_healthy__d4c7241d38,train,raspberry healthy,15,data/images/train/raspberry_healthy/raspberry_healthy__d4c7241d38.jpg,342,512,train,train/Raspberry leaf/groovy-raspberry3_2.jpg,Raspberry leaf,1000,1499,JPEG,d4c7241d38eeed431d06afc7646aba61,12841605068204554552,1216,1
raspberry_healthy__d61e913b6a,train,raspberry healthy,15,data/images/train/raspberry_healthy/raspberry_healthy__d61e913b6a.jpg,431,512,train,train/Raspberry leaf/fresh-green-raspberry-leaf-isolated-on-white-background-with-clipping-KH37NJ.jpg,Raspberry leaf,1170,1390,JPEG,d61e913b6a8a2c97e973af734bd50d71,2688102584940697189,1210,1
raspberry_healthy__d96e9e73d8,train,raspberry healthy,15,data/images/train/raspberry_healthy/raspberry_healthy__d96e9e73d8.jpg,512,386,train,train/Raspberry leaf/raspberry-leaves-30apr15-sg.jpg,Raspberry leaf,2384,1797,JPEG,d96e9e73d87b1b66ae22b287c2b3d08a,11226236880343866324,1242,1
raspberry_healthy__da78a5c107,train,raspberry healthy,15,data/images/train/raspberry_healthy/raspberry_healthy__da78a5c107.jpg,512,384,train,train/Raspberry leaf/140626%20Tiny%20Tree%20frog%20on%20raspberry%20leaf%20%281%29_0.jpg,Raspberry leaf,1600,1200,JPEG,da78a5c1074d3218efb0f216a5ac8213,14632965037492560583,1157,1
raspberry_healthy__e1e9ae0566,train,raspberry healthy,15,data/images/train/raspberry_healthy/raspberry_healthy__e1e9ae0566.jpg,400,335,train,train/Raspberry leaf/red-raspberry-leaf_1.jpg,Raspberry leaf,400,335,JPEG,e1e9ae056667fe51700eb0ee90dd65fa,10918349400169590117,1250,1
raspberry_healthy__e2078a3a43,train,raspberry healthy,15,data/images/train/raspberry_healthy/raspberry_healthy__e2078a3a43.jpg,512,377,train,train/Raspberry leaf/green-raspberry-leaf-J68BYN.jpg,Raspberry leaf,1300,956,JPEG,e2078a3a43c5dd764cf6496251141686,16295080684447441482,1214,1
raspberry_healthy__e6ad60ccbb,train,raspberry healthy,15,data/images/train/raspberry_healthy/raspberry_healthy__e6ad60ccbb.jpg,512,384,train,train/Raspberry leaf/24049d1216854408-spots-raspberry-leaves-dscf1561.jpg,Raspberry leaf,1024,768,JPEG,e6ad60ccbb303d1e92ed8c13dc30058c,11391406509342745522,1161,1
raspberry_healthy__eaa31a46b1,train,raspberry healthy,15,data/images/train/raspberry_healthy/raspberry_healthy__eaa31a46b1.jpg,512,384,train,train/Raspberry leaf/Black%20raspberry%20late%20leaf%20rust%20top%20view05F.JPG.jpg,Raspberry leaf,1600,1200,JPEG,eaa31a46b1bb90d6cfd8dbc11e63d951,8169803247242230201,1175,1
raspberry_healthy__ec8350dc72,train,raspberry healthy,15,data/images/train/raspberry_healthy/raspberry_healthy__ec8350dc72.jpg,512,340,train,train/Raspberry leaf/benefits-red-raspberry-leaf.jpg,Raspberry leaf,800,532,JPEG,ec8350dc72776ce8cf12254fae99c1df,651079495164677319,1199,1
raspberry_healthy__ee1cc7179d,train,raspberry healthy,15,data/images/train/raspberry_healthy/raspberry_healthy__ee1cc7179d.jpg,384,512,train,train/Raspberry leaf/raspberry_leaves.JPG.JPG.jpg,Raspberry leaf,1200,1600,JPEG,ee1cc7179d4f8f3c837818084a8db668,1748595479611051273,1247,1
raspberry_healthy__f04f61d85e,train,raspberry healthy,15,data/images/train/raspberry_healthy/raspberry_healthy__f04f61d85e.jpg,512,419,train,train/Raspberry leaf/yellow-raspberry-leaf-chlorosis-nutrient-deficiency-probably-lack-iron-gardening-problem-72461965.jpg,Raspberry leaf,1300,1065,JPEG,f04f61d85e633ddad5578eb26d0350d1,15490954233128708326,1263,1
raspberry_healthy__f2c704514e,train,raspberry healthy,15,data/images/train/raspberry_healthy/raspberry_healthy__f2c704514e.jpg,441,512,train,train/Raspberry leaf/edible_weeds_raspberry_leaf.jpg,Raspberry leaf,802,932,JPEG,f2c704514eda42c11fc50fe50631900c,3184673896277679642,1208,1
raspberry_healthy__f4bdd0b0b7,train,raspberry healthy,15,data/images/train/raspberry_healthy/raspberry_healthy__f4bdd0b0b7.jpg,512,384,train,train/Raspberry leaf/Red-Rasp-Leaf.jpg,Raspberry leaf,1024,768,JPEG,f4bdd0b0b73ea4a615d6327806607251,15521318327178283467,1194,1
raspberry_healthy__f54355c76a,train,raspberry healthy,15,data/images/train/raspberry_healthy/raspberry_healthy__f54355c76a.jpg,512,512,train,train/Raspberry leaf/IMG_0649.JPG.jpg,Raspberry leaf,2448,2448,JPEG,f54355c76ac1408289b462592f5c68af,13597662280035086363,1183,1
raspberry_healthy__f704a62ecb,train,raspberry healthy,15,data/images/train/raspberry_healthy/raspberry_healthy__f704a62ecb.jpg,384,512,train,train/Raspberry leaf/Poison_Ivy.jpg,Raspberry leaf,1200,1600,JPEG,f704a62ecb073f2d26465fcf50d6c0eb,7084919118751849157,1190,1
raspberry_healthy__f7515e0b7e,train,raspberry healthy,15,data/images/train/raspberry_healthy/raspberry_healthy__f7515e0b7e.jpg,512,429,train,train/Raspberry leaf/raspberry%2Bleaves.jpg,Raspberry leaf,826,692,JPEG,f7515e0b7e6ceebc94b51d9caa345949,9494613346344011023,1233,1
raspberry_healthy__f76646c1bd,train,raspberry healthy,15,data/images/train/raspberry_healthy/raspberry_healthy__f76646c1bd.jpg,512,384,train,train/Raspberry leaf/iStock-104258470_4x3.jpg,Raspberry leaf,1026,770,JPEG,f76646c1bd3c7b9c4b7ffbbfec04a91f,9769173023802882461,1218,1
raspberry_healthy__f935e83c43,train,raspberry healthy,15,data/images/train/raspberry_healthy/raspberry_healthy__f935e83c43.jpg,512,384,test,test/Raspberry leaf/depositphotos_2795312-stock-photo-green-raspberry-leaf.jpg,Raspberry leaf,1024,768,JPEG,f935e83c435ac7e824062877765dd7ad,5552734497291311877,2398,1
raspberry_healthy__fa4d88fd15,train,raspberry healthy,15,data/images/train/raspberry_healthy/raspberry_healthy__fa4d88fd15.jpg,512,384,train,train/Raspberry leaf/Black%20raspberry%20late%20leaf%20rust%2008F.JPG.jpg,Raspberry leaf,1600,1200,JPEG,fa4d88fd154ea16c00f052524819833f,17334372558211940484,1174,1
raspberry_healthy__fc116d54f1,train,raspberry healthy,15,data/images/train/raspberry_healthy/raspberry_healthy__fc116d54f1.jpg,512,384,train,train/Raspberry leaf/2905.jpg,Raspberry leaf,1024,768,JPEG,fc116d54f191ff9c75de0e98a91062fc,10996544900845790886,1163,1
raspberry_healthy__fc29a326af,train,raspberry healthy,15,data/images/train/raspberry_healthy/raspberry_healthy__fc29a326af.jpg,512,512,train,train/Raspberry leaf/groovy-raspberry1000x1000.jpg,Raspberry leaf,1000,1000,JPEG,fc29a326af01ba9573dfaa7118af63d8,2107462730859022936,1215,1
raspberry_healthy__fc60467a52,train,raspberry healthy,15,data/images/train/raspberry_healthy/raspberry_healthy__fc60467a52.jpg,512,384,train,train/Raspberry leaf/rubus-idaeus-8280814-9.jpg,Raspberry leaf,800,600,JPEG,fc60467a52892a39f7e21de96cf3fe5a,17142301713666131544,1256,1
raspberry_healthy__fd03f9cd7a,train,raspberry healthy,15,data/images/train/raspberry_healthy/raspberry_healthy__fd03f9cd7a.jpg,512,508,train,train/Raspberry leaf/raspberry-leaf-isolated-white-18415125.jpg,Raspberry leaf,1311,1300,JPEG,fd03f9cd7a9c4fd7eeba94dbc2b4cd7a,331749643698702370,1240,1
raspberry_healthy__ff9fd32965,train,raspberry healthy,15,data/images/train/raspberry_healthy/raspberry_healthy__ff9fd32965.jpg,512,378,train,train/Raspberry leaf/depositphotos_22512509-stock-photo-raspberry-leaf.jpg,Raspberry leaf,1024,755,JPEG,ff9fd329651f90ff0dc8454d91992b73,7311372397828059505,1205,1
soybean_healthy__0349692333,train,soybean healthy,16,data/images/train/soybean_healthy/soybean_healthy__0349692333.jpg,288,512,train,train/Soyabean leaf/IMG_20150714_122008907.jpg,Soyabean leaf,2432,4320,JPEG,0349692333ddc82e242e484be108781f,11998723424210269239,1272,1
soybean_healthy__04f88f4fde,train,soybean healthy,16,data/images/train/soybean_healthy/soybean_healthy__04f88f4fde.jpg,329,470,test,test/Soyabean leaf/stock-photo-fresh-soy-leaves-isolated-on-white-94266130.jpg,Soyabean leaf,329,470,JPEG,04f88f4fdef37fe2348dcae2cd96ecfe,103023351289349431,2407,1
soybean_healthy__124dca6b8d,train,soybean healthy,16,data/images/train/soybean_healthy/soybean_healthy__124dca6b8d.jpg,512,468,test,test/Soyabean leaf/stock-photo-soy-leaf-isolated-on-white-background-120961801.jpg,Soyabean leaf,1500,1372,JPEG,124dca6b8d743cc2f03f368d466ee38e,11819501574247481483,2409,1
soybean_healthy__15dd4d0cd9,train,soybean healthy,16,data/images/train/soybean_healthy/soybean_healthy__15dd4d0cd9.jpg,512,384,train,train/Soyabean leaf/asoybeanleafcloseup.JPG.jpg,Soyabean leaf,550,412,JPEG,15dd4d0cd964ae4b7edf3517d986f609,3692112991017384360,1289,1
soybean_healthy__16d7e8f8bd,train,soybean healthy,16,data/images/train/soybean_healthy/soybean_healthy__16d7e8f8bd.jpg,512,384,train,train/Soyabean leaf/DM-on-soy.jpg,Soyabean leaf,640,480,JPEG,16d7e8f8bd349e5d88587966314b3925,2314956194926639308,1270,1
soybean_healthy__199187e6ec,train,soybean healthy,16,data/images/train/soybean_healthy/soybean_healthy__199187e6ec.jpg,512,342,train,train/Soyabean leaf/glma4_leaf_001.jpg,Soyabean leaf,2048,1367,JPEG,199187e6ecad181696af738ca02cd3ee,8241809199067295984,1296,1
soybean_healthy__1b408e9e93,train,soybean healthy,16,data/images/train/soybean_healthy/soybean_healthy__1b408e9e93.jpg,512,384,train,train/Soyabean leaf/kdeficiency2.jpg,Soyabean leaf,800,600,JPEG,1b408e9e93d2ec9d5d35a93962ea01b7,1383504968992713595,1297,1
soybean_healthy__29967dd3e0,train,soybean healthy,16,data/images/train/soybean_healthy/soybean_healthy__29967dd3e0.jpg,512,418,train,train/Soyabean leaf/stock-photo-green-soy-leaves-in-the-field-agricultural-background-31501516.jpg,Soyabean leaf,1500,1225,JPEG,29967dd3e021070a4d6f76843768a38f,13301822939814708368,1315,1
soybean_healthy__300f240559,train,soybean healthy,16,data/images/train/soybean_healthy/soybean_healthy__300f240559.jpg,512,397,train,train/Soyabean leaf/KDeficientSoyBean.jpg,Soyabean leaf,1639,1272,JPEG,300f2405592115a57dcd9f2f881099cb,5834956312692388451,1276,1
soybean_healthy__32ecd4a16c,train,soybean healthy,16,data/images/train/soybean_healthy/soybean_healthy__32ecd4a16c.jpg,450,470,train,train/Soyabean leaf/stock-photo-fresh-soy-leaves-with-dew-isolated-on-white-416036248.jpg,Soyabean leaf,450,470,JPEG,32ecd4a16c2d95bb94f28b9b4e2423b2,10980955826640679318,1314,1
soybean_healthy__35b98bfabb,train,soybean healthy,16,data/images/train/soybean_healthy/soybean_healthy__35b98bfabb.jpg,493,512,test,test/Soyabean leaf/leaf-raspberry-isolated-on-a-white-stock-photography-image-10106222-1625198.jpg,Soyabean leaf,1252,1300,JPEG,35b98bfabb5ef7965b8ab05c21fa53cf,2885697017713468928,2405,1
soybean_healthy__3ada1dfae7,train,soybean healthy,16,data/images/train/soybean_healthy/soybean_healthy__3ada1dfae7.jpg,512,342,train,train/Soyabean leaf/Brown%20Spot%20-%20dark%20spots.jpg,Soyabean leaf,1280,856,JPEG,3ada1dfae7990b891944d1c9cdd35f0d,11543997462078551782,1269,1
soybean_healthy__3be18e1d2d,train,soybean healthy,16,data/images/train/soybean_healthy/soybean_healthy__3be18e1d2d.jpg,512,358,train,train/Soyabean leaf/a-mid-season-soybean-plants-leaves-show-virtually-no-insect-damage-cxy77t.jpg,Soyabean leaf,640,447,JPEG,3be18e1d2d52141c75102945cb428249,2049970043916753164,1286,1
soybean_healthy__3df08286a2,train,soybean healthy,16,data/images/train/soybean_healthy/soybean_healthy__3df08286a2.jpg,317,280,test,test/Soyabean leaf/fresh-soy-leaves-isolated-on-260nw-667193923.jpg,Soyabean leaf,317,280,JPEG,3df08286a260a54c78acbe83b455df58,2326757427859179538,2404,1
soybean_healthy__41292c4324,train,soybean healthy,16,data/images/train/soybean_healthy/soybean_healthy__41292c4324.jpg,512,340,train,train/Soyabean leaf/Soybean_leaves.jpg,Soyabean leaf,1024,680,JPEG,41292c43241fde395e3f99a8d97e2548,7919800501238555749,1285,1
soybean_healthy__42992d1e11,train,soybean healthy,16,data/images/train/soybean_healthy/soybean_healthy__42992d1e11.jpg,512,425,train,train/Soyabean leaf/soybean-potassium-deficiency-2.jpg,Soyabean leaf,1000,831,JPEG,42992d1e11cd00b4e12393ad4030e133,9783135797318822873,1307,1
soybean_healthy__43f1f32737,train,soybean healthy,16,data/images/train/soybean_healthy/soybean_healthy__43f1f32737.jpg,512,341,train,train/Soyabean leaf/soy-964327_960_720.jpg,Soyabean leaf,960,640,JPEG,43f1f32737262ce2cef11a7356e84b1c,1198169500955720083,1299,1
soybean_healthy__4538da378b,train,soybean healthy,16,data/images/train/soybean_healthy/soybean_healthy__4538da378b.jpg,512,391,train,train/Soyabean leaf/soybeans-glycine-max-with-leaves-e1hkcy.jpg,Soyabean leaf,640,489,JPEG,4538da378b0db3803d01fa6ed4b1a294,1250711100720349977,1310,1
soybean_healthy__4a4c1698f1,train,soybean healthy,16,data/images/train/soybean_healthy/soybean_healthy__4a4c1698f1.jpg,512,384,train,train/Soyabean leaf/Kdefsoybean.JPG.jpg,Soyabean leaf,683,512,JPEG,4a4c1698f1b7ccdafcc99b5bd56fd95c,14755672739764178316,1277,1
soybean_healthy__4ccb55dc56,train,soybean healthy,16,data/images/train/soybean_healthy/soybean_healthy__4ccb55dc56.jpg,512,397,train,train/Soyabean leaf/stock-photo-soybean-on-the-pod-with-leaves-for-healthy-eating-concept-62173117.jpg,Soyabean leaf,1500,1164,JPEG,4ccb55dc56e4b9073ae3310f5c6ca055,4614293353235546267,1320,1
soybean_healthy__4de8d04887,train,soybean healthy,16,data/images/train/soybean_healthy/soybean_healthy__4de8d04887.jpg,512,341,train,train/Soyabean leaf/6.8.12+Soybean+First+Trifoliate+Leaf.JPG.jpg,Soyabean leaf,1600,1067,JPEG,4de8d048878cd2315159758992adc2e3,5569911699956179763,1267,1
soybean_healthy__50656cbeb5,train,soybean healthy,16,data/images/train/soybean_healthy/soybean_healthy__50656cbeb5.jpg,512,341,train,train/Soyabean leaf/6898762496_5b9b6c22d3_z.jpg,Soyabean leaf,640,426,JPEG,50656cbeb55355d13a4322862875d962,10562637849479171789,1268,1
soybean_healthy__58de8eb803,train,soybean healthy,16,data/images/train/soybean_healthy/soybean_healthy__58de8eb803.jpg,502,402,train,train/Soyabean leaf/soybean-leaves-Aug-19-2013_thumb.jpg,Soyabean leaf,502,402,JPEG,58de8eb803a721d636d193456b1148f3,1976175206835930249,1304,1
soybean_healthy__637f6b16e8,train,soybean healthy,16,data/images/train/soybean_healthy/soybean_healthy__637f6b16e8.jpg,512,341,train,train/Soyabean leaf/IMG_1138.jpg,Soyabean leaf,5184,3456,JPEG,637f6b16e831f699ad6f445b624f1def,5389623293096718758,1271,1
soybean_healthy__698ff34542,train,soybean healthy,16,data/images/train/soybean_healthy/soybean_healthy__698ff34542.jpg,512,341,train,train/Soyabean leaf/soybean-leaf-picture-id136581201?s=612x612.jpg,Soyabean leaf,612,408,JPEG,698ff34542c404f25ac61e9ffe6ffd0b,15697541259456244522,1302,1
soybean_healthy__6c26f99747,train,soybean healthy,16,data/images/train/soybean_healthy/soybean_healthy__6c26f99747.jpg,512,342,train,train/Soyabean leaf/soybeans-leaves.jpg,Soyabean leaf,758,506,JPEG,6c26f99747e6d97d24b2c50e1f691a18,7881548221677368003,1311,1
soybean_healthy__70392bdd04,train,soybean healthy,16,data/images/train/soybean_healthy/soybean_healthy__70392bdd04.jpg,512,341,train,train/Soyabean leaf/IMG_4810.jpg,Soyabean leaf,3456,2304,JPEG,70392bdd044a5b651331c12fc4538107,13167174501669142566,1274,1
soybean_healthy__83cc014fe6,train,soybean healthy,16,data/images/train/soybean_healthy/soybean_healthy__83cc014fe6.jpg,336,512,test,test/Soyabean leaf/resistance1c.jpg,Soyabean leaf,447,682,JPEG,83cc014fe60136b7c11e041902d2f34c,8210335281190551683,2406,1
soybean_healthy__85eead4ca6,train,soybean healthy,16,data/images/train/soybean_healthy/soybean_healthy__85eead4ca6.jpg,450,399,train,train/Soyabean leaf/stock-photo-green-soy-pods-with-leaves-isolated-on-white-backgraund-310996559.jpg,Soyabean leaf,450,399,JPEG,85eead4ca68cd422262ef82c024f5c0b,9227185199202110486,1317,1
soybean_healthy__86857f4934,train,soybean healthy,16,data/images/train/soybean_healthy/soybean_healthy__86857f4934.jpg,450,459,train,train/Soyabean leaf/stock-photo-fresh-soy-leaves-isolated-on-white-224197243.jpg,Soyabean leaf,450,459,JPEG,86857f49340c027b26c0f0cd3a23118d,9657700121131549457,1312,1
soybean_healthy__89fdc84cd7,train,soybean healthy,16,data/images/train/soybean_healthy/soybean_healthy__89fdc84cd7.jpg,512,358,train,train/Soyabean leaf/a-mid-season-soybean-plants-leaves-show-virtually-no-insect-damage-cxy78f.jpg,Soyabean leaf,640,447,JPEG,89fdc84cd70a9e66bafed30e8212d937,12941546192584336548,1287,1
soybean_healthy__926fb18f8c,train,soybean healthy,16,data/images/train/soybean_healthy/soybean_healthy__926fb18f8c.jpg,450,329,train,train/Soyabean leaf/stock-photo-green-soybeans-leaf-on-white-background-450572512.jpg,Soyabean leaf,450,329,JPEG,926fb18f8cac90b7eafdb73c8e3eb588,10181810941616005791,1318,1
soybean_healthy__96c7a58eac,train,soybean healthy,16,data/images/train/soybean_healthy/soybean_healthy__96c7a58eac.jpg,512,385,train,train/Soyabean leaf/Soybean%20oil%20leaf2.JPG.jpg,Soyabean leaf,4048,3040,JPEG,96c7a58eaca02106f0ebaa3e3948daad,15608504945965503384,1283,1
soybean_healthy__99703c8ef1,train,soybean healthy,16,data/images/train/soybean_healthy/soybean_healthy__99703c8ef1.jpg,512,384,train,train/Soyabean leaf/soybean_leaves_01.jpg,Soyabean leaf,640,480,JPEG,99703c8ef1f6a8486cb45d0dae93eb32,8426921585819121716,1309,1
soybean_healthy__9e2bfcfdc9,train,soybean healthy,16,data/images/train/soybean_healthy/soybean_healthy__9e2bfcfdc9.jpg,512,341,test,test/Soyabean leaf/07feb_ma_sbr3.JPG.jpg,Soyabean leaf,1296,864,JPEG,9e2bfcfdc955116d9ffed63fd8407c5a,17923744626370905741,2402,1
soybean_healthy__a0957b7cfe,train,soybean healthy,16,data/images/train/soybean_healthy/soybean_healthy__a0957b7cfe.jpg,512,384,train,train/Soyabean leaf/kdeficiency4.jpg,Soyabean leaf,800,600,JPEG,a0957b7cfef80817eb596c10619ad562,2694217773328877931,1298,1
soybean_healthy__a457f20259,train,soybean healthy,16,data/images/train/soybean_healthy/soybean_healthy__a457f20259.jpg,512,340,train,train/Soyabean leaf/5834652565_6b00a70309_z.jpg,Soyabean leaf,640,425,JPEG,a457f202598a2ae6c3b869fb342aa261,11501021122269920669,1265,1
soybean_healthy__a7293a40d5,train,soybean healthy,16,data/images/train/soybean_healthy/soybean_healthy__a7293a40d5.jpg,512,385,test,test/Soyabean leaf/Soybean%20edamame%20leaf1.JPG.jpg,Soyabean leaf,4048,3040,JPEG,a7293a40d5d54a8e55fa04f46e270469,5497923503952963222,2403,1
soybean_healthy__a8373d32f1,train,soybean healthy,16,data/images/train/soybean_healthy/soybean_healthy__a8373d32f1.jpg,512,384,train,train/Soyabean leaf/487977347.jpg,Soyabean leaf,1998,1499,JPEG,a8373d32f1e4f1d50106cea196363417,6320505594422158956,1264,1
soybean_healthy__afcb90b8e1,train,soybean healthy,16,data/images/train/soybean_healthy/soybean_healthy__afcb90b8e1.jpg,396,470,train,train/Soyabean leaf/stock-photo-fresh-soy-leaves-isolated-on-white-93841699.jpg,Soyabean leaf,396,470,JPEG,afcb90b8e15f12706e586b345242ba74,11175712518876973339,1313,1
soybean_healthy__b16f5dc83f,train,soybean healthy,16,data/images/train/soybean_healthy/soybean_healthy__b16f5dc83f.jpg,450,356,train,train/Soyabean leaf/stock-photo-soy-plant-isolated-on-white-background-122414239.jpg,Soyabean leaf,450,356,JPEG,b16f5dc83f568c5e30267ea0015cc319,11837156449634690955,1319,1
soybean_healthy__b765969163,train,soybean healthy,16,data/images/train/soybean_healthy/soybean_healthy__b765969163.jpg,512,429,train,train/Soyabean leaf/downy-mildew-on-soybeans-2csq9n7.jpg,Soyabean leaf,2919,2448,JPEG,b765969163f9260235ec18a076f18eb9,14686042941011213239,1294,1
soybean_healthy__c3bb480eb3,train,soybean healthy,16,data/images/train/soybean_healthy/soybean_healthy__c3bb480eb3.jpg,512,422,train,train/Soyabean leaf/Soybean%20edamame%20leaf.JPG.jpg,Soyabean leaf,4048,3340,JPEG,c3bb480eb3320db115e4b254219972d5,14451081526534284046,1281,1
soybean_healthy__cacbcb9419,train,soybean healthy,16,data/images/train/soybean_healthy/soybean_healthy__cacbcb9419.jpg,502,402,train,train/Soyabean leaf/double-crop-soybean-leaves-Aug-19-2013_thumb.jpg,Soyabean leaf,502,402,JPEG,cacbcb94197405150a48d23966fe3098,12747102906915496322,1293,1
soybean_healthy__d27e638696,train,soybean healthy,16,data/images/train/soybean_healthy/soybean_healthy__d27e638696.jpg,512,341,train,train/Soyabean leaf/Soy-leaves-FAZ050-2015US-IL-Wuerffel-USNQ0F002-28DAB-Plot106b.jpg,Soyabean leaf,5184,3456,JPEG,d27e6386969f5039a4edcdc4fa841a5c,3110627432003610925,1280,1
soybean_healthy__d5c1a811e3,train,soybean healthy,16,data/images/train/soybean_healthy/soybean_healthy__d5c1a811e3.jpg,512,384,train,train/Soyabean leaf/agron10.jpg,Soyabean leaf,1280,960,JPEG,d5c1a811e3e20796c0f359615ba6dfab,7184253887533543114,1288,1
soybean_healthy__e36c974fce,train,soybean healthy,16,data/images/train/soybean_healthy/soybean_healthy__e36c974fce.jpg,512,465,train,train/Soyabean leaf/soybean-21357451.jpg,Soyabean leaf,1300,1180,JPEG,e36c974fcebd0248268f5b6fe25108f0,470453774723260341,1301,1
soybean_healthy__e42c525c5f,train,soybean healthy,16,data/images/train/soybean_healthy/soybean_healthy__e42c525c5f.jpg,512,342,train,train/Soyabean leaf/soybean-plant-seedling.jpg,Soyabean leaf,640,428,JPEG,e42c525c5fb2bfb13fbb6b76c5118f3d,10896212646587594992,1306,1
soybean_healthy__e697d95398,train,soybean healthy,16,data/images/train/soybean_healthy/soybean_healthy__e697d95398.jpg,512,341,train,train/Soyabean leaf/close-up-shot-of-soy-leaves-glistening-in-the-sunshine-picture-id157639700?s=612x612.jpg,Soyabean leaf,612,408,JPEG,e697d95398fe156dbb65eb358091f5ee,14105802867824450778,1290,1
soybean_healthy__e6b21c0242,train,soybean healthy,16,data/images/train/soybean_healthy/soybean_healthy__e6b21c0242.jpg,512,372,train,train/Soyabean leaf/soy-leaf-27914090.jpg,Soyabean leaf,800,581,JPEG,e6b21c0242aa29a8bbdbac1cc5335c9d,2595839262095123716,1300,1
soybean_healthy__ed59e1eb85,train,soybean healthy,16,data/images/train/soybean_healthy/soybean_healthy__ed59e1eb85.jpg,512,390,train,train/Soyabean leaf/detailed-view-single-soybean-leaf-very-green-crop-growing-field-43444691.jpg,Soyabean leaf,1300,991,JPEG,ed59e1eb85a19c9e56e31e849200825e,4849651546005835717,1292,1
soybean_healthy__f274325e90,train,soybean healthy,16,data/images/train/soybean_healthy/soybean_healthy__f274325e90.jpg,512,341,train,train/Soyabean leaf/6.15.12+Soybeans+V3.JPG.jpg,Soyabean leaf,1600,1067,JPEG,f274325e90d4c54851c4778ae9ac94c9,10467397571256981294,1266,1
soybean_healthy__fce1ceeab3,train,soybean healthy,16,data/images/train/soybean_healthy/soybean_healthy__fce1ceeab3.jpg,382,512,train,train/Soyabean leaf/SOYBEANS_2_1500x1500%253E.JPG?1474027789.jpg,Soyabean leaf,1120,1500,JPEG,fce1ceeab3735b09b62ac8c740b38ab1,6946493127065332647,1279,1
squash_powdery_mildew__03bbe45cc0,train,squash powdery mildew,17,data/images/train/squash_powdery_mildew/squash_powdery_mildew__03bbe45cc0.jpg,512,426,train,train/Squash Powdery mildew leaf/powdery-mildew-erysiphe-plantani-on-young-sycamore-leaves-b0ah25.jpg,Squash Powdery mildew leaf,640,533,JPEG,03bbe45cc00aceb834e0565d3ffb1169,2025899432316461839,1422,1
squash_powdery_mildew__03d6784e8b,train,squash powdery mildew,17,data/images/train/squash_powdery_mildew/squash_powdery_mildew__03d6784e8b.jpg,512,384,test,test/Squash Powdery mildew leaf/powdery-mildew-on-pumpkin-leaves-close-up-2.jpg,Squash Powdery mildew leaf,576,432,JPEG,03d6784e8ba0646419595430f98ee6a3,6402136065046515784,2412,1
squash_powdery_mildew__0cc9dea50c,train,squash powdery mildew,17,data/images/train/squash_powdery_mildew/squash_powdery_mildew__0cc9dea50c.jpg,384,512,train,train/Squash Powdery mildew leaf/16848460256_9787d1c251_z.jpg,Squash Powdery mildew leaf,480,640,JPEG,0cc9dea50cdc45ecf281618300df4f0a,15608946541668494159,1331,1
squash_powdery_mildew__0f7964493b,train,squash powdery mildew,17,data/images/train/squash_powdery_mildew/squash_powdery_mildew__0f7964493b.jpg,512,384,train,train/Squash Powdery mildew leaf/53cf2cffb466d325a61897ef320cfccf.jpg,Squash Powdery mildew leaf,519,389,JPEG,0f7964493b209269dd23822acdc6fc17,16486662718518521910,1341,1
squash_powdery_mildew__10e06baf8b,train,squash powdery mildew,17,data/images/train/squash_powdery_mildew/squash_powdery_mildew__10e06baf8b.jpg,512,410,train,train/Squash Powdery mildew leaf/628x471.jpg,Squash Powdery mildew leaf,588,471,JPEG,10e06baf8b1fde5156aa87dcf725030a,3761799579497935408,1343,1
squash_powdery_mildew__1bcbcd4cd7,train,squash powdery mildew,17,data/images/train/squash_powdery_mildew/squash_powdery_mildew__1bcbcd4cd7.jpg,338,512,train,train/Squash Powdery mildew leaf/1895543477_9d19ad5257_b.jpg,Squash Powdery mildew leaf,677,1024,JPEG,1bcbcd4cd7844a232f8770ea5420a3f1,3706995499996501594,1335,1
squash_powdery_mildew__1d710938dd,train,squash powdery mildew,17,data/images/train/squash_powdery_mildew/squash_powdery_mildew__1d710938dd.jpg,189,266,train,train/Squash Powdery mildew leaf/dc4cfbd6f94d0435ab166a06acb1cde0.jpg,Squash Powdery mildew leaf,189,266,JPEG,1d710938dd332e7c0924cd2b5bfec974,12031023180060126213,1398,1
squash_powdery_mildew__1e5b1cddb0,train,squash powdery mildew,17,data/images/train/squash_powdery_mildew/squash_powdery_mildew__1e5b1cddb0.jpg,512,442,train,train/Squash Powdery mildew leaf/powderymildew-669x578.jpg,Squash Powdery mildew leaf,669,578,JPEG,1e5b1cddb020c9cb2a988a0ef3cb4bb2,14684154366007997030,1426,1
squash_powdery_mildew__2170e51216,train,squash powdery mildew,17,data/images/train/squash_powdery_mildew/squash_powdery_mildew__2170e51216.jpg,512,480,train,train/Squash Powdery mildew leaf/Powdery-Mildew-Squash.jpg,Squash Powdery mildew leaf,600,562,JPEG,2170e512168eced18c1a9ba138ebb166,877327622092326046,1383,1
squash_powdery_mildew__240ea964a5,train,squash powdery mildew,17,data/images/train/squash_powdery_mildew/squash_powdery_mildew__240ea964a5.jpg,512,342,train,train/Squash Powdery mildew leaf/IMG_4003.jpg,Squash Powdery mildew leaf,4027,2692,JPEG,240ea964a51fbcd7fede609afb768e05,798886157200384995,1367,1
squash_powdery_mildew__241cba397e,train,squash powdery mildew,17,data/images/train/squash_powdery_mildew/squash_powdery_mildew__241cba397e.jpg,400,300,train,train/Squash Powdery mildew leaf/753654f7cda1b097ab6048c5d4b44b8a.jpg,Squash Powdery mildew leaf,400,300,JPEG,241cba397e97416ed0f768d9570f17bc,15659984232534525636,1346,1
squash_powdery_mildew__2b4b79e746,train,squash powdery mildew,17,data/images/train/squash_powdery_mildew/squash_powdery_mildew__2b4b79e746.jpg,512,384,train,train/Squash Powdery mildew leaf/powdery-mildew-pea-leaf.jpg,Squash Powdery mildew leaf,800,600,JPEG,2b4b79e746619de569c0efc3af5ec4d1,3744877187396952136,1424,1
squash_powdery_mildew__2ca4b5f671,train,squash powdery mildew,17,data/images/train/squash_powdery_mildew/squash_powdery_mildew__2ca4b5f671.jpg,512,384,train,train/Squash Powdery mildew leaf/pm+001.JPG.jpg,Squash Powdery mildew leaf,1600,1200,JPEG,2ca4b5f671edbf9df929b12892cc9546,332056847243635820,1416,1
squash_powdery_mildew__2f17dae294,train,squash powdery mildew,17,data/images/train/squash_powdery_mildew/squash_powdery_mildew__2f17dae294.jpg,448,320,test,test/Squash Powdery mildew leaf/powdery-mildew-sphaerotheca-fuliginea-infection-on-pumpkin-leaves-ajdkkx.jpg,Squash Powdery mildew leaf,448,320,JPEG,2f17dae294909087db469e78abc3dd50,113030552757050246,2413,1
squash_powdery_mildew__33724d46d5,train,squash powdery mildew,17,data/images/train/squash_powdery_mildew/squash_powdery_mildew__33724d46d5.jpg,512,384,train,train/Squash Powdery mildew leaf/IMG_0702.jpg,Squash Powdery mildew leaf,600,450,JPEG,33724d46d5d10d4440d60d00489308e4,3743569759199387937,1361,1
squash_powdery_mildew__377e650c34,train,squash powdery mildew,17,data/images/train/squash_powdery_mildew/squash_powdery_mildew__377e650c34.jpg,512,377,train,train/Squash Powdery mildew leaf/curcurbit-powdery-mildew-erysiphe-cichoracearum-showing-development-BMMRPG.jpg,Squash Powdery mildew leaf,1300,956,JPEG,377e650c34f03da646d799d84e719e7b,16945164620928138255,1396,1
squash_powdery_mildew__38b3e1f9c4,train,squash powdery mildew,17,data/images/train/squash_powdery_mildew/squash_powdery_mildew__38b3e1f9c4.jpg,300,300,train,train/Squash Powdery mildew leaf/powderymildew_300.jpg,Squash Powdery mildew leaf,300,300,JPEG,38b3e1f9c4533fa682c35ad6c1a4bfe7,7528435502893616588,1428,1
squash_powdery_mildew__39935b6fb4,train,squash powdery mildew,17,data/images/train/squash_powdery_mildew/squash_powdery_mildew__39935b6fb4.jpg,512,384,train,train/Squash Powdery mildew leaf/IMG_1725.JPG.jpg,Squash Powdery mildew leaf,1600,1200,JPEG,39935b6fb47041a6fe64daea5824be7d,2622448269020548196,1362,1
squash_powdery_mildew__3e5afe1f04,train,squash powdery mildew,17,data/images/train/squash_powdery_mildew/squash_powdery_mildew__3e5afe1f04.jpg,512,343,train,train/Squash Powdery mildew leaf/pm-squash-big.jpg,Squash Powdery mildew leaf,767,514,JPEG,3e5afe1f04c3e926941f5abf33868700,10608564343384820168,1418,1
squash_powdery_mildew__3ef21f67dd,train,squash powdery mildew,17,data/images/train/squash_powdery_mildew/squash_powdery_mildew__3ef21f67dd.jpg,512,384,train,train/Squash Powdery mildew leaf/L1360830copyrightTendingMyGarden.com-first-signs-of-powdery-mildew.jpg,Squash Powdery mildew leaf,800,600,JPEG,3ef21f67dd9232280dde5bbc946751a3,5281612439042845129,1373,1
squash_powdery_mildew__4100102413,train,squash powdery mildew,17,data/images/train/squash_powdery_mildew/squash_powdery_mildew__4100102413.jpg,512,384,test,test/Squash Powdery mildew leaf/squash-leave-w-powd-mild.jpg,Squash Powdery mildew leaf,4000,3000,JPEG,41001024130eba49f22931a31daef3f1,7055017170715862499,2414,1
squash_powdery_mildew__4381d681da,train,squash powdery mildew,17,data/images/train/squash_powdery_mildew/squash_powdery_mildew__4381d681da.jpg,512,341,train,train/Squash Powdery mildew leaf/4e55f05d945952cfad9ce97ca444c389.jpg,Squash Powdery mildew leaf,736,490,JPEG,4381d681daa8fc941c39aee0531734e5,11501814878400046384,1340,1
squash_powdery_mildew__443d8038ff,train,squash powdery mildew,17,data/images/train/squash_powdery_mildew/squash_powdery_mildew__443d8038ff.jpg,370,512,train,train/Squash Powdery mildew leaf/B9230061-Powdery_Mildew_on_Squash_Leaf-SPL.jpg,Squash Powdery mildew leaf,578,800,JPEG,443d8038ffa81f90c0a6a50a4bd98399,16638488165311171801,1353,1
squash_powdery_mildew__48129dc876,train,squash powdery mildew,17,data/images/train/squash_powdery_mildew/squash_powdery_mildew__48129dc876.jpg,432,332,test,test/Squash Powdery mildew leaf/surface.jpg,Squash Powdery mildew leaf,432,332,JPEG,48129dc876fb08000ce694eb343f83ef,16207533085062649944,2415,1
squash_powdery_mildew__4861ae2c22,train,squash powdery mildew,17,data/images/train/squash_powdery_mildew/squash_powdery_mildew__4861ae2c22.jpg,512,330,train,train/Squash Powdery mildew leaf/Healthy+squash+leaves.jpg,Squash Powdery mildew leaf,1600,1030,JPEG,4861ae2c22699332e5b05f51cf5d409b,15272764391562465938,1360,1
squash_powdery_mildew__488c77bd86,train,squash powdery mildew,17,data/images/train/squash_powdery_mildew/squash_powdery_mildew__488c77bd86.jpg,512,403,train,train/Squash Powdery mildew leaf/pm-001.jpg,Squash Powdery mildew leaf,986,776,JPEG,488c77bd8616e3e0f6ec8670277ec1a2,16416092181291894430,1417,1
squash_powdery_mildew__4afa344570,train,squash powdery mildew,17,data/images/train/squash_powdery_mildew/squash_powdery_mildew__4afa344570.jpg,512,384,train,train/Squash Powdery mildew leaf/IMG_1726.JPG.jpg,Squash Powdery mildew leaf,1600,1200,JPEG,4afa3445704168741cc42b3f2a8215e9,11213287337376889912,1363,1
squash_powdery_mildew__4c1687518e,train,squash powdery mildew,17,data/images/train/squash_powdery_mildew/squash_powdery_mildew__4c1687518e.jpg,400,300,train,train/Squash Powdery mildew leaf/3761.400x400_0_0.jpeg.jpg,Squash Powdery mildew leaf,400,300,JPEG,4c1687518e3efd423aba6da7aee15d22,14757421458603159696,1337,1
squash_powdery_mildew__5458bc11da,train,squash powdery mildew,17,data/images/train/squash_powdery_mildew/squash_powdery_mildew__5458bc11da.jpg,512,342,train,train/Squash Powdery mildew leaf/white-powdery-mildew-leaves.jpg,Squash Powdery mildew leaf,550,367,JPEG,5458bc11dadce224d5002368b0e524a6,10426452580796332252,1440,1
squash_powdery_mildew__54a052c581,train,squash powdery mildew,17,data/images/train/squash_powdery_mildew/squash_powdery_mildew__54a052c581.jpg,512,341,train,train/Squash Powdery mildew leaf/Get-Rid-of-Mold-or-Powdery-Mildew-on-Squash-and-Cucumbers3-1.jpg,Squash Powdery mildew leaf,800,533,JPEG,54a052c581ea659e153efbd5302b61a3,12018415113316366355,1359,1
squash_powdery_mildew__54f88befa0,train,squash powdery mildew,17,data/images/train/squash_powdery_mildew/squash_powdery_mildew__54f88befa0.jpg,384,512,train,train/Squash Powdery mildew leaf/Powdery+Milew+Squash+003.jpg,Squash Powdery mildew leaf,1200,1600,JPEG,54f88befa02e6f636899e9e92760f549,8788744863382862143,1382,1
squash_powdery_mildew__594acf6535,train,squash powdery mildew,17,data/images/train/squash_powdery_mildew/squash_powdery_mildew__594acf6535.jpg,512,320,train,train/Squash Powdery mildew leaf/dusty-mildew-on-plants-powdery-mildew-on-a-courgette-leaf-treat-downy-mildew-plants-controlling-powdery-mildew-on-squash-plants.jpg,Squash Powdery mildew leaf,800,500,JPEG,594acf6535568644ee50c136618847b7,17998746104419868787,1402,1
squash_powdery_mildew__66bf6e70ca,train,squash powdery mildew,17,data/images/train/squash_powdery_mildew/squash_powdery_mildew__66bf6e70ca.jpg,512,442,train,train/Squash Powdery mildew leaf/DSC_0183.JPG.jpg,Squash Powdery mildew leaf,1600,1381,JPEG,66bf6e70ca8f32bee6909f351755031e,11872826458800451636,1357,1
squash_powdery_mildew__66f5d3d191,train,squash powdery mildew,17,data/images/train/squash_powdery_mildew/squash_powdery_mildew__66f5d3d191.jpg,384,512,train,train/Squash Powdery mildew leaf/Powdery1.jpg,Squash Powdery mildew leaf,768,1024,JPEG,66f5d3d191d1c301b388651e86b10209,7454550226303444584,1387,1
squash_powdery_mildew__67532d7a5c,train,squash powdery mildew,17,data/images/train/squash_powdery_mildew/squash_powdery_mildew__67532d7a5c.jpg,512,239,train,train/Squash Powdery mildew leaf/squash-powdery-mildew-2.jpg,Squash Powdery mildew leaf,750,350,JPEG,67532d7a5cb4c33be311dd6156f4b0c2,11428619187928494304,1434,1
squash_powdery_mildew__683137b272,train,squash powdery mildew,17,data/images/train/squash_powdery_mildew/squash_powdery_mildew__683137b272.jpg,512,340,train,train/Squash Powdery mildew leaf/Squash_PowderMildew.jpg,Squash Powdery mildew leaf,1500,997,JPEG,683137b2729960604735a07412c1815c,10055175799050913992,1390,1
squash_powdery_mildew__6a583d7f0d,train,squash powdery mildew,17,data/images/train/squash_powdery_mildew/squash_powdery_mildew__6a583d7f0d.jpg,512,341,train,train/Squash Powdery mildew leaf/P1080620.JPG.jpg,Squash Powdery mildew leaf,1600,1065,JPEG,6a583d7f0da15cb3997ac15c2bcde2e9,11041445566921251611,1376,1
squash_powdery_mildew__6b168052b7,train,squash powdery mildew,17,data/images/train/squash_powdery_mildew/squash_powdery_mildew__6b168052b7.jpg,512,239,train,train/Squash Powdery mildew leaf/squash-powdery-mildew-3.jpg,Squash Powdery mildew leaf,750,350,JPEG,6b168052b7c9db10170b9a5d6e2c47b1,15746491738649580766,1435,1
squash_powdery_mildew__6cc15306ea,train,squash powdery mildew,17,data/images/train/squash_powdery_mildew/squash_powdery_mildew__6cc15306ea.jpg,512,410,train,train/Squash Powdery mildew leaf/powmil.jpg,Squash Powdery mildew leaf,640,512,JPEG,6cc15306ea96ee0ffbde2f9caad68fdd,234980560725619266,1431,1
squash_powdery_mildew__702dd09947,train,squash powdery mildew,17,data/images/train/squash_powdery_mildew/squash_powdery_mildew__702dd09947.jpg,512,351,train,train/Squash Powdery mildew leaf/pmild1_600px.jpg,Squash Powdery mildew leaf,600,411,JPEG,702dd09947f3aa79064d1981e8f759ee,17782409836878449981,1419,1
squash_powdery_mildew__729d66a0d1,train,squash powdery mildew,17,data/images/train/squash_powdery_mildew/squash_powdery_mildew__729d66a0d1.jpg,384,512,train,train/Squash Powdery mildew leaf/16874340125_eb222f747b_z.jpg,Squash Powdery mildew leaf,480,640,JPEG,729d66a0d141a198b5c18bc26b61417a,1232682665701397201,1332,1
squash_powdery_mildew__7320faafa3,train,squash powdery mildew,17,data/images/train/squash_powdery_mildew/squash_powdery_mildew__7320faafa3.jpg,489,512,test,test/Squash Powdery mildew leaf/powdery-mildew-erysiphe-plantani-on-young-sycamore-leaves-b774tm.jpg,Squash Powdery mildew leaf,516,540,JPEG,7320faafa321cb23c6f1e94ed548738f,14015889822712447235,2411,1
squash_powdery_mildew__75699676b5,train,squash powdery mildew,17,data/images/train/squash_powdery_mildew/squash_powdery_mildew__75699676b5.jpg,498,512,train,train/Squash Powdery mildew leaf/Powdery+Mildew+Control.jpg,Squash Powdery mildew leaf,549,565,JPEG,75699676b5022e6ea474151215e387a3,17709442457374164508,1380,1
squash_powdery_mildew__7744338050,train,squash powdery mildew,17,data/images/train/squash_powdery_mildew/squash_powdery_mildew__7744338050.jpg,512,384,train,train/Squash Powdery mildew leaf/IMG_5457.jpg,Squash Powdery mildew leaf,1600,1200,JPEG,7744338050bf4d9cff9d4ae2946018c9,8298274622867121213,1368,1
squash_powdery_mildew__7a17d18d7e,train,squash powdery mildew,17,data/images/train/squash_powdery_mildew/squash_powdery_mildew__7a17d18d7e.jpg,512,384,train,train/Squash Powdery mildew leaf/10_22-jul-11_f11.jpg,Squash Powdery mildew leaf,2560,1920,JPEG,7a17d18d7ef30e622623eeb4382210f6,16631244462598389499,1323,1
squash_powdery_mildew__7b794c8293,train,squash powdery mildew,17,data/images/train/squash_powdery_mildew/squash_powdery_mildew__7b794c8293.jpg,512,340,train,train/Squash Powdery mildew leaf/cucurbit-squash_powdery-mildew-2L.jpg,Squash Powdery mildew leaf,700,465,JPEG,7b794c82939d5a524384e779b5c0492c,15322572727508084578,1395,1
squash_powdery_mildew__810887546f,train,squash powdery mildew,17,data/images/train/squash_powdery_mildew/squash_powdery_mildew__810887546f.jpg,480,360,train,train/Squash Powdery mildew leaf/hqdefault.jpg,Squash Powdery mildew leaf,480,360,JPEG,810887546f36783fcacdfe456d730663,11221239201444708741,1407,1
squash_powdery_mildew__817526d231,train,squash powdery mildew,17,data/images/train/squash_powdery_mildew/squash_powdery_mildew__817526d231.jpg,384,512,train,train/Squash Powdery mildew leaf/16775706591_0c1263e4b6_z.jpg,Squash Powdery mildew leaf,480,640,JPEG,817526d23127c06ac1d73202435dfc04,13397290313595957151,1330,1
squash_powdery_mildew__83e0ba1df9,train,squash powdery mildew,17,data/images/train/squash_powdery_mildew/squash_powdery_mildew__83e0ba1df9.jpg,512,341,train,train/Squash Powdery mildew leaf/Get-Rid-of-Mold-or-Powdery-Mildew-on-Squash-and-Cucumbers1-1.jpg,Squash Powdery mildew leaf,800,533,JPEG,83e0ba1df963ca539df861bbc6c0300b,12134639974979104820,1358,1
squash_powdery_mildew__84dcbf7e3a,train,squash powdery mildew,17,data/images/train/squash_powdery_mildew/squash_powdery_mildew__84dcbf7e3a.jpg,512,342,train,train/Squash Powdery mildew leaf/IMG_3829-1024x684.jpg,Squash Powdery mildew leaf,1024,684,JPEG,84dcbf7e3ab1e101e63d252d24651710,8111024356767802665,1366,1
squash_powdery_mildew__8be3b9143f,train,squash powdery mildew,17,data/images/train/squash_powdery_mildew/squash_powdery_mildew__8be3b9143f.jpg,384,512,train,train/Squash Powdery mildew leaf/Pea-leaves-with-powdery-mildew.jpg,Squash Powdery mildew leaf,567,756,JPEG,8be3b9143f0734608d24aa89c69776ce,3388704558051183662,1379,1
squash_powdery_mildew__8e1eed9ec6,train,squash powdery mildew,17,data/images/train/squash_powdery_mildew/squash_powdery_mildew__8e1eed9ec6.jpg,400,300,train,train/Squash Powdery mildew leaf/1846.400x400_4.jpeg?itok=845CLslG.jpg,Squash Powdery mildew leaf,400,300,JPEG,8e1eed9ec60cff17231622b98a315eba,10651167929094267501,1333,1
squash_powdery_mildew__9173c95421,train,squash powdery mildew,17,data/images/train/squash_powdery_mildew/squash_powdery_mildew__9173c95421.jpg,512,384,train,train/Squash Powdery mildew leaf/Aug+16+2010+051.jpg,Squash Powdery mildew leaf,1600,1200,JPEG,9173c954211ceed3587e2057afa886e3,18082451427163731401,1344,2
squash_powdery_mildew__93de7a5edd,train,squash powdery mildew,17,data/images/train/squash_powdery_mildew/squash_powdery_mildew__93de7a5edd.jpg,512,384,train,train/Squash Powdery mildew leaf/dscn2512.jpg,Squash Powdery mildew leaf,4320,3240,JPEG,93de7a5edd68e83220d4c451ae726449,705062605259727714,1399,1
squash_powdery_mildew__94ab23194f,train,squash powdery mildew,17,data/images/train/squash_powdery_mildew/squash_powdery_mildew__94ab23194f.jpg,512,384,train,train/Squash Powdery mildew leaf/DSC05433.JPG.jpg,Squash Powdery mildew leaf,1600,1200,JPEG,94ab23194f2cac7eef2473cc6d6b7e2b,2771955358795442918,1356,1
squash_powdery_mildew__9c585aeaec,train,squash powdery mildew,17,data/images/train/squash_powdery_mildew/squash_powdery_mildew__9c585aeaec.jpg,512,383,test,test/Squash Powdery mildew leaf/Powdery-Mildew-on-squash.jpg,Squash Powdery mildew leaf,800,598,JPEG,9c585aeaec082f8ada2523f6aa37253a,5365604522554308787,2410,1
squash_powdery_mildew__9ce45d2469,train,squash powdery mildew,17,data/images/train/squash_powdery_mildew/squash_powdery_mildew__9ce45d2469.jpg,512,384,train,train/Squash Powdery mildew leaf/powderymildewcucurb-jallen.jpg,Squash Powdery mildew leaf,1280,960,JPEG,9ce45d2469c0ab9e8245d0512fad8d6c,9926993249275580708,1429,1
squash_powdery_mildew__a1fe1558a6,train,squash powdery mildew,17,data/images/train/squash_powdery_mildew/squash_powdery_mildew__a1fe1558a6.jpg,512,288,train,train/Squash Powdery mildew leaf/Powdery-mildew-on-pumpkin-leaf-for-web.jpg,Squash Powdery mildew leaf,896,504,JPEG,a1fe1558a6a4f75153b6ed8379dd8ce1,7307498008036821092,1386,1
squash_powdery_mildew__a6054e2400,train,squash powdery mildew,17,data/images/train/squash_powdery_mildew/squash_powdery_mildew__a6054e2400.jpg,512,384,train,train/Squash Powdery mildew leaf/IMG_1802-1024x768.jpg,Squash Powdery mildew leaf,1024,768,JPEG,a6054e24007642a2e3a884049eb6d88d,8681936016040517682,1364,1
squash_powdery_mildew__a6e444665d,train,squash powdery mildew,17,data/images/train/squash_powdery_mildew/squash_powdery_mildew__a6e444665d.jpg,512,341,train,train/Squash Powdery mildew leaf/dusty-mildew-on-plants-control-powdery-mildew-identifying-powdery-mildew-plant-spray-powdery-mildew-jade-plant-treatment.jpg,Squash Powdery mildew leaf,800,533,JPEG,a6e444665d27cb3127730dea73660d87,12658507157210946648,1400,1
squash_powdery_mildew__a73799a517,train,squash powdery mildew,17,data/images/train/squash_powdery_mildew/squash_powdery_mildew__a73799a517.jpg,512,269,train,train/Squash Powdery mildew leaf/Aug+22+052.jpg,Squash Powdery mildew leaf,1200,630,JPEG,a73799a5170a35447a22165a755ad6c0,15693290794881607223,1352,1
squash_powdery_mildew__abc30b387c,train,squash powdery mildew,17,data/images/train/squash_powdery_mildew/squash_powdery_mildew__abc30b387c.jpg,512,384,train,train/Squash Powdery mildew leaf/powderymildewpumpkinaiyura6151.jpg,Squash Powdery mildew leaf,900,675,JPEG,abc30b387c82e2a9de3c21c731aa736f,16855375654913384771,1430,1
squash_powdery_mildew__ac51aede36,train,squash powdery mildew,17,data/images/train/squash_powdery_mildew/squash_powdery_mildew__ac51aede36.jpg,512,449,train,train/Squash Powdery mildew leaf/4-lagenaria_pdic.jpg,Squash Powdery mildew leaf,600,526,JPEG,ac51aede366e7ee9728941e76ea2b623,8034267754926358203,1338,1
squash_powdery_mildew__ad7b2ed7ab,train,squash powdery mildew,17,data/images/train/squash_powdery_mildew/squash_powdery_mildew__ad7b2ed7ab.jpg,512,384,train,train/Squash Powdery mildew leaf/PMSquashBHedlundHerndonVA2006-1y47tkc.jpg,Squash Powdery mildew leaf,2816,2112,JPEG,ad7b2ed7abb32a3c828b655ab285a002,5497884025217072090,1378,1
squash_powdery_mildew__aee445a166,train,squash powdery mildew,17,data/images/train/squash_powdery_mildew/squash_powdery_mildew__aee445a166.jpg,512,269,train,train/Squash Powdery mildew leaf/bfb5b4fb0d9a0dbe476ca7002b41fe4d.jpg,Squash Powdery mildew leaf,600,315,JPEG,aee445a1666ffa678aafd240bd38ede4,10277812538156030196,1393,1
squash_powdery_mildew__b04235d7b3,train,squash powdery mildew,17,data/images/train/squash_powdery_mildew/squash_powdery_mildew__b04235d7b3.jpg,512,384,train,train/Squash Powdery mildew leaf/4917901551206400.jpeg.jpg,Squash Powdery mildew leaf,800,600,JPEG,b04235d7b3a5c21ec1c7008189dc2069,17430096196692392297,1339,1
squash_powdery_mildew__b6556dfa4a,train,squash powdery mildew,17,data/images/train/squash_powdery_mildew/squash_powdery_mildew__b6556dfa4a.jpg,512,288,train,train/Squash Powdery mildew leaf/powdery-mildew-on-squash-plants-you-can-prevent-powdery-mildew-disease-by-avoiding-overhead-sprinkling-and-watering-in-the-morning-rather-than-evening-forum-news-service-file-photo-what-causes-powdery.jpg,Squash Powdery mildew leaf,620,349,JPEG,b6556dfa4a4a3d35e2b5099b1256c169,10853273396717213389,1423,1
squash_powdery_mildew__b6842456f9,train,squash powdery mildew,17,data/images/train/squash_powdery_mildew/squash_powdery_mildew__b6842456f9.jpg,512,384,train,train/Squash Powdery mildew leaf/Powdery-mildew-on-pumpkin-leaf-1024x768.jpg,Squash Powdery mildew leaf,1024,768,JPEG,b6842456f9664177f060275bab2f4f47,17501817050363909320,1385,1
squash_powdery_mildew__b743ef9b77,train,squash powdery mildew,17,data/images/train/squash_powdery_mildew/squash_powdery_mildew__b743ef9b77.jpg,512,341,train,train/Squash Powdery mildew leaf/130813-01-17828-lg.jpg,Squash Powdery mildew leaf,1500,1000,JPEG,b743ef9b77473af57f6176f959b01c95,3041729401569521810,1324,1
squash_powdery_mildew__b934872f8a,train,squash powdery mildew,17,data/images/train/squash_powdery_mildew/squash_powdery_mildew__b934872f8a.jpg,512,384,train,train/Squash Powdery mildew leaf/severe%20PM%20at%20MHRI%202013%20%2821%29.JPG.jpg,Squash Powdery mildew leaf,3648,2736,JPEG,b934872f8a5228e7710a9beff393c81f,2840611798349061019,1432,1
squash_powdery_mildew__b93a840d49,train,squash powdery mildew,17,data/images/train/squash_powdery_mildew/squash_powdery_mildew__b93a840d49.jpg,329,512,train,train/Squash Powdery mildew leaf/woman-cutting-off-yellow-summer-squash-leaves-with-powdery-mildew-eef3dd.jpg,Squash Powdery mildew leaf,347,540,JPEG,b93a840d490acf0a2b1faf8e7c8641c5,650263491461025924,1442,1
squash_powdery_mildew__ba3f12f830,train,squash powdery mildew,17,data/images/train/squash_powdery_mildew/squash_powdery_mildew__ba3f12f830.jpg,512,342,train,train/Squash Powdery mildew leaf/7e565dd05211332ae896198afc622054.jpg,Squash Powdery mildew leaf,640,427,JPEG,ba3f12f83070465f12b2d5b6b6f04166,2106827541174270969,1347,1
squash_powdery_mildew__ba4db1f027,train,squash powdery mildew,17,data/images/train/squash_powdery_mildew/squash_powdery_mildew__ba4db1f027.jpg,512,384,train,train/Squash Powdery mildew leaf/5HttOvj.jpg,Squash Powdery mildew leaf,4160,3120,JPEG,ba4db1f0277338139d88fd0a46811a7c,3656452636063825646,1342,1
squash_powdery_mildew__c1e6778418,train,squash powdery mildew,17,data/images/train/squash_powdery_mildew/squash_powdery_mildew__c1e6778418.jpg,384,512,train,train/Squash Powdery mildew leaf/16569580047_a720c56ee0_z.jpg,Squash Powdery mildew leaf,480,640,JPEG,c1e677841879b1644c5e7df92adfcdcd,15634462467777529389,1328,1
squash_powdery_mildew__c579b96b63,train,squash powdery mildew,17,data/images/train/squash_powdery_mildew/squash_powdery_mildew__c579b96b63.jpg,512,384,train,train/Squash Powdery mildew leaf/p1070616.jpg,Squash Powdery mildew leaf,2560,1920,JPEG,c579b96b63286e32f01dab779b1d3dad,14764288075822173838,1414,1
squash_powdery_mildew__c6de855d3a,train,squash powdery mildew,17,data/images/train/squash_powdery_mildew/squash_powdery_mildew__c6de855d3a.jpg,500,375,train,train/Squash Powdery mildew leaf/file.php?id=16321&t=1.jpg,Squash Powdery mildew leaf,500,375,JPEG,c6de855d3ab644c206b2a15e40f32359,659828172107893804,1404,1
squash_powdery_mildew__ca257f0668,train,squash powdery mildew,17,data/images/train/squash_powdery_mildew/squash_powdery_mildew__ca257f0668.jpg,512,344,train,train/Squash Powdery mildew leaf/8%2BPowdery%2Bmildew%2Bzucchini-1.JPG.jpg,Squash Powdery mildew leaf,1600,1074,JPEG,ca257f06688deb6a488d25ff53f7aa04,15100737752933823281,1348,1
squash_powdery_mildew__cadc111e39,train,squash powdery mildew,17,data/images/train/squash_powdery_mildew/squash_powdery_mildew__cadc111e39.jpg,512,512,train,train/Squash Powdery mildew leaf/16488048256_f64cfea40e_z.jpg,Squash Powdery mildew leaf,640,640,JPEG,cadc111e3961790907fde5cd5dfc8639,2634199678137692515,1327,1
squash_powdery_mildew__cf920695e0,train,squash powdery mildew,17,data/images/train/squash_powdery_mildew/squash_powdery_mildew__cf920695e0.jpg,512,384,train,train/Squash Powdery mildew leaf/powderymildew-on-squash.jpg,Squash Powdery mildew leaf,831,623,JPEG,cf920695e0533a42f8deeb0384435f45,9150428867177490472,1427,1
squash_powdery_mildew__d02c04ce05,train,squash powdery mildew,17,data/images/train/squash_powdery_mildew/squash_powdery_mildew__d02c04ce05.jpg,512,384,train,train/Squash Powdery mildew leaf/16459846140_4f0a2762e3_z.jpg,Squash Powdery mildew leaf,640,480,JPEG,d02c04ce0590d7438c23a17297783c0e,12658542375977376919,1326,1
squash_powdery_mildew__d1e590aee9,train,squash powdery mildew,17,data/images/train/squash_powdery_mildew/squash_powdery_mildew__d1e590aee9.jpg,400,300,train,train/Squash Powdery mildew leaf/P8230073.JPG.jpg,Squash Powdery mildew leaf,400,300,JPEG,d1e590aee956177780a69b3d08b9e83c,7548423797787368556,1377,1
squash_powdery_mildew__d6fb99d409,train,squash powdery mildew,17,data/images/train/squash_powdery_mildew/squash_powdery_mildew__d6fb99d409.jpg,512,339,train,train/Squash Powdery mildew leaf/mildew-on-leaf.jpg,Squash Powdery mildew leaf,1024,677,JPEG,d6fb99d4091cb2656e5f6ad994347717,15688491853552343268,1410,1
squash_powdery_mildew__d8076b22bd,train,squash powdery mildew,17,data/images/train/squash_powdery_mildew/squash_powdery_mildew__d8076b22bd.jpg,512,347,train,train/Squash Powdery mildew leaf/dusty-mildew-on-plants-downy-mildew-zucchini-plants-powdery-mildew-treatment-tomato-plants.jpg,Squash Powdery mildew leaf,575,390,JPEG,d8076b22bd47c9bfd4e13ff200fe20be,1878722817641992345,1401,1
squash_powdery_mildew__d8365736cc,train,squash powdery mildew,17,data/images/train/squash_powdery_mildew/squash_powdery_mildew__d8365736cc.jpg,448,336,train,train/Squash Powdery mildew leaf/PowderyMildewSquashPlant12010.jpg,Squash Powdery mildew leaf,448,336,JPEG,d8365736cc8bb20d24c4346fa9b2ebf2,14420922691234186306,1388,1
squash_powdery_mildew__d897bef028,train,squash powdery mildew,17,data/images/train/squash_powdery_mildew/squash_powdery_mildew__d897bef028.jpg,512,339,train,train/Squash Powdery mildew leaf/Powdery_Mildew_Squash.jpg,Squash Powdery mildew leaf,1000,662,JPEG,d897bef02861d75fb7793989122ee910,13738127087538259161,1389,1
squash_powdery_mildew__d9ffa101e7,train,squash powdery mildew,17,data/images/train/squash_powdery_mildew/squash_powdery_mildew__d9ffa101e7.jpg,512,239,train,train/Squash Powdery mildew leaf/squash-plant-identification-squash-powdery-mildew-garden-squash-varieties-pictures.jpg,Squash Powdery mildew leaf,750,350,JPEG,d9ffa101e7e2ab61dc401e3f6e55311c,3722749870602314564,1433,2
squash_powdery_mildew__dbb50ab97f,train,squash powdery mildew,17,data/images/train/squash_powdery_mildew/squash_powdery_mildew__dbb50ab97f.jpg,512,384,train,train/Squash Powdery mildew leaf/img_0963.jpg,Squash Powdery mildew leaf,2816,2112,JPEG,dbb50ab97f5dca2a993c284d7865ca6a,11592512764678556908,1409,1
squash_powdery_mildew__e0e704bf15,train,squash powdery mildew,17,data/images/train/squash_powdery_mildew/squash_powdery_mildew__e0e704bf15.jpg,512,384,train,train/Squash Powdery mildew leaf/powdery_mildew.jpg,Squash Powdery mildew leaf,640,480,JPEG,e0e704bf15a45041acf01ffe75466e22,10995147735069138156,1425,1
squash_powdery_mildew__e243aaa784,train,squash powdery mildew,17,data/images/train/squash_powdery_mildew/squash_powdery_mildew__e243aaa784.jpg,512,239,train,train/Squash Powdery mildew leaf/squash-with-mildew-2x.jpg,Squash Powdery mildew leaf,750,350,JPEG,e243aaa784564a94c4b5a7286e627b75,12010146498434800282,1437,1
squash_powdery_mildew__e4509fbf1f,train,squash powdery mildew,17,data/images/train/squash_powdery_mildew/squash_powdery_mildew__e4509fbf1f.jpg,341,512,train,train/Squash Powdery mildew leaf/white-mold-on-squash-plants-powdery-mildew-on-plant-leaves-how-to-get-rid-of-white-mold-on-squash-plants-white-mold-on-squash-plants.jpg,Squash Powdery mildew leaf,600,900,JPEG,e4509fbf1f9a251d6f2876fc0f6c55e1,17040660651571034172,1439,1
squash_powdery_mildew__e73bb0335a,train,squash powdery mildew,17,data/images/train/squash_powdery_mildew/squash_powdery_mildew__e73bb0335a.jpg,464,512,train,train/Squash Powdery mildew leaf/mold_web12.16.14.jpg,Squash Powdery mildew leaf,1936,2138,JPEG,e73bb0335a7a18730dbb9ab0cabfd84b,15695541283523408945,1412,1
squash_powdery_mildew__e8dc6ce6dc,train,squash powdery mildew,17,data/images/train/squash_powdery_mildew/squash_powdery_mildew__e8dc6ce6dc.jpg,500,333,train,train/Squash Powdery mildew leaf/powdery%20mildew%20of%20squash.jpg,Squash Powdery mildew leaf,500,333,JPEG,e8dc6ce6dc2532931cd0ccb9bb74bb3b,7630448451782087639,1420,1
squash_powdery_mildew__ec50e22bfb,train,squash powdery mildew,17,data/images/train/squash_powdery_mildew/squash_powdery_mildew__ec50e22bfb.jpg,512,377,train,train/Squash Powdery mildew leaf/curcurbit-powdery-mildew-erysiphe-or-sphaerotheca-on-cucumber-leaf-B5NP51.jpg,Squash Powdery mildew leaf,1300,956,JPEG,ec50e22bfbd143a47f4e288eed808551,1881020285485690635,1397,1
squash_powdery_mildew__efccef57d5,train,squash powdery mildew,17,data/images/train/squash_powdery_mildew/squash_powdery_mildew__efccef57d5.jpg,512,384,train,train/Squash Powdery mildew leaf/Aug+16+2010+049.jpg,Squash Powdery mildew leaf,1600,1200,JPEG,efccef57d524dc76803558c01956cb7c,7234140927393067610,1351,1
squash_powdery_mildew__f51f5dc0f4,train,squash powdery mildew,17,data/images/train/squash_powdery_mildew/squash_powdery_mildew__f51f5dc0f4.jpg,512,342,train,train/Squash Powdery mildew leaf/87985926-1-56a349f35f9b58b7d0d14d82.jpg,Squash Powdery mildew leaf,960,642,JPEG,f51f5dc0f45ee620d1f8758fef043142,3688797107126697990,1350,1
squash_powdery_mildew__f6d2586f77,train,squash powdery mildew,17,data/images/train/squash_powdery_mildew/squash_powdery_mildew__f6d2586f77.jpg,512,384,train,train/Squash Powdery mildew leaf/207.jpg,Squash Powdery mildew leaf,3264,2448,JPEG,f6d2586f7735a08d662a5459737522bf,14547128785985921253,1336,1
squash_powdery_mildew__f6f0e4a9e9,train,squash powdery mildew,17,data/images/train/squash_powdery_mildew/squash_powdery_mildew__f6f0e4a9e9.jpg,512,384,train,train/Squash Powdery mildew leaf/DSC05432.JPG.jpg,Squash Powdery mildew leaf,1600,1200,JPEG,f6f0e4a9e9267f4becde703b8bcaf701,16680201325297475198,1355,1
squash_powdery_mildew__f8296e5e42,train,squash powdery mildew,17,data/images/train/squash_powdery_mildew/squash_powdery_mildew__f8296e5e42.jpg,512,341,train,train/Squash Powdery mildew leaf/powdery-mildew-1.jpg,Squash Powdery mildew leaf,900,600,JPEG,f8296e5e42f02dceb8fa91ebda032416,15058006179000007832,1421,1
squash_powdery_mildew__fa35e23a45,train,squash powdery mildew,17,data/images/train/squash_powdery_mildew/squash_powdery_mildew__fa35e23a45.jpg,500,292,train,train/Squash Powdery mildew leaf/7-17-Powdery-mildew-on-zucchini-LINA.jpg,Squash Powdery mildew leaf,500,292,JPEG,fa35e23a455eb288b862b3ee2a8035e0,642437780229092729,1345,1
squash_powdery_mildew__fb40310b11,train,squash powdery mildew,17,data/images/train/squash_powdery_mildew/squash_powdery_mildew__fb40310b11.jpg,512,384,train,train/Squash Powdery mildew leaf/garden-stuff-143.jpg,Squash Powdery mildew leaf,3456,2592,JPEG,fb40310b118125a78ddae994db1c6950,15101361715354955945,1406,1
squash_powdery_mildew__fb52771251,train,squash powdery mildew,17,data/images/train/squash_powdery_mildew/squash_powdery_mildew__fb52771251.jpg,512,384,train,train/Squash Powdery mildew leaf/100_08631.jpg,Squash Powdery mildew leaf,3648,2736,JPEG,fb52771251714fd4b07994d85c2ce894,10420643633250343058,1322,1
squash_powdery_mildew__fd48963789,train,squash powdery mildew,17,data/images/train/squash_powdery_mildew/squash_powdery_mildew__fd48963789.jpg,512,512,train,train/Squash Powdery mildew leaf/photo4.jpg,Squash Powdery mildew leaf,1536,1536,JPEG,fd4896378929f51f235d4bf17d818a23,6945921694811846704,1415,1
squash_powdery_mildew__fd98df9fe6,train,squash powdery mildew,17,data/images/train/squash_powdery_mildew/squash_powdery_mildew__fd98df9fe6.jpg,384,512,train,train/Squash Powdery mildew leaf/IMG_20150721_144405.jpg,Squash Powdery mildew leaf,1200,1600,JPEG,fd98df9fe6bb647c23320f9948a691ef,16490168362829649554,1365,1
squash_powdery_mildew__fe13233c69,train,squash powdery mildew,17,data/images/train/squash_powdery_mildew/squash_powdery_mildew__fe13233c69.jpg,512,288,train,train/Squash Powdery mildew leaf/15005869179_9f39994957_z.jpg,Squash Powdery mildew leaf,640,360,JPEG,fe13233c69b5a12bf3b756e29be2e80e,7792961807506397481,1325,1
strawberry_healthy__04a7412d1e,train,strawberry healthy,18,data/images/train/strawberry_healthy/strawberry_healthy__04a7412d1e.jpg,512,365,test,test/Strawberry leaf/strawberry-leaves-collection-white-background-36684676.jpg,Strawberry leaf,800,571,JPEG,04a7412d1e440fec74c39f391d1d86a3,2321925597586491142,2418,1
strawberry_healthy__0804aca26e,train,strawberry healthy,18,data/images/train/strawberry_healthy/strawberry_healthy__0804aca26e.jpg,512,388,train,train/Strawberry leaf/depositphotos_6598542-Single-green-strawberry-leaf-isolated-on-white.jpg,Strawberry leaf,1023,776,JPEG,0804aca26e1289f824442ea54a8e6fe5,3836286354463355762,1480,1
strawberry_healthy__088a5d51ff,train,strawberry healthy,18,data/images/train/strawberry_healthy/strawberry_healthy__088a5d51ff.jpg,450,369,train,train/Strawberry leaf/stock-photo-strawberry-leaves-isolated-on-white-background-collection-227987416.jpg,Strawberry leaf,450,369,JPEG,088a5d51ffd59254a898e68166649b87,6221497981182669594,1508,1
strawberry_healthy__0968259396,train,strawberry healthy,18,data/images/train/strawberry_healthy/strawberry_healthy__0968259396.jpg,320,512,train,train/Strawberry leaf/dew-on-a-leaf-stock-image-1226834.jpg,Strawberry leaf,870,1392,JPEG,09682593968f561f851e4116cf169d3e,14739415880079338692,1483,1
strawberry_healthy__0991ee84d6,train,strawberry healthy,18,data/images/train/strawberry_healthy/strawberry_healthy__0991ee84d6.jpg,450,414,train,train/Strawberry leaf/stock-photo-strawberry-leaves-collection-isolated-on-white-159165548.jpg,Strawberry leaf,450,414,JPEG,0991ee84d6696d160f9764e1b35e8e36,12903665221988718854,1506,1
strawberry_healthy__0aa0176698,train,strawberry healthy,18,data/images/train/strawberry_healthy/strawberry_healthy__0aa0176698.jpg,512,341,train,train/Strawberry leaf/leaves_comparison.jpg,Strawberry leaf,3072,2048,JPEG,0aa01766987c3b55d78518b6362c089c,11809426697532164110,1498,1
strawberry_healthy__13cc23d00c,train,strawberry healthy,18,data/images/train/strawberry_healthy/strawberry_healthy__13cc23d00c.jpg,512,341,train,train/Strawberry leaf/IMG_4696.jpg,Strawberry leaf,1600,1066,JPEG,13cc23d00c2ce8db044acdec855a415f,10063800022454146528,1463,1
strawberry_healthy__1683edf8d0,train,strawberry healthy,18,data/images/train/strawberry_healthy/strawberry_healthy__1683edf8d0.jpg,450,419,train,train/Strawberry leaf/stock-photo-green-strawberry-leaf-isolated-on-white-background-clipping-path-458155747.jpg,Strawberry leaf,450,419,JPEG,1683edf8d0f1431f11affb2412c7287f,2680049861301318942,1501,1
strawberry_healthy__16aad6a356,train,strawberry healthy,18,data/images/train/strawberry_healthy/strawberry_healthy__16aad6a356.jpg,512,431,train,train/Strawberry leaf/depositphotos_6570375-stock-photo-strawberry-leaf.jpg,Strawberry leaf,1023,861,JPEG,16aad6a3569027d6caef22f9dad7ae1b,290283328494576551,1478,1
strawberry_healthy__16e0d31a3d,train,strawberry healthy,18,data/images/train/strawberry_healthy/strawberry_healthy__16e0d31a3d.jpg,512,341,train,train/Strawberry leaf/depositphotos_1090254-Strawberry-leaves.jpg,Strawberry leaf,1023,682,JPEG,16e0d31a3d174859564e4a8e221f5a5c,3037277396751397450,1473,1
strawberry_healthy__1d937b77d5,train,strawberry healthy,18,data/images/train/strawberry_healthy/strawberry_healthy__1d937b77d5.jpg,512,341,train,train/Strawberry leaf/IMG_4695.jpg,Strawberry leaf,1600,1066,JPEG,1d937b77d587051e0dfa6b6ebab7b17f,14882876782131333604,1462,1
strawberry_healthy__1e8beab459,train,strawberry healthy,18,data/images/train/strawberry_healthy/strawberry_healthy__1e8beab459.jpg,512,398,train,train/Strawberry leaf/depositphotos_6570387-stock-photo-strawberry-leaf.jpg,Strawberry leaf,1024,795,JPEG,1e8beab4591caf3ab6b011e3aecc9e30,5552247908303574932,1479,1
strawberry_healthy__22d559f5f9,train,strawberry healthy,18,data/images/train/strawberry_healthy/strawberry_healthy__22d559f5f9.jpg,512,495,train,train/Strawberry leaf/fresh-green-strawberry-leaf-isolated-on-white-background-with-clipping-KH37KY.jpg,Strawberry leaf,1300,1258,JPEG,22d559f5f9c0fcffb995d8fc00502523,452073273233966922,1485,1
strawberry_healthy__24a79e1b9a,train,strawberry healthy,18,data/images/train/strawberry_healthy/strawberry_healthy__24a79e1b9a.jpg,512,434,train,train/Strawberry leaf/depositphotos_6570354-Strawberry-leaf.jpg,Strawberry leaf,1024,868,JPEG,24a79e1b9a41c9173ff79795eecddff9,1877208413554684722,1477,1
strawberry_healthy__329d83e66f,train,strawberry healthy,18,data/images/train/strawberry_healthy/strawberry_healthy__329d83e66f.jpg,450,360,train,train/Strawberry leaf/stock-photo-strawberry-leaf-isolated-on-the-white-background-255533380.jpg,Strawberry leaf,450,360,JPEG,329d83e66fd452af6e5db83888991ecb,6367962463082189718,1503,1
strawberry_healthy__39a3acedd8,train,strawberry healthy,18,data/images/train/strawberry_healthy/strawberry_healthy__39a3acedd8.jpg,512,437,train,train/Strawberry leaf/Leaves-of-Strawberries.jpg,Strawberry leaf,1500,1280,JPEG,39a3acedd840b162e9a7c61a87e40ce3,12820383535901568096,1467,1
strawberry_healthy__3a92214630,train,strawberry healthy,18,data/images/train/strawberry_healthy/strawberry_healthy__3a92214630.jpg,512,386,train,train/Strawberry leaf/270412tglr-wild-strawberry-leaf.jpg,Strawberry leaf,2588,1949,JPEG,3a92214630cfde58894d2af5f7dab450,12566860954969105639,1449,1
strawberry_healthy__3ec83de2d5,train,strawberry healthy,18,data/images/train/strawberry_healthy/strawberry_healthy__3ec83de2d5.jpg,512,384,train,train/Strawberry leaf/IMG_1309.JPG.jpg,Strawberry leaf,1600,1200,JPEG,3ec83de2d5f623511e2cd6c2f09ae127,2856376975844033889,1459,1
strawberry_healthy__437a672fb4,train,strawberry healthy,18,data/images/train/strawberry_healthy/strawberry_healthy__437a672fb4.jpg,450,415,train,train/Strawberry leaf/stock-photo-strawberry-leaf-isolated-on-white-background-572055775.jpg,Strawberry leaf,450,415,JPEG,437a672fb402c907594b6d45ed4634bf,580689539171555335,1504,1
strawberry_healthy__481b5beebf,train,strawberry healthy,18,data/images/train/strawberry_healthy/strawberry_healthy__481b5beebf.jpg,512,408,test,test/Strawberry leaf/strawberry-leaves-stock-picture-948708.jpg,Strawberry leaf,1300,1035,JPEG,481b5beebfc85959f57ce74922c21316,4052269371646751627,2422,1
strawberry_healthy__4890107e81,train,strawberry healthy,18,data/images/train/strawberry_healthy/strawberry_healthy__4890107e81.jpg,512,512,train,train/Strawberry leaf/giant-leaves.jpg,Strawberry leaf,2736,2736,JPEG,4890107e815516e2db6e4f402565c92c,8935575464859962829,1486,1
strawberry_healthy__49ecb134ac,train,strawberry healthy,18,data/images/train/strawberry_healthy/strawberry_healthy__49ecb134ac.jpg,512,384,train,train/Strawberry leaf/IMG_7107.jpg,Strawberry leaf,667,500,JPEG,49ecb134ac3036f35b98ffdbfb0f3eb4,17495478416626345668,1465,1
strawberry_healthy__4c723e25ff,train,strawberry healthy,18,data/images/train/strawberry_healthy/strawberry_healthy__4c723e25ff.jpg,479,512,train,train/Strawberry leaf/strawberry-leaves-15674632.jpg,Strawberry leaf,1300,1390,JPEG,4c723e25ffdac3f7822332b815014869,5263669541129227753,1519,1
strawberry_healthy__50cbff80db,train,strawberry healthy,18,data/images/train/strawberry_healthy/strawberry_healthy__50cbff80db.jpg,512,512,train,train/Strawberry leaf/0008003-strawberry-leaf-veiner-large.jpg,Strawberry leaf,1280,1280,JPEG,50cbff80db5ee20e6d330dfd6bd81d19,2703328768652828965,1443,1
strawberry_healthy__529ffa7862,train,strawberry healthy,18,data/images/train/strawberry_healthy/strawberry_healthy__529ffa7862.jpg,512,385,train,train/Strawberry leaf/7.jpg,Strawberry leaf,1024,770,JPEG,529ffa78621f2ac5b5522ac765535e47,5999183076765283124,1454,1
strawberry_healthy__57f57bee4f,train,strawberry healthy,18,data/images/train/strawberry_healthy/strawberry_healthy__57f57bee4f.jpg,512,367,train,train/Strawberry leaf/bfeba4aaa5a042494590b027686e1d16.jpg,Strawberry leaf,600,430,JPEG,57f57bee4f7ebab6a401f0681e620ec8,11863808136645452964,1471,1
strawberry_healthy__5b4b9ba24b,train,strawberry healthy,18,data/images/train/strawberry_healthy/strawberry_healthy__5b4b9ba24b.jpg,507,512,train,train/Strawberry leaf/strawberry-leaf-stock-picture-3646237.jpg,Strawberry leaf,1300,1313,JPEG,5b4b9ba24b6dbf8888a6681fa20be4c5,1307810320033722822,1516,1
strawberry_healthy__5c1c922bcf,train,strawberry healthy,18,data/images/train/strawberry_healthy/strawberry_healthy__5c1c922bcf.jpg,512,384,train,train/Strawberry leaf/creeping-cinquefoil-potentilla-reptans-4.jpg,Strawberry leaf,800,600,JPEG,5c1c922bcfd3db4922b5274bc7aac8af,7630899784983916640,1472,1
strawberry_healthy__5e5749a8f5,train,strawberry healthy,18,data/images/train/strawberry_healthy/strawberry_healthy__5e5749a8f5.jpg,512,383,train,train/Strawberry leaf/img_0164.jpg,Strawberry leaf,1891,1413,JPEG,5e5749a8f5bb9d47983c093b97e0a15b,11085852488282037334,1494,1
strawberry_healthy__68145e1e2a,train,strawberry healthy,18,data/images/train/strawberry_healthy/strawberry_healthy__68145e1e2a.jpg,452,512,train,train/Strawberry leaf/strawberry+leaf+eila+collage+obsession.jpg,Strawberry leaf,844,956,JPEG,68145e1e2a345adc5e9e9a18f3ebf07e,4123391852520682226,1510,1
strawberry_healthy__6c995bb1a4,train,strawberry healthy,18,data/images/train/strawberry_healthy/strawberry_healthy__6c995bb1a4.jpg,512,343,train,train/Strawberry leaf/13400strawberry_leaves.jpg,Strawberry leaf,700,469,JPEG,6c995bb1a4c235da97b8731e8e75c453,658109434376100005,1445,1
strawberry_healthy__6def2f2f5e,train,strawberry healthy,18,data/images/train/strawberry_healthy/strawberry_healthy__6def2f2f5e.jpg,512,384,train,train/Strawberry leaf/strawberry-005.jpg,Strawberry leaf,1024,768,JPEG,6def2f2f5e0c6f8823d036bbc90344de,3866584232354617255,1511,1
strawberry_healthy__6edf060c3d,train,strawberry healthy,18,data/images/train/strawberry_healthy/strawberry_healthy__6edf060c3d.jpg,512,377,train,train/Strawberry leaf/leaf-wild-strawberry-plant-25253212.jpg,Strawberry leaf,1300,957,JPEG,6edf060c3d6809daba3d7c99acf0e5cc,43679246364530913,1497,1
strawberry_healthy__7059de3396,train,strawberry healthy,18,data/images/train/strawberry_healthy/strawberry_healthy__7059de3396.jpg,512,384,train,train/Strawberry leaf/yellow-strawberry-leaves.jpg.1080x0_q100_crop-scale.jpg,Strawberry leaf,1080,810,JPEG,7059de339669c0505e81775c69164a2f,10720293505735962786,1530,1
strawberry_healthy__7868b43752,train,strawberry healthy,18,data/images/train/strawberry_healthy/strawberry_healthy__7868b43752.jpg,450,394,train,train/Strawberry leaf/stock-photo-fresh-green-strawberry-leaf-isolated-on-white-background-strawberry-leaf-with-clipping-path-630981155.jpg,Strawberry leaf,450,394,JPEG,7868b4375204a1d84d64af1fa7041a0c,5552241306837914386,1500,1
strawberry_healthy__79017c829e,train,strawberry healthy,18,data/images/train/strawberry_healthy/strawberry_healthy__79017c829e.jpg,512,418,train,train/Strawberry leaf/IMG_5392.JPG.jpg,Strawberry leaf,1200,979,JPEG,79017c829eddcaa236b047210d8883f9,3250738882025916363,1464,1
strawberry_healthy__7cb311da81,train,strawberry healthy,18,data/images/train/strawberry_healthy/strawberry_healthy__7cb311da81.jpg,512,467,test,test/Strawberry leaf/strawberry-leaf-22360816.jpg,Strawberry leaf,1300,1185,JPEG,7cb311da8160766d4f056f9550f9c9ea,11764334095336807398,2417,1
strawberry_healthy__7f6cdb564d,train,strawberry healthy,18,data/images/train/strawberry_healthy/strawberry_healthy__7f6cdb564d.jpg,512,384,train,train/Strawberry leaf/DSCN5936.JPG.jpg,Strawberry leaf,1600,1200,JPEG,7f6cdb564d3037225885261889bcb93d,16271847050364365482,1456,1
strawberry_healthy__86dcd66644,train,strawberry healthy,18,data/images/train/strawberry_healthy/strawberry_healthy__86dcd66644.jpg,466,512,train,train/Strawberry leaf/strawberry-leaf-stock-image-3662904.jpg,Strawberry leaf,1267,1392,JPEG,86dcd666440c06d6ed7e87095729565f,4869261026975483542,1514,1
strawberry_healthy__87cd13352e,train,strawberry healthy,18,data/images/train/strawberry_healthy/strawberry_healthy__87cd13352e.jpg,504,512,train,train/Strawberry leaf/7065201-strawberry-leaf.jpg,Strawberry leaf,788,800,JPEG,87cd13352ec9196f8b1c216ae43f58f3,391582403334180889,1455,1
strawberry_healthy__8ed31e03a8,train,strawberry healthy,18,data/images/train/strawberry_healthy/strawberry_healthy__8ed31e03a8.jpg,512,263,train,train/Strawberry leaf/depositphotos_40207459-stock-photo-strawberry-leaves-collection-isolated-on.jpg,Strawberry leaf,1023,526,JPEG,8ed31e03a8e6ac5dbdddb70b475b1123,5999765929463977880,1476,1
strawberry_healthy__8f13cbcbf7,train,strawberry healthy,18,data/images/train/strawberry_healthy/strawberry_healthy__8f13cbcbf7.jpg,512,384,train,train/Strawberry leaf/strawberryleaves-notpi.jpg,Strawberry leaf,3056,2292,JPEG,8f13cbcbf78aae2c8ea303a721299de3,760295883584835335,1527,1
strawberry_healthy__938e18d3f3,train,strawberry healthy,18,data/images/train/strawberry_healthy/strawberry_healthy__938e18d3f3.jpg,512,410,train,train/Strawberry leaf/strawberry_plant_l1.jpg,Strawberry leaf,600,480,JPEG,938e18d3f3906e8abf8e27e0edf20300,17336209622491264758,1526,1
strawberry_healthy__9623355d5a,train,strawberry healthy,18,data/images/train/strawberry_healthy/strawberry_healthy__9623355d5a.jpg,512,341,train,train/Strawberry leaf/strawberry-plant-leaves-strawberry-red-spots-on-strawberry-plant-leaves.jpg,Strawberry leaf,1024,682,JPEG,9623355d5a23421d7984ba3c2e69a68b,16997626203188879628,1523,1
strawberry_healthy__998e77ead4,train,strawberry healthy,18,data/images/train/strawberry_healthy/strawberry_healthy__998e77ead4.jpg,512,376,train,train/Strawberry leaf/guttation-on-the-leaves-of-a-strawberry-plant-leaf-guttation-BN3DM8.jpg,Strawberry leaf,1300,954,JPEG,998e77ead4057aa4cfe49bbfd692a967,16485939782372387147,1492,1
strawberry_healthy__99952d7605,train,strawberry healthy,18,data/images/train/strawberry_healthy/strawberry_healthy__99952d7605.jpg,512,398,train,train/Strawberry leaf/single-green-strawberry-leaf-isolated-white-12750533.jpg,Strawberry leaf,1300,1010,JPEG,99952d7605ab63bd4588e29c17093408,434077462669243333,1499,1
strawberry_healthy__9d08f73179,train,strawberry healthy,18,data/images/train/strawberry_healthy/strawberry_healthy__9d08f73179.jpg,512,346,train,train/Strawberry leaf/wood-strawberry-leaves-700w.jpg,Strawberry leaf,700,473,JPEG,9d08f73179989c1df234c4a7f3accb8b,7911923554732038611,1529,1
strawberry_healthy__9e50f20ccf,train,strawberry healthy,18,data/images/train/strawberry_healthy/strawberry_healthy__9e50f20ccf.jpg,512,512,train,train/Strawberry leaf/depositphotos_8078382-stock-photo-strawberry-leaf.jpg,Strawberry leaf,1024,1024,JPEG,9e50f20ccfa22a4cc289a5eb7000b7f3,12415867884654765894,1481,1
strawberry_healthy__9f1f6ea10b,train,strawberry healthy,18,data/images/train/strawberry_healthy/strawberry_healthy__9f1f6ea10b.jpg,512,346,train,train/Strawberry leaf/102_0829.JPG.jpg,Strawberry leaf,1600,1081,JPEG,9f1f6ea10bf4b7153bc687f33c72a024,9308009906754397244,1444,1
strawberry_healthy__a219944255,train,strawberry healthy,18,data/images/train/strawberry_healthy/strawberry_healthy__a219944255.jpg,450,380,train,train/Strawberry leaf/stock-photo-strawberry-leaf-isolated-on-white-background-with-clipping-path-568145485.jpg,Strawberry leaf,450,380,JPEG,a2199442555610f1055c6623dd756fbb,460294372945381127,1505,1
strawberry_healthy__b5effc7626,train,strawberry healthy,18,data/images/train/strawberry_healthy/strawberry_healthy__b5effc7626.jpg,512,439,train,train/Strawberry leaf/strawberry-leaves-14363903.jpg,Strawberry leaf,1300,1115,JPEG,b5effc7626565ae5cd4025400ecafb77,11254545287437747189,1518,1
strawberry_healthy__b730d023ac,train,strawberry healthy,18,data/images/train/strawberry_healthy/strawberry_healthy__b730d023ac.jpg,512,454,train,train/Strawberry leaf/berry-strawberry-leaf-flower-set-isolated-white-background-47595687.jpg,Strawberry leaf,1300,1154,JPEG,b730d023ac9917dd6946086cf149326c,2394632319634322368,1470,1
strawberry_healthy__b80bee153e,train,strawberry healthy,18,data/images/train/strawberry_healthy/strawberry_healthy__b80bee153e.jpg,479,512,test,test/Strawberry leaf/strawberry-leaves-isolated-white-34722259.jpg,Strawberry leaf,1300,1390,JPEG,b80bee153ebc66dfd856299c60ad72cf,3264563406766477287,2420,1
strawberry_healthy__b88f9b370a,train,strawberry healthy,18,data/images/train/strawberry_healthy/strawberry_healthy__b88f9b370a.jpg,512,408,test,test/Strawberry leaf/strawberry-leaves-stock-image-948674.jpg,Strawberry leaf,1300,1035,JPEG,b88f9b370af184095675c9574bbd4b4f,1886039056833524101,2421,1
strawberry_healthy__bbac7888e9,train,strawberry healthy,18,data/images/train/strawberry_healthy/strawberry_healthy__bbac7888e9.jpg,512,442,train,train/Strawberry leaf/fragaria-vesca-americana-le-ahaines-c.jpg,Strawberry leaf,1000,863,JPEG,bbac7888e967ec60eab4fe5b0932529d,6589667239206089510,1484,1
strawberry_healthy__bc52ec4be1,train,strawberry healthy,18,data/images/train/strawberry_healthy/strawberry_healthy__bc52ec4be1.jpg,512,512,train,train/Strawberry leaf/green-strawberry-leaf-isolated-on-white-picture-id654400974?k=6&m=654400974&s=612x612&w=0&h=x97U-8miyZxfXvAUVMbPGGj6_Lt-p35dVXiu1zuBt-Q=.jpg,Strawberry leaf,612,612,JPEG,bc52ec4be180c16a7612654f0c4db816,2172571339683735173,1488,1
strawberry_healthy__bd461e6b92,train,strawberry healthy,18,data/images/train/strawberry_healthy/strawberry_healthy__bd461e6b92.jpg,474,512,train,train/Strawberry leaf/wild-strawberry-fragaria-vesca-leaves-with-a-single-flower-KD619N.jpg,Strawberry leaf,1286,1390,JPEG,bd461e6b923db51cec68652348c9c47a,9704673042171812169,1528,1
strawberry_healthy__c3552386dc,train,strawberry healthy,18,data/images/train/strawberry_healthy/strawberry_healthy__c3552386dc.jpg,450,335,train,train/Strawberry leaf/stock-photo-leaf-strawberry-leaf-on-the-white-background-153348767.jpg,Strawberry leaf,450,335,JPEG,c3552386dc3e03124f68e1e605d1e6e3,11042323994904858382,1502,1
strawberry_healthy__c35b7b6fc3,train,strawberry healthy,18,data/images/train/strawberry_healthy/strawberry_healthy__c35b7b6fc3.jpg,512,465,train,train/Strawberry leaf/1534854-a-green-strawberry-leaf-isolated-on-a-white-background.jpg,Strawberry leaf,800,727,JPEG,c35b7b6fc31d6270465ab1dd808dc077,290005048301913924,1446,1
strawberry_healthy__c74dd80513,train,strawberry healthy,18,data/images/train/strawberry_healthy/strawberry_healthy__c74dd80513.jpg,512,377,train,train/Strawberry leaf/strawberry-leaves-beautiful-shot-white-background-53944290.jpg,Strawberry leaf,1300,957,JPEG,c74dd805137bf930023dcdb5b4903f7c,9096566247445153521,1520,1
strawberry_healthy__cb6cd665c8,train,strawberry healthy,18,data/images/train/strawberry_healthy/strawberry_healthy__cb6cd665c8.jpg,512,492,test,test/Strawberry leaf/strawberry-leaf--stock-photo-1431216.jpg,Strawberry leaf,1300,1248,JPEG,cb6cd665c825957d0311f80ce4575a6c,2616184624851388374,2416,1
strawberry_healthy__cc306b8cab,train,strawberry healthy,18,data/images/train/strawberry_healthy/strawberry_healthy__cc306b8cab.jpg,512,341,train,train/Strawberry leaf/18423_original.jpg,Strawberry leaf,3456,2304,JPEG,cc306b8cabb37efc90af523d3aae936f,3011207877795145007,1448,1
strawberry_healthy__cfedd397f6,train,strawberry healthy,18,data/images/train/strawberry_healthy/strawberry_healthy__cfedd397f6.jpg,512,378,train,train/Strawberry leaf/strawberry-leaves-14363881.jpg,Strawberry leaf,1300,960,JPEG,cfedd397f6ba83e21fc5086e6870b701,911493539856525525,1517,1
strawberry_healthy__d010651280,train,strawberry healthy,18,data/images/train/strawberry_healthy/strawberry_healthy__d010651280.jpg,512,350,train,train/Strawberry leaf/depositphotos_9274005-stock-photo-strawberry-leaf.jpg,Strawberry leaf,1024,699,JPEG,d0106512800058da4b19662da12c9097,1958546331807582536,1482,1
strawberry_healthy__d079ba078a,train,strawberry healthy,18,data/images/train/strawberry_healthy/strawberry_healthy__d079ba078a.jpg,512,341,train,train/Strawberry leaf/IMG_2780.jpg,Strawberry leaf,5184,3456,JPEG,d079ba078a09d187d7e052c5d5111c1f,6044204218827515301,1460,1
strawberry_healthy__d1290026a2,train,strawberry healthy,18,data/images/train/strawberry_healthy/strawberry_healthy__d1290026a2.jpg,512,341,train,train/Strawberry leaf/Leaves%2C_Wild_strawberry_-_Flickr_-_nekonomania.jpg,Strawberry leaf,4752,3168,JPEG,d1290026a2e6fe6914c662d2c2ba550c,3993424107299476249,1466,1
strawberry_healthy__d9b49afca1,train,strawberry healthy,18,data/images/train/strawberry_healthy/strawberry_healthy__d9b49afca1.jpg,512,399,train,train/Strawberry leaf/green-strawberry-leaf-isolated-on-white-picture-id692328988?k=6&m=692328988&s=612x612&w=0&h=604VCrDe3mbN0c6LZZSBBvm4iMdWh1wcb3KHDX6CVRE=.jpg,Strawberry leaf,612,477,JPEG,d9b49afca1963c236df28da18aaed067,10996959124394542870,1489,1
strawberry_healthy__d9f38d5153,train,strawberry healthy,18,data/images/train/strawberry_healthy/strawberry_healthy__d9f38d5153.jpg,450,470,train,train/Strawberry leaf/stock-photo-strawberry-leaves-collection-isolated-on-white-163409792.jpg,Strawberry leaf,450,470,JPEG,d9f38d5153e336c510c4f3445b32d0f3,3995019485551735587,1507,1
strawberry_healthy__dde4c10aba,train,strawberry healthy,18,data/images/train/strawberry_healthy/strawberry_healthy__dde4c10aba.jpg,502,512,test,test/Strawberry leaf/strawberry-leaves-isolated-white-17473157.jpg,Strawberry leaf,1274,1300,JPEG,dde4c10aba6edcee3f6e95f1687c56bd,11249488946137610008,2419,1
strawberry_healthy__de31f1c8d9,train,strawberry healthy,18,data/images/train/strawberry_healthy/strawberry_healthy__de31f1c8d9.jpg,512,341,train,train/Strawberry leaf/Fragaria-virginiana-6.jpg,Strawberry leaf,1200,800,JPEG,de31f1c8d9f83d0e51eeba05544033a8,8266892358436119416,1458,1
strawberry_healthy__e3d2b5a1d5,train,strawberry healthy,18,data/images/train/strawberry_healthy/strawberry_healthy__e3d2b5a1d5.jpg,512,341,train,train/Strawberry leaf/1788724-spring-leaves-of-garden-strawberry-macro-background-isolated.jpg,Strawberry leaf,800,533,JPEG,e3d2b5a1d5fd77fccca29e2a206f5043,5281969442713454350,1447,1
strawberry_healthy__e43b492a03,train,strawberry healthy,18,data/images/train/strawberry_healthy/strawberry_healthy__e43b492a03.jpg,384,512,train,train/Strawberry leaf/5787ab74428a5fdc70e3defda7f00f0a4623876d.jpeg.jpg,Strawberry leaf,2448,3264,JPEG,e43b492a03e6f1ba0186d105f68398ad,15994413791920655396,1453,1
strawberry_healthy__e81bac289e,train,strawberry healthy,18,data/images/train/strawberry_healthy/strawberry_healthy__e81bac289e.jpg,512,437,train,train/Strawberry leaf/green-strawberry-leaf-isolated-on-white-picture-id623362994?k=6&m=623362994&s=612x612&w=0&h=l350NQvVUUsLkRD1jOeEDnUledIWPjFXi86jd_Uv0OE=.jpg,Strawberry leaf,612,522,JPEG,e81bac289e3755a409b852d6302a781d,506401036246909731,1487,1
strawberry_healthy__ee56d28156,train,strawberry healthy,18,data/images/train/strawberry_healthy/strawberry_healthy__ee56d28156.jpg,512,451,test,test/Strawberry leaf/wild-strawberry-leaf-top-view-rotated-KTBXCY.jpg,Strawberry leaf,1300,1145,JPEG,ee56d28156e184abd18f153737206d3e,1154625879485390915,2423,1
strawberry_healthy__f372cbe9f2,train,strawberry healthy,18,data/images/train/strawberry_healthy/strawberry_healthy__f372cbe9f2.jpg,512,398,train,train/Strawberry leaf/strawberry-leaf-stock-image-3663564.jpg,Strawberry leaf,1300,1011,JPEG,f372cbe9f23c6b6eaa485a75b09feca3,3729850442045325964,1515,1
strawberry_healthy__f83f3e01fd,train,strawberry healthy,18,data/images/train/strawberry_healthy/strawberry_healthy__f83f3e01fd.jpg,512,445,train,train/Strawberry leaf/strawberry-plant-leaves-the-distorted-wrinkled-leaves-are-showing-signs-of-cold-damage-the-older-and-younger-leaves-around-them-are-normal-looking-strawberry-plant-leaves-turn-red.jpg,Strawberry leaf,802,697,JPEG,f83f3e01fd28e23173c018e9f589b1ab,14328375489410015886,1524,1
strawberry_healthy__fdc9d06757,train,strawberry healthy,18,data/images/train/strawberry_healthy/strawberry_healthy__fdc9d06757.jpg,512,340,train,train/Strawberry leaf/4719232-strawberry-with-green-leaves-and-flower-isolated-on-white-background.jpg,Strawberry leaf,800,531,JPEG,fdc9d0675714b93a2cf491b9b3a89726,1378425975906964241,1452,1
strawberry_healthy__fdfb153d03,train,strawberry healthy,18,data/images/train/strawberry_healthy/strawberry_healthy__fdfb153d03.jpg,512,341,train,train/Strawberry leaf/img_0034.jpg,Strawberry leaf,3888,2592,JPEG,fdfb153d03df84fd61452521ca280eb2,14171745367433487571,1493,1
tomato_bacterial_spot__0170a826e5,train,tomato bacterial spot,19,data/images/train/tomato_bacterial_spot/tomato_bacterial_spot__0170a826e5.jpg,288,512,train,train/Tomato leaf bacterial spot/tomato-plant-leaves-brown-spots-tomato-leaves-older-ones-with-spots.jpg,Tomato leaf bacterial spot,450,800,JPEG,0170a826e5265c3c0c2aef3d46aea50f,5682084132164015690,1883,1
tomato_bacterial_spot__03696a8b95,train,tomato bacterial spot,19,data/images/train/tomato_bacterial_spot/tomato_bacterial_spot__03696a8b95.jpg,512,388,train,train/Tomato leaf bacterial spot/bac-spot.jpg,Tomato leaf bacterial spot,788,597,JPEG,03696a8b9540e87823cf6bba32b1be37,3798667696486007828,1848,1
tomato_bacterial_spot__06b1b3caac,train,tomato bacterial spot,19,data/images/train/tomato_bacterial_spot/tomato_bacterial_spot__06b1b3caac.jpg,512,355,train,train/Tomato leaf bacterial spot/bacterial%20leaf%20spot.jpg,Tomato leaf bacterial spot,765,531,JPEG,06b1b3caacdc974189d0d8144d0a3f88,3258769042163051323,1853,1
tomato_bacterial_spot__0c5b883145,train,tomato bacterial spot,19,data/images/train/tomato_bacterial_spot/tomato_bacterial_spot__0c5b883145.jpg,460,349,train,train/Tomato leaf bacterial spot/tomato1A.jpg,Tomato leaf bacterial spot,460,349,JPEG,0c5b8831458e2b210a29f7474807ec08,618003282949184668,1884,1
tomato_bacterial_spot__12ac88a17e,train,tomato bacterial spot,19,data/images/train/tomato_bacterial_spot/tomato_bacterial_spot__12ac88a17e.jpg,264,209,train,train/Tomato leaf bacterial spot/tomato_xanthomonas_foliage.jpg,Tomato leaf bacterial spot,264,209,JPEG,12ac88a17e6ad1be6c444ca32fa4dbe0,13301858217921268549,1886,1
tomato_bacterial_spot__1415a7dc8a,train,tomato bacterial spot,19,data/images/train/tomato_bacterial_spot/tomato_bacterial_spot__1415a7dc8a.jpg,512,384,train,train/Tomato leaf bacterial spot/266914753eb19d87b80567baed1a0f66.jpg,Tomato leaf bacterial spot,736,552,JPEG,1415a7dc8a7e09e5968821073af10639,12440178987713474614,1796,1
tomato_bacterial_spot__14611750f3,train,tomato bacterial spot,19,data/images/train/tomato_bacterial_spot/tomato_bacterial_spot__14611750f3.jpg,326,234,train,train/Tomato leaf bacterial spot/05-069f9.jpg,Tomato leaf bacterial spot,326,234,JPEG,14611750f3a418ff9ad9583f817ee226,10550076219633801444,1791,1
tomato_bacterial_spot__14f8f4484b,train,tomato bacterial spot,19,data/images/train/tomato_bacterial_spot/tomato_bacterial_spot__14f8f4484b.jpg,384,512,train,train/Tomato leaf bacterial spot/bc34aec4ea7f60a64e380fda44c2f380.jpg,Tomato leaf bacterial spot,499,666,JPEG,14f8f4484b75ac476024d45e93d4dd03,15552717465033283637,1866,1
tomato_bacterial_spot__15434c7c17,train,tomato bacterial spot,19,data/images/train/tomato_bacterial_spot/tomato_bacterial_spot__15434c7c17.jpg,512,361,train,train/Tomato leaf bacterial spot/my-plant-has-brown-spots-leaf-spot-and-canker-on-dogwood.jpg,Tomato leaf bacterial spot,600,423,JPEG,15434c7c17d5b95ce810171a3916563c,3755031136460737596,1875,1
tomato_bacterial_spot__179a067260,train,tomato bacterial spot,19,data/images/train/tomato_bacterial_spot/tomato_bacterial_spot__179a067260.jpg,512,384,train,train/Tomato leaf bacterial spot/bacterial-spot-of-tomato-6-638.jpg,Tomato leaf bacterial spot,638,479,JPEG,179a067260596c68c65ce9d8d7562336,885893368512713020,1860,1
tomato_bacterial_spot__194a67e9a5,train,tomato bacterial spot,19,data/images/train/tomato_bacterial_spot/tomato_bacterial_spot__194a67e9a5.jpg,512,232,train,train/Tomato leaf bacterial spot/5114949114265600-600x272.jpeg.jpg,Tomato leaf bacterial spot,600,272,JPEG,194a67e9a51e789e5f6ce8de39f3ef5d,10900501540771158830,1803,1
tomato_bacterial_spot__1cb17803f5,train,tomato bacterial spot,19,data/images/train/tomato_bacterial_spot/tomato_bacterial_spot__1cb17803f5.jpg,250,375,train,train/Tomato leaf bacterial spot/250?cb=20100819110637.jpg,Tomato leaf bacterial spot,250,375,JPEG,1cb17803f51d9070a273958f52708f7f,17358217127704454368,1795,1
tomato_bacterial_spot__1d98ce45d1,train,tomato bacterial spot,19,data/images/train/tomato_bacterial_spot/tomato_bacterial_spot__1d98ce45d1.jpg,326,196,train,train/Tomato leaf bacterial spot/05-069f1.jpg,Tomato leaf bacterial spot,326,196,JPEG,1d98ce45d160304481da12724d363bcf,1889766754687269681,1789,1
tomato_bacterial_spot__20457e036e,train,tomato bacterial spot,19,data/images/train/tomato_bacterial_spot/tomato_bacterial_spot__20457e036e.jpg,375,300,train,train/Tomato leaf bacterial spot/BCH%20medium%20thumbnail%20for%20upload%20%2814%29.jpg,Tomato leaf bacterial spot,375,300,JPEG,20457e036e3336bea6e58c4bc4b0d3a9,6473743453998992043,1806,2
tomato_bacterial_spot__241a6737f2,train,tomato bacterial spot,19,data/images/train/tomato_bacterial_spot/tomato_bacterial_spot__241a6737f2.jpg,512,384,train,train/Tomato leaf bacterial spot/Bacterial_spots586.jpg,Tomato leaf bacterial spot,800,600,JPEG,241a6737f2e960131c389a9a76f1d5f8,10613241509511025131,1820,1
tomato_bacterial_spot__2509b30860,train,tomato bacterial spot,19,data/images/train/tomato_bacterial_spot/tomato_bacterial_spot__2509b30860.jpg,512,384,train,train/Tomato leaf bacterial spot/Tomato-Canker-Marginal-Necrosis-Leaf-GH-Guat-50-QUALITY-10e6dzu.jpg,Tomato leaf bacterial spot,667,500,JPEG,2509b30860ef2b4ca5225a1b08673ab6,16477665519718897816,1841,1
tomato_bacterial_spot__31cf71c04b,train,tomato bacterial spot,19,data/images/train/tomato_bacterial_spot/tomato_bacterial_spot__31cf71c04b.jpg,384,512,train,train/Tomato leaf bacterial spot/Bacterial_spots2277.jpg,Tomato leaf bacterial spot,600,800,JPEG,31cf71c04bb572705d1fafd6c3be7a3e,17320449003465857176,1818,1
tomato_bacterial_spot__391a51d7f3,train,tomato bacterial spot,19,data/images/train/tomato_bacterial_spot/tomato_bacterial_spot__391a51d7f3.jpg,350,236,train,train/Tomato leaf bacterial spot/10-3-bacterial-speck-on-tomato-RON.jpg,Tomato leaf bacterial spot,350,236,JPEG,391a51d7f3e797ac53dbc527542537ef,7437970629517926576,1792,1
tomato_bacterial_spot__3923cc206e,train,tomato bacterial spot,19,data/images/train/tomato_bacterial_spot/tomato_bacterial_spot__3923cc206e.jpg,512,512,train,train/Tomato leaf bacterial spot/bact-spot-leaf-big.jpg,Tomato leaf bacterial spot,768,768,JPEG,3923cc206ea04004295d54488b4c3d8b,7322199934005143233,1852,1
tomato_bacterial_spot__3ac3b9a922,train,tomato bacterial spot,19,data/images/train/tomato_bacterial_spot/tomato_bacterial_spot__3ac3b9a922.jpg,320,320,train,train/Tomato leaf bacterial spot/Leaf-spots-on-tomato-leaves-Credits-Hank-Dankers_Q320.jpg,Tomato leaf bacterial spot,320,320,JPEG,3ac3b9a922e7060c87ad2a2a1a981faf,17327859751186258121,1832,1
tomato_bacterial_spot__3e50340988,train,tomato bacterial spot,19,data/images/train/tomato_bacterial_spot/tomato_bacterial_spot__3e50340988.jpg,384,512,train,train/Tomato leaf bacterial spot/13582051_f520.jpg,Tomato leaf bacterial spot,520,693,JPEG,3e5034098820c7066aaa5da7ea7cb3ac,17270063481973093776,1794,1
tomato_bacterial_spot__439c73983f,train,tomato bacterial spot,19,data/images/train/tomato_bacterial_spot/tomato_bacterial_spot__439c73983f.jpg,512,403,train,train/Tomato leaf bacterial spot/TC3.jpg,Tomato leaf bacterial spot,920,725,JPEG,439c73983fed44be69b409a90f842816,2491150585615129644,1837,1
tomato_bacterial_spot__4825360466,train,tomato bacterial spot,19,data/images/train/tomato_bacterial_spot/tomato_bacterial_spot__4825360466.jpg,512,384,train,train/Tomato leaf bacterial spot/CankerRhiemsFiring1-copy-50-QUALITY-16lcw30.jpg,Tomato leaf bacterial spot,667,500,JPEG,48253604661d2812aa401d93eed9cabc,15597923682732470079,1823,1
tomato_bacterial_spot__4cd8d386c5,train,tomato bacterial spot,19,data/images/train/tomato_bacterial_spot/tomato_bacterial_spot__4cd8d386c5.jpg,319,225,train,train/Tomato leaf bacterial spot/Bacterial+Spot+-+Tomatoes.jpg,Tomato leaf bacterial spot,319,225,JPEG,4cd8d386c5a30be14990e64dbfc38363,16674418221478972685,1808,1
tomato_bacterial_spot__584580e027,train,tomato bacterial spot,19,data/images/train/tomato_bacterial_spot/tomato_bacterial_spot__584580e027.jpg,512,344,train,train/Tomato leaf bacterial spot/bacterial-speck-tomato-3.jpg,Tomato leaf bacterial spot,3075,2067,JPEG,584580e02737ff526cbae406f9a45020,2696938686673591692,1858,1
tomato_bacterial_spot__59809840f4,train,tomato bacterial spot,19,data/images/train/tomato_bacterial_spot/tomato_bacterial_spot__59809840f4.jpg,512,384,train,train/Tomato leaf bacterial spot/b-speck.jpg,Tomato leaf bacterial spot,1920,1440,JPEG,59809840f48a9ecd116852e244bd2728,17788884034346107273,1846,1
tomato_bacterial_spot__6214219371,train,tomato bacterial spot,19,data/images/train/tomato_bacterial_spot/tomato_bacterial_spot__6214219371.jpg,285,286,train,train/Tomato leaf bacterial spot/Bacterial-Spot-of-Tomato-Img-2.jpg,Tomato leaf bacterial spot,285,286,JPEG,62142193717aaf8ea8dacacd8641a074,12080398181950317602,1810,1
tomato_bacterial_spot__62806ba67d,train,tomato bacterial spot,19,data/images/train/tomato_bacterial_spot/tomato_bacterial_spot__62806ba67d.jpg,384,512,train,train/Tomato leaf bacterial spot/Bacterial-Leaf-Spot-2.jpg,Tomato leaf bacterial spot,480,640,JPEG,62806ba67d39e6a24f37f9874a557bf0,7367554523132114279,1809,1
tomato_bacterial_spot__64d8e2cd0d,train,tomato bacterial spot,19,data/images/train/tomato_bacterial_spot/tomato_bacterial_spot__64d8e2cd0d.jpg,322,268,train,train/Tomato leaf bacterial spot/TomatoBacterialSpot2.jpg,Tomato leaf bacterial spot,322,268,JPEG,64d8e2cd0daf401b140caf3be2bdaacb,7029290036382778833,1843,1
tomato_bacterial_spot__6bc3fb3660,train,tomato bacterial spot,19,data/images/train/tomato_bacterial_spot/tomato_bacterial_spot__6bc3fb3660.jpg,384,512,train,train/Tomato leaf bacterial spot/IMG_2348.jpg,Tomato leaf bacterial spot,2448,3264,JPEG,6bc3fb3660e0cc21a0264ba45b50d8a7,7694627320832268445,1826,1
tomato_bacterial_spot__6bc90da5c3,train,tomato bacterial spot,19,data/images/train/tomato_bacterial_spot/tomato_bacterial_spot__6bc90da5c3.jpg,512,384,train,train/Tomato leaf bacterial spot/bacterial-spot-of-tomato-7-638.jpg,Tomato leaf bacterial spot,638,479,JPEG,6bc90da5c35bdcd50540fb72307fd2af,940182855724268336,1861,1
tomato_bacterial_spot__6db0d624e2,train,tomato bacterial spot,19,data/images/train/tomato_bacterial_spot/tomato_bacterial_spot__6db0d624e2.jpg,512,384,train,train/Tomato leaf bacterial spot/Bacterial_spots1300.jpg,Tomato leaf bacterial spot,800,600,JPEG,6db0d624e248d478f084953fb322c74f,16600383659651044380,1816,1
tomato_bacterial_spot__6dd2b8d3db,train,tomato bacterial spot,19,data/images/train/tomato_bacterial_spot/tomato_bacterial_spot__6dd2b8d3db.jpg,512,384,test,test/Tomato leaf bacterial spot/tomato_bacterial-speck_01_zoom.jpg,Tomato leaf bacterial spot,900,675,JPEG,6dd2b8d3db70760e656878097e977326,14911127891219421667,2457,1
tomato_bacterial_spot__6fd52a9efb,train,tomato bacterial spot,19,data/images/train/tomato_bacterial_spot/tomato_bacterial_spot__6fd52a9efb.jpg,300,298,train,train/Tomato leaf bacterial spot/bac_spot1-300x298.jpg,Tomato leaf bacterial spot,300,298,JPEG,6fd52a9efb76f2e573ae7c40f4586c29,17106508421440942691,1850,1
tomato_bacterial_spot__6fd7f4953a,train,tomato bacterial spot,19,data/images/train/tomato_bacterial_spot/tomato_bacterial_spot__6fd7f4953a.jpg,512,384,train,train/Tomato leaf bacterial spot/CankerFoliar-copy-50-QUALITY-122b09b.jpg,Tomato leaf bacterial spot,667,500,JPEG,6fd7f4953a0f8c3668e4c51d7cb528ee,5245118479873173222,1822,1
tomato_bacterial_spot__71834a03ec,train,tomato bacterial spot,19,data/images/train/tomato_bacterial_spot/tomato_bacterial_spot__71834a03ec.jpg,511,512,train,train/Tomato leaf bacterial spot/38849847120_7ae02bd6c3_b.jpg,Tomato leaf bacterial spot,1023,1024,JPEG,71834a03ec74620d0fef6896bd3a88b7,15088099238475618552,1799,1
tomato_bacterial_spot__7193983ada,train,tomato bacterial spot,19,data/images/train/tomato_bacterial_spot/tomato_bacterial_spot__7193983ada.jpg,512,384,train,train/Tomato leaf bacterial spot/bacterialSpeck03510339f27656b-1scmgh1.jpg,Tomato leaf bacterial spot,613,460,JPEG,7193983adaee5c086a29a8243bd351b7,15756668908895416934,1864,1
tomato_bacterial_spot__72e91979f3,train,tomato bacterial spot,19,data/images/train/tomato_bacterial_spot/tomato_bacterial_spot__72e91979f3.jpg,320,240,train,train/Tomato leaf bacterial spot/3bacterial-canker1.jpg,Tomato leaf bacterial spot,320,240,JPEG,72e91979f3570b57fe521ab27ff4ab47,1458148577676106380,1801,1
tomato_bacterial_spot__7320c9d188,train,tomato bacterial spot,19,data/images/train/tomato_bacterial_spot/tomato_bacterial_spot__7320c9d188.jpg,300,253,train,train/Tomato leaf bacterial spot/Leaf-Spot-300x253.jpg,Tomato leaf bacterial spot,300,253,JPEG,7320c9d188488d20984dc0d051de27ba,10172841222358527274,1831,1
tomato_bacterial_spot__78e5120d40,train,tomato bacterial spot,19,data/images/train/tomato_bacterial_spot/tomato_bacterial_spot__78e5120d40.jpg,440,512,train,train/Tomato leaf bacterial spot/bacterial-canker3x2400-2ia1kgd.jpg,Tomato leaf bacterial spot,2400,2791,JPEG,78e5120d4078348095896eecd5ca36ba,12734715636520660388,1854,2
tomato_bacterial_spot__7c7b0b5d1c,train,tomato bacterial spot,19,data/images/train/tomato_bacterial_spot/tomato_bacterial_spot__7c7b0b5d1c.jpg,221,384,train,train/Tomato leaf bacterial spot/Bacterial-speck-tomato-leaves.jpg,Tomato leaf bacterial spot,221,384,JPEG,7c7b0b5d1c1918326e4841d19a2881d2,8203531750906340078,1811,1
tomato_bacterial_spot__7cc8b4838d,train,tomato bacterial spot,19,data/images/train/tomato_bacterial_spot/tomato_bacterial_spot__7cc8b4838d.jpg,512,359,train,train/Tomato leaf bacterial spot/droppedImage_3.jpg,Tomato leaf bacterial spot,800,561,JPEG,7cc8b4838dd35b78584722d5ea8fb2e1,635265431359067537,1869,1
tomato_bacterial_spot__85fb5b42ca,train,tomato bacterial spot,19,data/images/train/tomato_bacterial_spot/tomato_bacterial_spot__85fb5b42ca.jpg,512,341,train,train/Tomato leaf bacterial spot/pddl-highlights-fig-1-bact-spot.jpg,Tomato leaf bacterial spot,1500,1000,JPEG,85fb5b42ca9c6bb136263e9eed099d0d,12864974139162748258,1877,1
tomato_bacterial_spot__8cce2d2eb2,train,tomato bacterial spot,19,data/images/train/tomato_bacterial_spot/tomato_bacterial_spot__8cce2d2eb2.jpg,288,195,train,train/Tomato leaf bacterial spot/4-6%20Keep%20bacterial%20diseasesMARY%20-%20D.jpg,Tomato leaf bacterial spot,288,195,JPEG,8cce2d2eb284237674c4dbca677e75d7,7919959653695539625,1802,1
tomato_bacterial_spot__8dca58ac18,train,tomato bacterial spot,19,data/images/train/tomato_bacterial_spot/tomato_bacterial_spot__8dca58ac18.jpg,474,512,train,train/Tomato leaf bacterial spot/Leaf%2Bsymptoms%2BMDA.jpg,Tomato leaf bacterial spot,1482,1600,JPEG,8dca58ac180bb461e74b6bb51556ae04,3702738213796230973,1830,1
tomato_bacterial_spot__8f426608c6,train,tomato bacterial spot,19,data/images/train/tomato_bacterial_spot/tomato_bacterial_spot__8f426608c6.jpg,411,512,train,train/Tomato leaf bacterial spot/110608-01-8356c-lg.jpg,Tomato leaf bacterial spot,823,1024,JPEG,8f426608c6fce525368ea3c25f1a5108,16425722694310612005,1793,1
tomato_bacterial_spot__90660b1d43,train,tomato bacterial spot,19,data/images/train/tomato_bacterial_spot/tomato_bacterial_spot__90660b1d43.jpg,460,300,train,train/Tomato leaf bacterial spot/bac.jpg,Tomato leaf bacterial spot,460,300,JPEG,90660b1d43fa99819682f693fa20f2e6,2145655773782125656,1849,1
tomato_bacterial_spot__910d313766,train,tomato bacterial spot,19,data/images/train/tomato_bacterial_spot/tomato_bacterial_spot__910d313766.jpg,261,316,train,train/Tomato leaf bacterial spot/Bacterial-spot-on-tomato-leaves.jpg,Tomato leaf bacterial spot,261,316,JPEG,910d313766da1d1f701f6d92ea4153df,12080383098561573558,1812,1
tomato_bacterial_spot__91c4beb3f3,train,tomato bacterial spot,19,data/images/train/tomato_bacterial_spot/tomato_bacterial_spot__91c4beb3f3.jpg,512,379,train,train/Tomato leaf bacterial spot/Figure-3-7.jpg,Tomato leaf bacterial spot,1117,827,JPEG,91c4beb3f3fc1214f06ac9fc2a1d0544,14526906954904281256,1825,1
tomato_bacterial_spot__91ed7f1442,train,tomato bacterial spot,19,data/images/train/tomato_bacterial_spot/tomato_bacterial_spot__91ed7f1442.jpg,400,230,test,test/Tomato leaf bacterial spot/Tom_Bact3.jpg,Tomato leaf bacterial spot,400,230,JPEG,91ed7f14422ca75f12e90e6f91854a65,10222288095312399830,2453,1
tomato_bacterial_spot__93d0fcd229,train,tomato bacterial spot,19,data/images/train/tomato_bacterial_spot/tomato_bacterial_spot__93d0fcd229.jpg,150,150,train,train/Tomato leaf bacterial spot/alter_cank2-150x150.jpg,Tomato leaf bacterial spot,150,150,JPEG,93d0fcd229c89b9b362f9d9b5791ac30,16765982645281404096,1845,1
tomato_bacterial_spot__97e93284de,train,tomato bacterial spot,19,data/images/train/tomato_bacterial_spot/tomato_bacterial_spot__97e93284de.jpg,400,300,train,train/Tomato leaf bacterial spot/bac_spot_tomato_leaf_l.jpg,Tomato leaf bacterial spot,400,300,JPEG,97e93284dedcf372b3cd010cba8c3d38,4846797308109797297,1851,1
tomato_bacterial_spot__9be765f452,train,tomato bacterial spot,19,data/images/train/tomato_bacterial_spot/tomato_bacterial_spot__9be765f452.jpg,226,150,train,train/Tomato leaf bacterial spot/Bacterial-spot-tomato.jpg,Tomato leaf bacterial spot,226,150,JPEG,9be765f45247005d865e78456b882a24,14514095810719145291,1813,1
tomato_bacterial_spot__a0c1175195,train,tomato bacterial spot,19,data/images/train/tomato_bacterial_spot/tomato_bacterial_spot__a0c1175195.jpg,512,384,train,train/Tomato leaf bacterial spot/bacterial-speck-tomato1x2400-275mmny.jpg,Tomato leaf bacterial spot,2400,1800,JPEG,a0c117519521a6ad616c8168ce02d6f1,3633939505079623323,1859,1
tomato_bacterial_spot__a10e62f1f7,train,tomato bacterial spot,19,data/images/train/tomato_bacterial_spot/tomato_bacterial_spot__a10e62f1f7.jpg,384,512,train,train/Tomato leaf bacterial spot/Bacterial_spots2276.jpg,Tomato leaf bacterial spot,600,800,JPEG,a10e62f1f7557bc7e3fd9ea65c7ef5b2,15311925172399214464,1817,1
tomato_bacterial_spot__a288176b83,train,tomato bacterial spot,19,data/images/train/tomato_bacterial_spot/tomato_bacterial_spot__a288176b83.jpg,300,300,train,train/Tomato leaf bacterial spot/image5_300x300%2523.JPG?1472755422.jpg,Tomato leaf bacterial spot,300,300,JPEG,a288176b83bb4b9b0dbbea65f3fcc748,13165982075090434802,1871,1
tomato_bacterial_spot__a48764e641,train,tomato bacterial spot,19,data/images/train/tomato_bacterial_spot/tomato_bacterial_spot__a48764e641.jpg,512,218,train,train/Tomato leaf bacterial spot/3182.jpg,Tomato leaf bacterial spot,1024,436,JPEG,a48764e641cf133212568962f7730bb2,9077050566834942833,1798,1
tomato_bacterial_spot__a5003ecd7c,train,tomato bacterial spot,19,data/images/train/tomato_bacterial_spot/tomato_bacterial_spot__a5003ecd7c.jpg,512,384,train,train/Tomato leaf bacterial spot/Figure-1-6.jpg,Tomato leaf bacterial spot,2048,1536,JPEG,a5003ecd7c0172b40c759c58cc1c5733,7122658724452944843,1824,1
tomato_bacterial_spot__a9866d68cb,train,tomato bacterial spot,19,data/images/train/tomato_bacterial_spot/tomato_bacterial_spot__a9866d68cb.jpg,512,340,train,train/Tomato leaf bacterial spot/tomato_bacterial-speck_03_zoom.jpg,Tomato leaf bacterial spot,900,598,JPEG,a9866d68cbcf65e80f6d698739947cfc,16926449853836716650,1885,1
tomato_bacterial_spot__aa81c8cfdf,train,tomato bacterial spot,19,data/images/train/tomato_bacterial_spot/tomato_bacterial_spot__aa81c8cfdf.jpg,500,263,test,test/Tomato leaf bacterial spot/Tomato%2BBacterial%2BSpot%2Bon%2BLeaves.jpg,Tomato leaf bacterial spot,500,263,JPEG,aa81c8cfdf58110556468415ecc4f86e,7363439000028277089,2455,1
tomato_bacterial_spot__aa8dc27d9f,train,tomato bacterial spot,19,data/images/train/tomato_bacterial_spot/tomato_bacterial_spot__aa8dc27d9f.jpg,338,470,train,train/Tomato leaf bacterial spot/stock-photo-bacterial-spot-on-tomato-559799107.jpg,Tomato leaf bacterial spot,338,470,JPEG,aa8dc27d9f6ffed3b9b3994e3312e381,5464125007278971195,1881,1
tomato_bacterial_spot__b3e75238c9,train,tomato bacterial spot,19,data/images/train/tomato_bacterial_spot/tomato_bacterial_spot__b3e75238c9.jpg,300,400,train,train/Tomato leaf bacterial spot/bacterialspottomato2.jpg,Tomato leaf bacterial spot,300,400,JPEG,b3e75238c93b939e483d5cb6f72508cf,15104004894844809587,1865,1
tomato_bacterial_spot__b626bacd69,train,tomato bacterial spot,19,data/images/train/tomato_bacterial_spot/tomato_bacterial_spot__b626bacd69.jpg,512,384,train,train/Tomato leaf bacterial spot/bacterialLeafSpot07-2jqdlmz.jpg,Tomato leaf bacterial spot,4000,3000,JPEG,b626bacd697561bf6aa5ca7d1e996f96,5556325403369161423,1863,1
tomato_bacterial_spot__b740c73e39,train,tomato bacterial spot,19,data/images/train/tomato_bacterial_spot/tomato_bacterial_spot__b740c73e39.jpg,326,235,train,train/Tomato leaf bacterial spot/05-069f12.jpg,Tomato leaf bacterial spot,326,235,JPEG,b740c73e39b68024b508afaad35de34a,9351764564089299658,1790,1
tomato_bacterial_spot__b7c5e35c22,train,tomato bacterial spot,19,data/images/train/tomato_bacterial_spot/tomato_bacterial_spot__b7c5e35c22.jpg,480,320,train,train/Tomato leaf bacterial spot/BacterialSpot07.jpg,Tomato leaf bacterial spot,480,320,JPEG,b7c5e35c229985ba76b9051f178f65bc,6384307091302200603,1815,1
tomato_bacterial_spot__bb1ae5c222,train,tomato bacterial spot,19,data/images/train/tomato_bacterial_spot/tomato_bacterial_spot__bb1ae5c222.jpg,384,512,train,train/Tomato leaf bacterial spot/image3_original.JPG?1472755422.jpg,Tomato leaf bacterial spot,480,640,JPEG,bb1ae5c222e5c913436482c331286aa7,1845229622033267266,1870,1
tomato_bacterial_spot__c23a204e0f,train,tomato bacterial spot,19,data/images/train/tomato_bacterial_spot/tomato_bacterial_spot__c23a204e0f.jpg,512,384,train,train/Tomato leaf bacterial spot/Canker-GHTom-CAG-leaf-collapse-copy-50-QUALITY-1ur7cyk.jpg,Tomato leaf bacterial spot,667,500,JPEG,c23a204e0fd0d99cf4aa203477a0bc67,13430403626200843468,1821,1
tomato_bacterial_spot__c44b095e26,train,tomato bacterial spot,19,data/images/train/tomato_bacterial_spot/tomato_bacterial_spot__c44b095e26.jpg,512,384,test,test/Tomato leaf bacterial spot/Bacterial_spots563.jpg,Tomato leaf bacterial spot,800,600,JPEG,c44b095e2690b59821b3b84323d92cba,15033475364923535079,2452,1
tomato_bacterial_spot__c48de8bf47,train,tomato bacterial spot,19,data/images/train/tomato_bacterial_spot/tomato_bacterial_spot__c48de8bf47.jpg,511,512,train,train/Tomato leaf bacterial spot/39765006175_e2f0da764d_b.jpg,Tomato leaf bacterial spot,1023,1024,JPEG,c48de8bf47077f093c2edf2129e2f704,18333684586034540647,1800,1
tomato_bacterial_spot__c5011a2a5a,train,tomato bacterial spot,19,data/images/train/tomato_bacterial_spot/tomato_bacterial_spot__c5011a2a5a.jpg,350,272,train,train/Tomato leaf bacterial spot/IN0335.jpg,Tomato leaf bacterial spot,350,272,JPEG,c5011a2a5a3cb1a91687e8c5da7faeaf,7796975997757996208,1827,1
tomato_bacterial_spot__c98b43ff73,train,tomato bacterial spot,19,data/images/train/tomato_bacterial_spot/tomato_bacterial_spot__c98b43ff73.jpg,512,512,train,train/Tomato leaf bacterial spot/Pest2371.jpg,Tomato leaf bacterial spot,600,600,JPEG,c98b43ff73245d406a00d074c22c57f8,578368204593983600,1836,1
tomato_bacterial_spot__cac5af75db,train,tomato bacterial spot,19,data/images/train/tomato_bacterial_spot/tomato_bacterial_spot__cac5af75db.jpg,512,347,train,train/Tomato leaf bacterial spot/bacterial-speck-tomato-2.jpg,Tomato leaf bacterial spot,3096,2097,JPEG,cac5af75dbdff0dd8e3f12d9bfe5529e,14160448026262462961,1857,1
tomato_bacterial_spot__cd6bd06e92,train,tomato bacterial spot,19,data/images/train/tomato_bacterial_spot/tomato_bacterial_spot__cd6bd06e92.jpg,512,384,train,train/Tomato leaf bacterial spot/Tomato%20greenhouse%20phythotoxicity03F.JPG.jpg,Tomato leaf bacterial spot,1024,768,JPEG,cd6bd06e92ab411a01401045483bcbfd,8536683895171008188,1840,1
tomato_bacterial_spot__cf445f58fb,train,tomato bacterial spot,19,data/images/train/tomato_bacterial_spot/tomato_bacterial_spot__cf445f58fb.jpg,512,341,test,test/Tomato leaf bacterial spot/bact-spot-fig-1.jpg,Tomato leaf bacterial spot,1226,817,JPEG,cf445f58fb1e8a95b56360cf99b458f3,10323976827582236308,2456,1
tomato_bacterial_spot__d39301a651,train,tomato bacterial spot,19,data/images/train/tomato_bacterial_spot/tomato_bacterial_spot__d39301a651.jpg,384,512,train,train/Tomato leaf bacterial spot/photo-1.jpg,Tomato leaf bacterial spot,750,1000,JPEG,d39301a651460c7ad0990a7fe698f7dc,10346654881668377517,1878,1
tomato_bacterial_spot__d52a121130,train,tomato bacterial spot,19,data/images/train/tomato_bacterial_spot/tomato_bacterial_spot__d52a121130.jpg,343,512,train,train/Tomato leaf bacterial spot/patarea-bacteriana-frunzelor-pseudomonas-syringae-maculicola-31_5_2.jpg,Tomato leaf bacterial spot,419,625,JPEG,d52a121130fdad8ff54f0acb83bba226,2380487965238435875,1876,1
tomato_bacterial_spot__d82d46f505,train,tomato bacterial spot,19,data/images/train/tomato_bacterial_spot/tomato_bacterial_spot__d82d46f505.jpg,512,384,train,train/Tomato leaf bacterial spot/Bacterial_spots562.jpg,Tomato leaf bacterial spot,800,600,JPEG,d82d46f50586f29a9dba94d5a7aa376d,10641750013568689198,1819,1
tomato_bacterial_spot__d8a0abddaf,train,tomato bacterial spot,19,data/images/train/tomato_bacterial_spot/tomato_bacterial_spot__d8a0abddaf.jpg,512,319,train,train/Tomato leaf bacterial spot/30290.jpg,Tomato leaf bacterial spot,1532,956,JPEG,d8a0abddaff3b263d07abfaad7864361,7008675040404206001,1797,1
tomato_bacterial_spot__db5cb46375,train,tomato bacterial spot,19,data/images/train/tomato_bacterial_spot/tomato_bacterial_spot__db5cb46375.jpg,450,210,train,train/Tomato leaf bacterial spot/Leafspotx450xBugwood.jpg,Tomato leaf bacterial spot,450,210,JPEG,db5cb463758b7758aed2e272178daa6a,3435890882887755575,1833,1
tomato_bacterial_spot__dfc03dd488,train,tomato bacterial spot,19,data/images/train/tomato_bacterial_spot/tomato_bacterial_spot__dfc03dd488.jpg,400,268,test,test/Tomato leaf bacterial spot/Tom_Bact7.jpg,Tomato leaf bacterial spot,400,268,JPEG,dfc03dd488c2ca607da4ca6bd7ac2485,15571235463217155276,2454,1
tomato_bacterial_spot__f324159c96,train,tomato bacterial spot,19,data/images/train/tomato_bacterial_spot/tomato_bacterial_spot__f324159c96.jpg,450,419,train,train/Tomato leaf bacterial spot/latest?cb=20100808132744.jpg,Tomato leaf bacterial spot,450,419,JPEG,f324159c961432247112682acfee1b5d,436648242149950247,1873,1
tomato_bacterial_spot__f3b92dadcc,train,tomato bacterial spot,19,data/images/train/tomato_bacterial_spot/tomato_bacterial_spot__f3b92dadcc.jpg,512,384,test,test/Tomato leaf bacterial spot/%2320+Bacterial+Spot+and+Speck.jpg,Tomato leaf bacterial spot,960,720,JPEG,f3b92dadcc0b2272223af4dfc4496d66,2981232548752882553,2451,1
tomato_bacterial_spot__f420b1274c,train,tomato bacterial spot,19,data/images/train/tomato_bacterial_spot/tomato_bacterial_spot__f420b1274c.jpg,512,384,train,train/Tomato leaf bacterial spot/Tomato%20bacterial%20canker.JPG.jpg,Tomato leaf bacterial spot,1024,768,JPEG,f420b1274c227bf07f905a053ba5952d,3453085909264550851,1839,1
tomato_bacterial_spot__f93860b40d,train,tomato bacterial spot,19,data/images/train/tomato_bacterial_spot/tomato_bacterial_spot__f93860b40d.jpg,512,384,train,train/Tomato leaf bacterial spot/a3fb24f84fe70e5d37352d13106531d6.jpg,Tomato leaf bacterial spot,638,479,JPEG,f93860b40dde3d9e04a29c5a24d06b88,15787185272341738769,1844,1
tomato_bacterial_spot__fb6052b2e3,train,tomato bacterial spot,19,data/images/train/tomato_bacterial_spot/tomato_bacterial_spot__fb6052b2e3.jpg,320,236,train,train/Tomato leaf bacterial spot/pp1244-05.jpeg.jpg,Tomato leaf bacterial spot,320,236,JPEG,fb6052b2e3267da7e45a1d4d80f205f1,12367893068118337800,1880,1
tomato_bacterial_spot__fbccd4125b,train,tomato bacterial spot,19,data/images/train/tomato_bacterial_spot/tomato_bacterial_spot__fbccd4125b.jpg,384,512,train,train/Tomato leaf bacterial spot/bacterial-canker4x640-1nz1vm7.jpg,Tomato leaf bacterial spot,640,853,JPEG,fbccd4125bc05fe34108398b6172d216,2473089929919449043,1855,1
tomato_early_blight__03c6180ad1,train,tomato early blight,20,data/images/train/tomato_early_blight/tomato_early_blight__03c6180ad1.jpg,512,347,train,train/Tomato Early blight leaf/tomato_D2b-Early-blight---RPitblado_zoom.jpg,Tomato Early blight leaf,847,574,JPEG,03c6180ad14e4c1107471567aa0d7c8e,15896797164551841074,1566,2
tomato_early_blight__06acafc925,train,tomato early blight,20,data/images/train/tomato_early_blight/tomato_early_blight__06acafc925.jpg,350,263,train,train/Tomato Early blight leaf/Early+Blight+-+Tomatoes.jpg,Tomato Early blight leaf,350,263,JPEG,06acafc92510e49d98bb1625eeea1215,6040422134554415006,1545,1
tomato_early_blight__115a861bd1,train,tomato early blight,20,data/images/train/tomato_early_blight/tomato_early_blight__115a861bd1.jpg,512,385,train,train/Tomato Early blight leaf/droppedImage_3-1.jpg,Tomato Early blight leaf,800,602,JPEG,115a861bd170ca620df7584c70cf1fea,3933142673699198056,1567,1
tomato_early_blight__1396c6fb4b,train,tomato early blight,20,data/images/train/tomato_early_blight/tomato_early_blight__1396c6fb4b.jpg,384,512,test,test/Tomato Early blight leaf/earlyblight21_.jpg,Tomato Early blight leaf,1704,2272,JPEG,1396c6fb4b2b58472ad095348c7bede4,14514370229855854644,2431,1
tomato_early_blight__1c1f20434f,train,tomato early blight,20,data/images/train/tomato_early_blight/tomato_early_blight__1c1f20434f.jpg,512,330,train,train/Tomato Early blight leaf/web1_copy_early-blight-6-_0.jpg,Tomato Early blight leaf,640,413,JPEG,1c1f20434f0f2300df02eddae7d9e85e,11768860584206146123,1600,1
tomato_early_blight__1f3b9651e8,train,tomato early blight,20,data/images/train/tomato_early_blight/tomato_early_blight__1f3b9651e8.jpg,512,343,train,train/Tomato Early blight leaf/Tomato-Alternaria-Early-Blight.jpg,Tomato Early blight leaf,3872,2592,JPEG,1f3b9651e8ca173b7fb43dfd59bc2745,1985962122015578262,1555,1
tomato_early_blight__24150aa99c,train,tomato early blight,20,data/images/train/tomato_early_blight/tomato_early_blight__24150aa99c.jpg,300,400,train,train/Tomato Early blight leaf/early-blight-of-tomato-tomato-1.jpg,Tomato Early blight leaf,300,400,JPEG,24150aa99cc0d84647680ad990d0bbae,14893331796373323003,1575,1
tomato_early_blight__285045da2a,train,tomato early blight,20,data/images/train/tomato_early_blight/tomato_early_blight__285045da2a.jpg,375,300,train,train/Tomato Early blight leaf/BCH%20medium%20thumbnail%20for%20upload%20%2836%29.jpg,Tomato Early blight leaf,375,300,JPEG,285045da2a107633776d2f95f86aae39,7630342640041604981,1543,1
tomato_early_blight__28b77b1b80,train,tomato early blight,20,data/images/train/tomato_early_blight/tomato_early_blight__28b77b1b80.jpg,499,332,train,train/Tomato Early blight leaf/early-blight-pp-labeled_orig.jpg,Tomato Early blight leaf,499,332,JPEG,28b77b1b803334f4a29a91a99209cefb,7538094253129429540,1539,2
tomato_early_blight__2b5935ae57,train,tomato early blight,20,data/images/train/tomato_early_blight/tomato_early_blight__2b5935ae57.jpg,275,206,train,train/Tomato Early blight leaf/Tomato-Early-Blight.jpg,Tomato Early blight leaf,275,206,JPEG,2b5935ae5741589ff2ffcb05d23dd802,3616554013151245553,1559,1
tomato_early_blight__30dc3b4dd8,train,tomato early blight,20,data/images/train/tomato_early_blight/tomato_early_blight__30dc3b4dd8.jpg,512,363,train,train/Tomato Early blight leaf/Tomato-early-blight_1_1-12wmver.jpg,Tomato Early blight leaf,813,576,JPEG,30dc3b4dd8f81f7f55ca53e18bd337a4,1434368889621345897,1562,1
tomato_early_blight__328cd21934,train,tomato early blight,20,data/images/train/tomato_early_blight/tomato_early_blight__328cd21934.jpg,150,150,test,test/Tomato Early blight leaf/early_blight1-150x150.jpg,Tomato Early blight leaf,150,150,JPEG,328cd219347e2fef44b8e55d677ed641,6410925864626461175,2430,1
tomato_early_blight__3be150b026,train,tomato early blight,20,data/images/train/tomato_early_blight/tomato_early_blight__3be150b026.jpg,500,334,train,train/Tomato Early blight leaf/30053_original.jpg,Tomato Early blight leaf,500,334,JPEG,3be150b0269ef46b4d3c3d0d47355717,7612802868973580764,1538,1
tomato_early_blight__42c2d51855,train,tomato early blight,20,data/images/train/tomato_early_blight/tomato_early_blight__42c2d51855.jpg,257,378,test,test/Tomato Early blight leaf/tomato_early-blight_01_zoom.jpg,Tomato Early blight leaf,257,378,JPEG,42c2d51855f247153f5fa440afc149b2,7248132266793847682,2432,1
tomato_early_blight__448c75fdfe,train,tomato early blight,20,data/images/train/tomato_early_blight/tomato_early_blight__448c75fdfe.jpg,512,382,train,train/Tomato Early blight leaf/p1020083cs.jpg,Tomato Early blight leaf,800,597,JPEG,448c75fdfeb11f782f1b1d2dac33fd20,13038119436924708517,1589,1
tomato_early_blight__47449060a7,train,tomato early blight,20,data/images/train/tomato_early_blight/tomato_early_blight__47449060a7.jpg,512,384,train,train/Tomato Early blight leaf/1058_0.jpeg?itok=OQkdtxgv.jpg,Tomato Early blight leaf,800,600,JPEG,47449060a78a0c428ac8df0e7dc4db95,11114016154479865908,1532,1
tomato_early_blight__4e2d05b2fc,train,tomato early blight,20,data/images/train/tomato_early_blight/tomato_early_blight__4e2d05b2fc.jpg,512,384,train,train/Tomato Early blight leaf/Tomato-Early-Blight-Leaf-Examples-Cornell-University.jpg,Tomato Early blight leaf,1200,900,JPEG,4e2d05b2fcdbd18fffd82883964afba7,10962647713725884713,1556,1
tomato_early_blight__4ecee7e4e0,train,tomato early blight,20,data/images/train/tomato_early_blight/tomato_early_blight__4ecee7e4e0.jpg,384,512,test,test/Tomato Early blight leaf/Shoemaker_7068.JPG.jpg,Tomato Early blight leaf,450,600,JPEG,4ecee7e4e00ea1442d6c94733a3ed06e,6772336495344883660,2427,1
tomato_early_blight__561af0000e,train,tomato early blight,20,data/images/train/tomato_early_blight/tomato_early_blight__561af0000e.jpg,512,342,train,train/Tomato Early blight leaf/eblight5.jpg,Tomato Early blight leaf,564,377,JPEG,561af0000e8b4c238cc93e4370a04851,12890096475844063537,1586,1
tomato_early_blight__566b963f76,train,tomato early blight,20,data/images/train/tomato_early_blight/tomato_early_blight__566b963f76.jpg,384,512,train,train/Tomato Early blight leaf/Tomato-Early-Blight-Leaves-Cornell-University.jpg,Tomato Early blight leaf,1200,1600,JPEG,566b963f7695a83ebb1c0989fed15725,18209202123270009904,1557,1
tomato_early_blight__60ed86831c,train,tomato early blight,20,data/images/train/tomato_early_blight/tomato_early_blight__60ed86831c.jpg,512,341,train,train/Tomato Early blight leaf/Early-blight-660x440.jpg,Tomato Early blight leaf,660,440,JPEG,60ed86831cb1f351ccb1cc82dadcceec,3743295908595967782,1547,1
tomato_early_blight__63dd541993,train,tomato early blight,20,data/images/train/tomato_early_blight/tomato_early_blight__63dd541993.jpg,360,512,train,train/Tomato Early blight leaf/early-blight-in-high-tunnel-tomatoes-19tm74h.jpg,Tomato Early blight leaf,2091,2978,JPEG,63dd54199343dfab41ec19e919b72bea,4320001620046034047,1573,1
tomato_early_blight__641b3bebf1,train,tomato early blight,20,data/images/train/tomato_early_blight/tomato_early_blight__641b3bebf1.jpg,512,384,train,train/Tomato Early blight leaf/IMG_0591.jpg,Tomato Early blight leaf,1920,1440,JPEG,641b3bebf1971b7454ad5283787f7e61,1804883723489507311,1550,1
tomato_early_blight__77dbb29e94,train,tomato early blight,20,data/images/train/tomato_early_blight/tomato_early_blight__77dbb29e94.jpg,400,300,train,train/Tomato Early blight leaf/early_blight_spots_l.jpg,Tomato Early blight leaf,400,300,JPEG,77dbb29e94ee5af3340e025ef1b1c42f,1935048737571758469,1579,1
tomato_early_blight__7e6df63bd3,train,tomato early blight,20,data/images/train/tomato_early_blight/tomato_early_blight__7e6df63bd3.jpg,512,340,train,train/Tomato Early blight leaf/tomato-early-blight-1.jpg,Tomato Early blight leaf,2048,1360,JPEG,7e6df63bd3b8540b442e6500750141c8,4052140398578836759,1594,1
tomato_early_blight__7f8f6f2382,train,tomato early blight,20,data/images/train/tomato_early_blight/tomato_early_blight__7f8f6f2382.jpg,512,384,train,train/Tomato Early blight leaf/tomato_early-blight_02_zoom.jpg,Tomato Early blight leaf,900,675,JPEG,7f8f6f238226098e4b007fec42da07a5,14766927817714610508,1596,1
tomato_early_blight__832fb5af6d,train,tomato early blight,20,data/images/train/tomato_early_blight/tomato_early_blight__832fb5af6d.jpg,512,354,train,train/Tomato Early blight leaf/tomato-blight-soil-treatment-early-tomato-blight-in-a-microcosm-lower-leaves-curl-up-and-die-bulls-eye-lesions-tomato-fungus-soil-treatment.jpg,Tomato Early blight leaf,1063,734,JPEG,832fb5af6db9288953a1b30b582b1f47,37618596017242828,1593,1
tomato_early_blight__8d773410ba,train,tomato early blight,20,data/images/train/tomato_early_blight/tomato_early_blight__8d773410ba.jpg,498,312,train,train/Tomato Early blight leaf/20020531-early%20blight%20%20starts%20on%20lower%20leaves.jpg,Tomato Early blight leaf,498,312,JPEG,8d773410ba4061a691d25dd7a2aa546e,16499197185157624044,1535,1
tomato_early_blight__90ae33308d,train,tomato early blight,20,data/images/train/tomato_early_blight/tomato_early_blight__90ae33308d.jpg,512,284,train,train/Tomato Early blight leaf/Early-bligh_t.jpg,Tomato Early blight leaf,810,450,JPEG,90ae33308d3ede91b59f904c63978bfc,3761719930109846339,1546,2
tomato_early_blight__91a4146c5f,train,tomato early blight,20,data/images/train/tomato_early_blight/tomato_early_blight__91a4146c5f.jpg,512,343,train,train/Tomato Early blight leaf/august-11-early-leaf-blight-single-leaf.jpg,Tomato Early blight leaf,3872,2592,JPEG,91a4146c5f59af84ed9fa3f5a020ddf8,14883901142492705178,1563,1
tomato_early_blight__984aca130d,train,tomato early blight,20,data/images/train/tomato_early_blight/tomato_early_blight__984aca130d.jpg,512,341,train,train/Tomato Early blight leaf/100_46341.jpg,Tomato Early blight leaf,2160,1440,JPEG,984aca130d51649c3f06e750e267c29d,8898041610562657489,1531,1
tomato_early_blight__9c22ec322c,train,tomato early blight,20,data/images/train/tomato_early_blight/tomato_early_blight__9c22ec322c.jpg,300,343,train,train/Tomato Early blight leaf/early-blight1.jpg,Tomato Early blight leaf,300,343,JPEG,9c22ec322c03cc11de285455f65c2731,15048805199408557599,1577,1
tomato_early_blight__a53793b57a,train,tomato early blight,20,data/images/train/tomato_early_blight/tomato_early_blight__a53793b57a.jpg,403,512,train,train/Tomato Early blight leaf/tomato_blight_early.jpg,Tomato Early blight leaf,600,762,JPEG,a53793b57ac5be839d6e7855de36cdfb,3700563782880430861,1595,1
tomato_early_blight__a75297aff3,train,tomato early blight,20,data/images/train/tomato_early_blight/tomato_early_blight__a75297aff3.jpg,512,341,train,train/Tomato Early blight leaf/early_blight_tomato.jpg,Tomato Early blight leaf,1008,672,JPEG,a75297aff3d106775b5fa63cf82a34d9,9910043002475275309,1580,1
tomato_early_blight__a8022c7fdb,train,tomato early blight,20,data/images/train/tomato_early_blight/tomato_early_blight__a8022c7fdb.jpg,298,246,train,train/Tomato Early blight leaf/earlyblight.jpg,Tomato Early blight leaf,298,246,JPEG,a8022c7fdb8cc7642b5d8f105f576904,7016908611985593712,1581,1
tomato_early_blight__adc798a6f1,train,tomato early blight,20,data/images/train/tomato_early_blight/tomato_early_blight__adc798a6f1.jpg,330,219,train,train/Tomato Early blight leaf/12July_mwnews_3-C.jpg,Tomato Early blight leaf,330,219,JPEG,adc798a6f1072bf61e53a33f5b1207ec,7704187147776476876,1533,1
tomato_early_blight__ae16de3972,train,tomato early blight,20,data/images/train/tomato_early_blight/tomato_early_blight__ae16de3972.jpg,512,346,train,train/Tomato Early blight leaf/FS547-2-big.jpg,Tomato Early blight leaf,640,433,JPEG,ae16de397264ee3280140c2d41ff7522,7517250365665263961,1549,1
tomato_early_blight__ae1ca3b7fd,train,tomato early blight,20,data/images/train/tomato_early_blight/tomato_early_blight__ae1ca3b7fd.jpg,236,314,train,train/Tomato Early blight leaf/8950022d45978228d5e44a35183efdb9--tomatoes-dyi.jpg,Tomato Early blight leaf,236,314,JPEG,ae1ca3b7fd5506a13d8e22c5223246d2,16260412778354775034,1542,1
tomato_early_blight__af17d66a9b,train,tomato early blight,20,data/images/train/tomato_early_blight/tomato_early_blight__af17d66a9b.jpg,512,459,train,train/Tomato Early blight leaf/Tomato-blight-large.jpg,Tomato Early blight leaf,600,538,JPEG,af17d66a9b311f359a7a1d79ba2b9731,8787759655279403202,1560,1
tomato_early_blight__afeb94cad0,train,tomato early blight,20,data/images/train/tomato_early_blight/tomato_early_blight__afeb94cad0.jpg,384,512,train,train/Tomato Early blight leaf/Tomato-Early-Blight-e1513806873934.jpg,Tomato Early blight leaf,500,667,JPEG,afeb94cad087fdf6e16a6245f97311cf,7387738702162453860,1558,1
tomato_early_blight__b233d50ba7,train,tomato early blight,20,data/images/train/tomato_early_blight/tomato_early_blight__b233d50ba7.jpg,341,512,train,train/Tomato Early blight leaf/early-blight-in-tomatoes.jpg,Tomato Early blight leaf,600,900,JPEG,b233d50ba7fa14f967fc7115cb9c27a7,13272289247571897449,1574,1
tomato_early_blight__b39b262d4d,train,tomato early blight,20,data/images/train/tomato_early_blight/tomato_early_blight__b39b262d4d.jpg,512,355,train,train/Tomato Early blight leaf/early%20blight%20%284%29.jpg?itok=gfK5C193.jpg,Tomato Early blight leaf,567,393,JPEG,b39b262d4df44b8e063764fd228fd2d4,1479118582156384330,1571,1
tomato_early_blight__b6b3be2de3,train,tomato early blight,20,data/images/train/tomato_early_blight/tomato_early_blight__b6b3be2de3.jpg,512,384,train,train/Tomato Early blight leaf/tomato_early-blight_03_zoom.jpg,Tomato Early blight leaf,900,675,JPEG,b6b3be2de3216e0fdb9e958d404b23ed,4701007463048242022,1597,1
tomato_early_blight__b82a0af162,train,tomato early blight,20,data/images/train/tomato_early_blight/tomato_early_blight__b82a0af162.jpg,512,384,train,train/Tomato Early blight leaf/Original_e-blight.JPG.rend.hgtvcom.966.725.jpeg.jpg,Tomato Early blight leaf,966,725,JPEG,b82a0af16210697f06925663b9acd074,16484456174109740654,1553,1
tomato_early_blight__b875174e85,train,tomato early blight,20,data/images/train/tomato_early_blight/tomato_early_blight__b875174e85.jpg,512,355,train,train/Tomato Early blight leaf/early%20blight%20%283%29.jpg?itok=UMYWI0xr.jpg,Tomato Early blight leaf,567,393,JPEG,b875174e85282183d747de4e83b23aa5,16273995403542970819,1570,1
tomato_early_blight__c34f9490f9,train,tomato early blight,20,data/images/train/tomato_early_blight/tomato_early_blight__c34f9490f9.jpg,401,512,train,train/Tomato Early blight leaf/early-blight-2x.jpg,Tomato Early blight leaf,450,575,JPEG,c34f9490f9b02b98c52b4aa68ece0a67,17902216905501107872,1572,1
tomato_early_blight__c37d8c7190,train,tomato early blight,20,data/images/train/tomato_early_blight/tomato_early_blight__c37d8c7190.jpg,448,336,train,train/Tomato Early blight leaf/tomatoearlyblight.jpg,Tomato Early blight leaf,448,336,JPEG,c37d8c71908fc74b02677427595d3ddb,12064402736937297614,1599,1
tomato_early_blight__d0635abc63,train,tomato early blight,20,data/images/train/tomato_early_blight/tomato_early_blight__d0635abc63.jpg,286,209,train,train/Tomato Early blight leaf/Tomato%20early%20blight%20target%20like%20leaf%20spot.jpg,Tomato Early blight leaf,286,209,JPEG,d0635abc6353ff74a2426702cd30909e,16192095845244613146,1554,1
tomato_early_blight__d20d7c1083,train,tomato early blight,20,data/images/train/tomato_early_blight/tomato_early_blight__d20d7c1083.jpg,399,512,train,train/Tomato Early blight leaf/early-blight-or-target-spot-alternaria-solani-lesions-on-a-tomato-BH3TH0.jpg,Tomato Early blight leaf,1083,1390,JPEG,d20d7c10836294d8bbeb60421176b231,5895476760923420678,1576,1
tomato_early_blight__d41dc6222c,train,tomato early blight,20,data/images/train/tomato_early_blight/tomato_early_blight__d41dc6222c.jpg,382,261,train,train/Tomato Early blight leaf/1576389-early%20blight%20symptoms.jpg,Tomato Early blight leaf,382,261,JPEG,d41dc6222c9517bef5c86070a971af0f,1990190544652886113,1534,1
tomato_early_blight__e06ec54e59,train,tomato early blight,20,data/images/train/tomato_early_blight/tomato_early_blight__e06ec54e59.jpg,512,384,test,test/Tomato Early blight leaf/dscn3175.jpg,Tomato Early blight leaf,2592,1944,JPEG,e06ec54e5983c45e532511695f00cf49,9422606092075151832,2429,1
tomato_early_blight__e41d721b1a,train,tomato early blight,20,data/images/train/tomato_early_blight/tomato_early_blight__e41d721b1a.jpg,512,384,train,train/Tomato Early blight leaf/tomato_q1hq-early-blight-5052_zoom.jpg,Tomato Early blight leaf,900,675,JPEG,e41d721b1a95fdae688ea609798b5ca0,5248050246822080303,1598,1
tomato_early_blight__e958ba22a3,train,tomato early blight,20,data/images/train/tomato_early_blight/tomato_early_blight__e958ba22a3.jpg,329,512,train,train/Tomato Early blight leaf/tomato-blight-phytophthora-infestans-early-stages-on-tomato-plant-b5n952.jpg,Tomato Early blight leaf,347,540,JPEG,e958ba22a3272743903083f35066e189,6511840685541152984,1592,1
tomato_early_blight__e97d59988b,train,tomato early blight,20,data/images/train/tomato_early_blight/tomato_early_blight__e97d59988b.jpg,448,448,test,test/Tomato Early blight leaf/100983448.jpg,Tomato Early blight leaf,448,448,JPEG,e97d59988b2d3aa3de2afc8c0b716f9d,17357123179182831645,2425,1
tomato_early_blight__ed244bc315,train,tomato early blight,20,data/images/train/tomato_early_blight/tomato_early_blight__ed244bc315.jpg,300,225,train,train/Tomato Early blight leaf/spotonleaf1.jpg,Tomato Early blight leaf,300,225,JPEG,ed244bc3159623247c83449910325cf8,2748925203065262842,1591,1
tomato_early_blight__f157329c3e,train,tomato early blight,20,data/images/train/tomato_early_blight/tomato_early_blight__f157329c3e.jpg,512,327,train,train/Tomato Early blight leaf/Early_blight_1.jpg?1376579808.jpg,Tomato Early blight leaf,800,511,JPEG,f157329c3e4db74f37d1e336021f11c1,8461658526973096625,1548,1
tomato_early_blight__f681e415dc,train,tomato early blight,20,data/images/train/tomato_early_blight/tomato_early_blight__f681e415dc.jpg,450,325,train,train/Tomato Early blight leaf/2373320.jpg,Tomato Early blight leaf,450,325,JPEG,f681e415dc0343e21ad1dc49bb4ca8f6,17090118765962744338,1537,1
tomato_early_blight__f77e54c252,train,tomato early blight,20,data/images/train/tomato_early_blight/tomato_early_blight__f77e54c252.jpg,384,512,train,train/Tomato Early blight leaf/ealryblight.jpg,Tomato Early blight leaf,600,800,JPEG,f77e54c2525119d7c950131273970de3,9807783234919397116,1569,1
tomato_early_blight__fa1a22838e,train,tomato early blight,20,data/images/train/tomato_early_blight/tomato_early_blight__fa1a22838e.jpg,512,384,test,test/Tomato Early blight leaf/039b47d574bc4bb8a14259a1cd96a741.jpg,Tomato Early blight leaf,638,479,JPEG,fa1a22838e982e0efba0a722731c6b3b,10209559659906,2424,1
tomato_early_blight__fbb8953b80,train,tomato early blight,20,data/images/train/tomato_early_blight/tomato_early_blight__fbb8953b80.jpg,512,384,train,train/Tomato Early blight leaf/dscn3168.jpg,Tomato Early blight leaf,2592,1944,JPEG,fbb8953b80ae398f952eeef93ba07b42,11212197120887105062,1568,1
tomato_early_blight__ff178d94a7,train,tomato early blight,20,data/images/train/tomato_early_blight/tomato_early_blight__ff178d94a7.jpg,500,333,train,train/Tomato Early blight leaf/8%20mistakes%204.jpg,Tomato Early blight leaf,500,333,JPEG,ff178d94a713917654cc7f418effa855,15226193005064241344,1541,1
tomato_healthy__03b9bdff31,train,tomato healthy,21,data/images/train/tomato_healthy/tomato_healthy__03b9bdff31.jpg,512,386,test,test/Tomato leaf/Tomato59.JPG.jpg,Tomato leaf,1600,1205,JPEG,03b9bdff3190393a64e957e12a208467,16260426986947499635,2448,1
tomato_healthy__03fb4836a4,train,tomato healthy,21,data/images/train/tomato_healthy/tomato_healthy__03fb4836a4.jpg,512,384,train,train/Tomato leaf/Fig-2.jpg,Tomato leaf,2048,1536,JPEG,03fb4836a4dd9661fe7090bb23b70905,2182923736942681501,1752,1
tomato_healthy__044baa4e16,train,tomato healthy,21,data/images/train/tomato_healthy/tomato_healthy__044baa4e16.jpg,512,384,train,train/Tomato leaf/tomato-leaf.jpg,Tomato leaf,1200,900,JPEG,044baa4e16f5167d7c5d5809f58d4d50,11040074260886029120,1784,1
tomato_healthy__0775eee024,train,tomato healthy,21,data/images/train/tomato_healthy/tomato_healthy__0775eee024.jpg,512,384,train,train/Tomato leaf/img_6635.jpg,Tomato leaf,4000,3000,JPEG,0775eee0240c07b1b5c0a1ca742f34c7,6945301379962693073,1768,1
tomato_healthy__08ee184134,train,tomato healthy,21,data/images/train/tomato_healthy/tomato_healthy__08ee184134.jpg,384,512,train,train/Tomato leaf/1686.jpg,Tomato leaf,1024,1365,JPEG,08ee184134eedab6ca96957a5c2549c7,7381947176024390009,1738,1
tomato_healthy__165178156f,train,tomato healthy,21,data/images/train/tomato_healthy/tomato_healthy__165178156f.jpg,512,377,train,train/Tomato leaf/tomato-leaves-9025906.jpg,Tomato leaf,1300,957,JPEG,165178156f9680280225213b6d1385b7,228278628642393077,1786,1
tomato_healthy__20db7b8b3c,train,tomato healthy,21,data/images/train/tomato_healthy/tomato_healthy__20db7b8b3c.jpg,512,502,train,train/Tomato leaf/009-e1373768789869.jpg,Tomato leaf,997,977,JPEG,20db7b8b3cbd31e2921a3aba71c99a42,7020721075233646923,1735,1
tomato_healthy__2294914633,train,tomato healthy,21,data/images/train/tomato_healthy/tomato_healthy__2294914633.jpg,512,463,train,train/Tomato leaf/tomato-leaves-17427786.jpg,Tomato leaf,1300,1175,JPEG,229491463314ba74fb116c5f86894f19,3271713505012171716,1785,1
tomato_healthy__2370d221b4,train,tomato healthy,21,data/images/train/tomato_healthy/tomato_healthy__2370d221b4.jpg,512,378,train,train/Tomato leaf/tomato-leaf-6424287.jpg,Tomato leaf,1300,960,JPEG,2370d221b4e42b38e3e67d877bcde2aa,580698848162620889,1781,1
tomato_healthy__23cf8f511a,train,tomato healthy,21,data/images/train/tomato_healthy/tomato_healthy__23cf8f511a.jpg,450,470,train,train/Tomato leaf/stock-photo-tomato-leaves-close-up-macro-shot-isolated-on-white-background-78796204.jpg,Tomato leaf,450,470,JPEG,23cf8f511a15baf61f7c7f5a09532378,7144407974447122189,1776,1
tomato_healthy__24d03aa0db,train,tomato healthy,21,data/images/train/tomato_healthy/tomato_healthy__24d03aa0db.jpg,512,386,train,train/Tomato leaf/15481477375.jpg,Tomato leaf,1600,1205,JPEG,24d03aa0db1c74f59606dd251bbad83c,12733073311658435832,1737,1
tomato_healthy__263d0b30d0,train,tomato healthy,21,data/images/train/tomato_healthy/tomato_healthy__263d0b30d0.jpg,512,360,train,train/Tomato leaf/depositphotos_120361722-stock-photo-tomato-leaf-closeup.jpg,Tomato leaf,1024,720,JPEG,263d0b30d049cd7314f9307c9bb425b8,675930744994727574,1761,1
tomato_healthy__26680066f2,train,tomato healthy,21,data/images/train/tomato_healthy/tomato_healthy__26680066f2.jpg,512,341,train,train/Tomato leaf/curling-issues.jpg,Tomato leaf,3888,2592,JPEG,26680066f28674f7776850e01b87f32e,8825055892513135351,1760,1
tomato_healthy__299f2dc66a,train,tomato healthy,21,data/images/train/tomato_healthy/tomato_healthy__299f2dc66a.jpg,512,384,train,train/Tomato leaf/2013-08-20-04.jpg,Tomato leaf,1600,1200,JPEG,299f2dc66a1c186036b5052302e7edc3,16692280757011124866,1742,1
tomato_healthy__3b38beb09a,train,tomato healthy,21,data/images/train/tomato_healthy/tomato_healthy__3b38beb09a.jpg,512,377,train,train/Tomato leaf/tomato-leaf-20728368.jpg,Tomato leaf,1300,957,JPEG,3b38beb09ae959e24cafc6d26300bdfa,3541530885218863588,1778,1
tomato_healthy__3b831263f6,train,tomato healthy,21,data/images/train/tomato_healthy/tomato_healthy__3b831263f6.jpg,512,343,train,train/Tomato leaf/tomato-leaves.jpg,Tomato leaf,3872,2592,JPEG,3b831263f6abed6e2f0261aec431ce36,11976817827904329107,1787,1
tomato_healthy__44166243c2,train,tomato healthy,21,data/images/train/tomato_healthy/tomato_healthy__44166243c2.jpg,512,368,train,train/Tomato leaf/IMG_3011.jpg,Tomato leaf,1023,735,JPEG,44166243c237b84a5f51d7d425dada5a,7233449781820658483,1754,1
tomato_healthy__483ac10d41,train,tomato healthy,21,data/images/train/tomato_healthy/tomato_healthy__483ac10d41.jpg,450,273,train,train/Tomato leaf/L.peruv-assort.jpg,Tomato leaf,450,273,JPEG,483ac10d41cc43f0b2e7326b5f6c2c55,1375591615599687947,1756,1
tomato_healthy__4cb9ea3de5,train,tomato healthy,21,data/images/train/tomato_healthy/tomato_healthy__4cb9ea3de5.jpg,389,512,train,train/Tomato leaf/tomato-leaf-isolated-white-34309524.jpg,Tomato leaf,987,1300,JPEG,4cb9ea3de52f165bd351844f66aa7e6f,3790358170151881742,1783,1
tomato_healthy__50097f0015,train,tomato healthy,21,data/images/train/tomato_healthy/tomato_healthy__50097f0015.jpg,512,384,train,train/Tomato leaf/IMG_2061.JPG.jpg,Tomato leaf,1600,1200,JPEG,50097f00157991005e74b3b77910ce68,11845979991645547283,1753,1
tomato_healthy__59c8df6969,train,tomato healthy,21,data/images/train/tomato_healthy/tomato_healthy__59c8df6969.jpg,512,341,train,train/Tomato leaf/Basil%2Binfected%2Bby%2BTomato%2BSpotted%2BWilt%2BVirus.jpg,Tomato leaf,1024,682,JPEG,59c8df696985731c6a857e7065f33bcf,10633793365179025094,1749,1
tomato_healthy__5b2f1abbd4,train,tomato healthy,21,data/images/train/tomato_healthy/tomato_healthy__5b2f1abbd4.jpg,302,512,train,train/Tomato leaf/fpls-08-01602-g001.jpg,Tomato leaf,560,948,JPEG,5b2f1abbd4b4f7d66676bea595a4063c,5732271055820366734,1765,1
tomato_healthy__6669978c64,train,tomato healthy,21,data/images/train/tomato_healthy/tomato_healthy__6669978c64.jpg,512,471,train,train/Tomato leaf/Bacterial-leaf-spot-transplants1.jpg,Tomato leaf,522,480,JPEG,6669978c64e2f9271537299fe4c000f0,2026278682624817655,1748,1
tomato_healthy__66ad587def,train,tomato healthy,21,data/images/train/tomato_healthy/tomato_healthy__66ad587def.jpg,512,376,train,train/Tomato leaf/stock-photo-leaves-of-tomato-plant-isolated-on-white-12085288.jpg,Tomato leaf,1500,1101,JPEG,66ad587def62f12feddeb7cecc4abbcb,4797201226606379414,1774,1
tomato_healthy__69ae07dce6,train,tomato healthy,21,data/images/train/tomato_healthy/tomato_healthy__69ae07dce6.jpg,457,512,test,test/Tomato leaf/1684.jpg,Tomato leaf,563,631,JPEG,69ae07dce6d928cbfccd6cf7298520f1,11068877065033756947,2443,1
tomato_healthy__6dafe6390e,train,tomato healthy,21,data/images/train/tomato_healthy/tomato_healthy__6dafe6390e.jpg,512,384,train,train/Tomato leaf/20140818-tomato-sauce-vicky-wasik-1.jpg,Tomato leaf,1500,1125,JPEG,6dafe6390ecc61ba712492265ceed870,15698097728997576754,1744,1
tomato_healthy__7267dc21e8,train,tomato healthy,21,data/images/train/tomato_healthy/tomato_healthy__7267dc21e8.jpg,512,384,train,train/Tomato leaf/2013-08-20-03.jpg,Tomato leaf,1600,1200,JPEG,7267dc21e8b9038a5464831f120bbc2e,4049837351410881163,1741,1
tomato_healthy__730b3a62ff,train,tomato healthy,21,data/images/train/tomato_healthy/tomato_healthy__730b3a62ff.jpg,512,407,train,train/Tomato leaf/late_blight_tomato_leaf4x1200.jpg,Tomato leaf,1200,953,JPEG,730b3a62ffbe187709ff5bafad4b1045,17499607373234657579,1769,1
tomato_healthy__75c41304ef,train,tomato healthy,21,data/images/train/tomato_healthy/tomato_healthy__75c41304ef.jpg,512,368,train,train/Tomato leaf/depositphotos_7182856-stock-photo-tomato-leaf.jpg,Tomato leaf,1023,735,JPEG,75c41304efdcefce23759d1b66d74e5c,4686610232973403789,1763,1
tomato_healthy__7e84de5747,train,tomato healthy,21,data/images/train/tomato_healthy/tomato_healthy__7e84de5747.jpg,512,395,train,train/Tomato leaf/tomato-leaf-26180166.jpg,Tomato leaf,1300,1003,JPEG,7e84de5747b235a6f67a2a3758f9ca9f,2619360113471984632,1779,1
tomato_healthy__821f723941,train,tomato healthy,21,data/images/train/tomato_healthy/tomato_healthy__821f723941.jpg,341,512,train,train/Tomato leaf/PxWBE.jpg,Tomato leaf,2520,3780,JPEG,821f723941dd2ac6aecfb1e49b4b6891,5094293873585740377,1758,1
tomato_healthy__8c8b681a24,train,tomato healthy,21,data/images/train/tomato_healthy/tomato_healthy__8c8b681a24.jpg,375,512,train,train/Tomato leaf/tomato-vine-ripe-leaves-isolated-against-white-34863029.jpg,Tomato leaf,953,1300,JPEG,8c8b681a243192d61df0f069c0076bd2,9830348975378287616,1788,1
tomato_healthy__9089db404a,train,tomato healthy,21,data/images/train/tomato_healthy/tomato_healthy__9089db404a.jpg,512,384,test,test/Tomato leaf/2013-08-20-06.jpg,Tomato leaf,1600,1200,JPEG,9089db404a4bc69f03bd695b7d78e980,16349070576930898914,2444,1
tomato_healthy__9d637807a8,train,tomato healthy,21,data/images/train/tomato_healthy/tomato_healthy__9d637807a8.jpg,382,512,train,train/Tomato leaf/mortgage-lifter-yellow-leaves-2.jpg,Tomato leaf,968,1296,JPEG,9d637807a85352005cde8b03f13e4a6b,7883113481524201246,1770,1
tomato_healthy__9f531b91c7,train,tomato healthy,21,data/images/train/tomato_healthy/tomato_healthy__9f531b91c7.jpg,512,384,train,train/Tomato leaf/DSCN1016.JPG.jpg,Tomato leaf,1600,1200,JPEG,9f531b91c7d732774788ef4f1a62f177,17551808184321431760,1751,1
tomato_healthy__a3812c3b45,train,tomato healthy,21,data/images/train/tomato_healthy/tomato_healthy__a3812c3b45.jpg,512,384,train,train/Tomato leaf/20130609_151253_zpsc7d93f62.jpg,Tomato leaf,1024,768,JPEG,a3812c3b450d5df53d52190f2857efea,7741683145813493614,1743,1
tomato_healthy__a51fbc618f,train,tomato healthy,21,data/images/train/tomato_healthy/tomato_healthy__a51fbc618f.jpg,384,512,train,train/Tomato leaf/100_8283.jpg,Tomato leaf,1932,2576,JPEG,a51fbc618fc5fb00259f54c49e60da95,5299031112643831012,1736,1
tomato_healthy__a8fbee1ee6,train,tomato healthy,21,data/images/train/tomato_healthy/tomato_healthy__a8fbee1ee6.jpg,498,512,train,train/Tomato leaf/9bfac1dea7f401e3b379dab33f535bb4.jpg,Tomato leaf,1037,1066,JPEG,a8fbee1ee6efda130608a9b8c6e30df8,15372376889157341593,1747,1
tomato_healthy__bedcedb8ed,train,tomato healthy,21,data/images/train/tomato_healthy/tomato_healthy__bedcedb8ed.jpg,450,360,train,train/Tomato leaf/stock-photo-tomato-leaf-isolated-on-white-background-580281301.jpg,Tomato leaf,450,360,JPEG,bedcedb8ed191a84528e1a4a67badcfc,4800016980173674758,1775,1
tomato_healthy__bf6983dfe8,train,tomato healthy,21,data/images/train/tomato_healthy/tomato_healthy__bf6983dfe8.jpg,512,384,train,train/Tomato leaf/tomato-leaf-close-up.jpg,Tomato leaf,3264,2448,JPEG,bf6983dfe85d834722709d7cb2b05af0,14604176131412938294,1782,1
tomato_healthy__c16369ba7d,train,tomato healthy,21,data/images/train/tomato_healthy/tomato_healthy__c16369ba7d.jpg,384,512,train,train/Tomato leaf/p1011399.jpg,Tomato leaf,2000,2667,JPEG,c16369ba7dc0fa1fcc8dffb8f8194c9b,1010554950485616174,1771,1
tomato_healthy__c34c640670,train,tomato healthy,21,data/images/train/tomato_healthy/tomato_healthy__c34c640670.jpg,512,512,train,train/Tomato leaf/IMG_3192.JPG.jpg,Tomato leaf,1600,1600,JPEG,c34c64067043c58b66d9a8e94fce0992,14815314950357103945,1755,1
tomato_healthy__c43ee7aec8,train,tomato healthy,21,data/images/train/tomato_healthy/tomato_healthy__c43ee7aec8.jpg,512,384,train,train/Tomato leaf/003.JPG.jpg,Tomato leaf,1600,1200,JPEG,c43ee7aec83bf4b8e057029dfedfc22b,6293330514222437172,1734,1
tomato_healthy__d45dc13a4e,train,tomato healthy,21,data/images/train/tomato_healthy/tomato_healthy__d45dc13a4e.jpg,341,512,train,train/Tomato leaf/flies.jpg,Tomato leaf,2592,3888,JPEG,d45dc13a4ef19e875e35cf127a8a5fd2,17361587917125442032,1764,1
tomato_healthy__dcfc84683d,train,tomato healthy,21,data/images/train/tomato_healthy/tomato_healthy__dcfc84683d.jpg,384,512,test,test/Tomato leaf/90e2c0.jpg,Tomato leaf,1000,1333,JPEG,dcfc84683d59c33927129ea7cf615112,7090034230340147922,2445,1
tomato_healthy__dd2a681c07,train,tomato healthy,21,data/images/train/tomato_healthy/tomato_healthy__dd2a681c07.jpg,442,512,train,train/Tomato leaf/20160428_080421.jpg,Tomato leaf,1036,1200,JPEG,dd2a681c07dbc55ef982de1a46e2f809,11405665513730528105,1746,1
tomato_healthy__e14b1a6b2f,train,tomato healthy,21,data/images/train/tomato_healthy/tomato_healthy__e14b1a6b2f.jpg,512,388,train,train/Tomato leaf/depositphotos_143371585-stock-photo-tomato-leaf-closeup-isolated-on.jpg,Tomato leaf,1600,1212,JPEG,e14b1a6b2ff987575374cdf68f45e15b,578439439931811336,1762,1
tomato_healthy__e4eea971d1,train,tomato healthy,21,data/images/train/tomato_healthy/tomato_healthy__e4eea971d1.jpg,512,425,train,train/Tomato leaf/single-a-green-leaf-of-tomato-picture-id496662675?k=6&m=496662675&s=612x612&w=0&h=6zKfv022H_9cLQSIR_kpcOAlTeg1eIVtLBbc80PQA7Y=.jpg,Tomato leaf,612,508,JPEG,e4eea971d1f947e96cfdccce18202d40,294447070914686728,1773,1
tomato_healthy__f186cb79af,train,tomato healthy,21,data/images/train/tomato_healthy/tomato_healthy__f186cb79af.jpg,512,384,test,test/Tomato leaf/IMG_1246.jpg,Tomato leaf,1600,1200,JPEG,f186cb79af2939404c4f64e948c734a9,11354087438889703247,2447,1
tomato_healthy__f67029ccfa,train,tomato healthy,21,data/images/train/tomato_healthy/tomato_healthy__f67029ccfa.jpg,512,291,train,train/Tomato leaf/russian-2-319-dt-2010-leaves-high-tunnel-9-29-2014-c.jpg,Tomato leaf,2758,1566,JPEG,f67029ccfa719afd700fb58572416651,992292030955885218,1772,1
tomato_healthy__fc3c4dcda0,train,tomato healthy,21,data/images/train/tomato_healthy/tomato_healthy__fc3c4dcda0.jpg,512,512,train,train/Tomato leaf/17371378-tomato-leaf.jpg,Tomato leaf,800,800,JPEG,fc3c4dcda0c4d12ed4532d8dcd68020b,886449422560136460,1740,1
tomato_late_blight__0cc4b8d1fb,train,tomato late blight,22,data/images/train/tomato_late_blight/tomato_late_blight__0cc4b8d1fb.jpg,512,384,train,train/Tomato leaf late blight/late_blight_tomato_unusual-symptomsx1200.jpg,Tomato leaf late blight,1200,900,JPEG,0cc4b8d1fb781c25faa0a0a1804a50b8,17065083779354370674,1948,1
tomato_late_blight__12dee4a0cc,train,tomato late blight,22,data/images/train/tomato_late_blight/tomato_late_blight__12dee4a0cc.jpg,512,287,train,train/Tomato leaf late blight/Late-blight-on-a-tomato-leaf.jpg,Tomato leaf late blight,720,404,JPEG,12dee4a0cce0225fa729a7b30ca17e66,14763583322753390102,1907,1
tomato_late_blight__154bd61cbe,train,tomato late blight,22,data/images/train/tomato_late_blight/tomato_late_blight__154bd61cbe.jpg,512,343,train,train/Tomato leaf late blight/Late_blight_on_tomato_leaf_%287871756748%29.jpg,Tomato leaf late blight,3872,2592,JPEG,154bd61cbe18e62d06752261157e46a4,7817825039420018852,1915,1
tomato_late_blight__184f3d3fe7,train,tomato late blight,22,data/images/train/tomato_late_blight/tomato_late_blight__184f3d3fe7.jpg,300,336,train,train/Tomato leaf late blight/600.jpg,Tomato leaf late blight,300,336,JPEG,184f3d3fe7b506b346cd1b1093c9de2b,9477701235530468263,1891,1
tomato_late_blight__1a700a8bfc,train,tomato late blight,22,data/images/train/tomato_late_blight/tomato_late_blight__1a700a8bfc.jpg,512,512,train,train/Tomato leaf late blight/Late-blight-tomato-leaf-VikramBisht-MBag.jpg,Tomato leaf late blight,1000,1000,JPEG,1a700a8bfc93c553f87dc85213095219,4079075307648215401,1909,1
tomato_late_blight__1ba2d3b746,train,tomato late blight,22,data/images/train/tomato_late_blight/tomato_late_blight__1ba2d3b746.jpg,512,384,train,train/Tomato leaf late blight/IMG_4182.JPG.jpg,Tomato leaf late blight,1024,768,JPEG,1ba2d3b746ca5835cfddf5bd8c38f139,11148158924487767469,1900,1
tomato_late_blight__1c739a9d8a,train,tomato late blight,22,data/images/train/tomato_late_blight/tomato_late_blight__1c739a9d8a.jpg,512,384,train,train/Tomato leaf late blight/late_blight_tomato_leaf1x1200.jpg,Tomato leaf late blight,1200,900,JPEG,1c739a9d8ad16ae325aa27cde8263f50,3717034361618543554,1941,1
tomato_late_blight__1e39a731dc,train,tomato late blight,22,data/images/train/tomato_late_blight/tomato_late_blight__1e39a731dc.jpg,512,384,train,train/Tomato leaf late blight/late_blight_tomato_leaf_.jpg,Tomato leaf late blight,1200,900,JPEG,1e39a731dc103e1f019d6e7ba0dd678b,15093085666584146325,1944,1
tomato_late_blight__1ea7739743,train,tomato late blight,22,data/images/train/tomato_late_blight/tomato_late_blight__1ea7739743.jpg,400,268,test,test/Tomato leaf late blight/LateBlt09_06.jpg,Tomato leaf late blight,400,268,JPEG,1ea77397432ebae186f737635442fa44,12522086631063360339,2463,1
tomato_late_blight__2224fea3eb,train,tomato late blight,22,data/images/train/tomato_late_blight/tomato_late_blight__2224fea3eb.jpg,512,384,train,train/Tomato leaf late blight/tomato_late-blight_03_zoom.jpg,Tomato leaf late blight,900,675,JPEG,2224fea3eb7626e14e09e11fd02c8eca,7558554137708728451,1976,1
tomato_late_blight__25e660e86e,train,tomato late blight,22,data/images/train/tomato_late_blight/tomato_late_blight__25e660e86e.jpg,512,384,train,train/Tomato leaf late blight/LateBlight-Tomato-JJ-2009-17nxg4q.jpg,Tomato leaf late blight,1280,960,JPEG,25e660e86e677b7de48d6c68ca6cfda9,15614024353703837895,1911,1
tomato_late_blight__35c69bfe10,train,tomato late blight,22,data/images/train/tomato_late_blight/tomato_late_blight__35c69bfe10.jpg,512,384,train,train/Tomato leaf late blight/late_blight_tomato_leaf_sporex1200.jpg,Tomato leaf late blight,1200,900,JPEG,35c69bfe1069119fe7549ce65c1c1528,9704899366690556388,1945,1
tomato_late_blight__36c6128190,train,tomato late blight,22,data/images/train/tomato_late_blight/tomato_late_blight__36c6128190.jpg,512,240,train,train/Tomato leaf late blight/late_blight_tomato_leaf5x12001-650x305.jpg,Tomato leaf late blight,650,305,JPEG,36c6128190816c3a248355f12eecd255,16204207533575534712,1942,1
tomato_late_blight__3ff783ae69,train,tomato late blight,22,data/images/train/tomato_late_blight/tomato_late_blight__3ff783ae69.jpg,512,414,train,train/Tomato leaf late blight/FS547-6-big.jpg,Tomato leaf late blight,640,517,JPEG,3ff783ae69e96e91be6276056658f826,16052461885425411884,1896,1
tomato_late_blight__427ca0c005,train,tomato late blight,22,data/images/train/tomato_late_blight/tomato_late_blight__427ca0c005.jpg,384,512,train,train/Tomato leaf late blight/LateBlight-Leaflet-Large-Spot_9005-ROTATED-sbzntn.jpg,Tomato leaf late blight,1704,2272,JPEG,427ca0c005977fa4420d60c17c11fb48,17506046923166511449,1910,1
tomato_late_blight__441372e994,train,tomato late blight,22,data/images/train/tomato_late_blight/tomato_late_blight__441372e994.jpg,510,512,train,train/Tomato leaf late blight/tomato-late-blight-phytophthora-infestans-necrosis-sporulation-on-a-tomato-leaf-underside-XA233C.jpg,Tomato leaf late blight,1300,1304,JPEG,441372e9942d6808a6ac1ff057941a03,665526592822486243,1970,1
tomato_late_blight__48efe203fc,train,tomato late blight,22,data/images/train/tomato_late_blight/tomato_late_blight__48efe203fc.jpg,512,387,train,train/Tomato leaf late blight/tomato-late-blight-phytophthora-infestans-on-tomato-leaves-a15ym0.jpg,Tomato leaf late blight,640,484,JPEG,48efe203fc64d6177323067a37dd4efc,16476587309956967722,1971,1
tomato_late_blight__4a3b048d04,train,tomato late blight,22,data/images/train/tomato_late_blight/tomato_late_blight__4a3b048d04.jpg,512,384,train,train/Tomato leaf late blight/Tomato_Blight_Leaves.JPG.jpg,Tomato leaf late blight,1600,1200,JPEG,4a3b048d04acbf8c6b7b5859d752f0cb,5567738163735467669,1924,1
tomato_late_blight__4a9686071e,train,tomato late blight,22,data/images/train/tomato_late_blight/tomato_late_blight__4a9686071e.jpg,512,399,train,train/Tomato leaf late blight/late_blight_2013_longisland1x1200.jpg,Tomato leaf late blight,1200,936,JPEG,4a9686071e19dd8ef29b3c8f27ce4b8b,17616344341429035814,1936,1
tomato_late_blight__4c49ff2d32,train,tomato late blight,22,data/images/train/tomato_late_blight/tomato_late_blight__4c49ff2d32.jpg,512,410,train,train/Tomato leaf late blight/dsc_8140cs.jpg,Tomato leaf late blight,1412,1132,JPEG,4c49ff2d32ce685f8f489e5b7f572d02,11791447802422736741,1927,1
tomato_late_blight__4d847388c1,train,tomato late blight,22,data/images/train/tomato_late_blight/tomato_late_blight__4d847388c1.jpg,512,331,train,train/Tomato leaf late blight/late-blight-tomato-leaf.jpg,Tomato leaf late blight,680,440,JPEG,4d847388c1066d71ee70a88739928083,4417686207201616673,1933,1
tomato_late_blight__548a25e7a1,train,tomato late blight,22,data/images/train/tomato_late_blight/tomato_late_blight__548a25e7a1.jpg,512,384,train,train/Tomato leaf late blight/Late-Blight-on-Tomato-4JDill.jpg,Tomato leaf late blight,960,720,JPEG,548a25e7a12238f90035d87180ab960f,871792213935916501,1905,1
tomato_late_blight__55996f3c1e,train,tomato late blight,22,data/images/train/tomato_late_blight/tomato_late_blight__55996f3c1e.jpg,384,512,train,train/Tomato leaf late blight/2017-08-27%2B-%2BLate%2BBlight%2Bon%2BGypsy%2B1.jpg,Tomato leaf late blight,1200,1600,JPEG,55996f3c1e28af109ae0d8271f964dfb,13930016259007791895,1889,1
tomato_late_blight__5933e6ad1e,train,tomato late blight,22,data/images/train/tomato_late_blight/tomato_late_blight__5933e6ad1e.jpg,512,389,train,train/Tomato leaf late blight/TomatoLateBlightTop.jpg,Tomato leaf late blight,3111,2364,JPEG,5933e6ad1e9750e59f5fd2ad9e65cc02,3551452910840070010,1923,1
tomato_late_blight__59b1cf5825,train,tomato late blight,22,data/images/train/tomato_late_blight/tomato_late_blight__59b1cf5825.jpg,407,512,train,train/Tomato leaf late blight/tomato-late-blight-phytophthora-infestans-lesions-on-greenhouse-grown-ATA11J.jpg,Tomato leaf late blight,1104,1390,JPEG,59b1cf5825ce1ba06ac45ac9a0125d42,8301197148573557251,1967,1
tomato_late_blight__6072348280,train,tomato late blight,22,data/images/train/tomato_late_blight/tomato_late_blight__6072348280.jpg,512,373,train,train/Tomato leaf late blight/tomato.early.blightH.jpg,Tomato leaf late blight,582,424,JPEG,6072348280a3a8f26a1b369fce36930a,15558218818404509238,1973,1
tomato_late_blight__607b5aa33f,train,tomato late blight,22,data/images/train/tomato_late_blight/tomato_late_blight__607b5aa33f.jpg,512,341,test,test/Tomato leaf late blight/110822-206-Tomato-blight.jpg,Tomato leaf late blight,750,499,JPEG,607b5aa33f274e54f7b72ae46eba0887,7218168562651881777,2458,1
tomato_late_blight__61879f610d,train,tomato late blight,22,data/images/train/tomato_late_blight/tomato_late_blight__61879f610d.jpg,408,512,train,train/Tomato leaf late blight/late_blight_tomato_transplant2x1200.jpg,Tomato leaf late blight,1200,1507,JPEG,61879f610deb3167a1a0bb1c2f7bf0ed,911382872955368323,1947,1
tomato_late_blight__6a18c06552,train,tomato late blight,22,data/images/train/tomato_late_blight/tomato_late_blight__6a18c06552.jpg,512,384,train,train/Tomato leaf late blight/symptoms_of_late_blight.jpg2__0.jpg,Tomato leaf late blight,1431,1073,JPEG,6a18c06552cc54f94cd8c00ad97dfd15,13950331837229753548,1922,2
tomato_late_blight__6ba1300099,train,tomato late blight,22,data/images/train/tomato_late_blight/tomato_late_blight__6ba1300099.jpg,512,384,test,test/Tomato leaf late blight/636368370164094909-late-blight-15-.jpg,Tomato leaf late blight,540,405,JPEG,6ba1300099da0822038fc2e39309e102,11317306499246573469,2459,1
tomato_late_blight__6cf6c8f47b,train,tomato late blight,22,data/images/train/tomato_late_blight/tomato_late_blight__6cf6c8f47b.jpg,512,377,train,train/Tomato leaf late blight/late_blight_drought_leavescuux1200.jpg,Tomato leaf late blight,2964,2184,JPEG,6cf6c8f47bf6a191d990f991a8d11314,10135006376748348019,1939,1
tomato_late_blight__6f05b1ba0e,train,tomato late blight,22,data/images/train/tomato_late_blight/tomato_late_blight__6f05b1ba0e.jpg,400,266,train,train/Tomato leaf late blight/LateBlt09_05.jpg,Tomato leaf late blight,400,266,JPEG,6f05b1ba0ef627c056ffea3749744b0b,7234886904711933510,1912,1
tomato_late_blight__723c0872b9,train,tomato late blight,22,data/images/train/tomato_late_blight/tomato_late_blight__723c0872b9.jpg,512,499,test,test/Tomato leaf late blight/dsc_8148cs.jpg,Tomato leaf late blight,1299,1267,JPEG,723c0872b986580159443a60b9b0b828,12957264578153340775,2464,1
tomato_late_blight__7b52e68439,train,tomato late blight,22,data/images/train/tomato_late_blight/tomato_late_blight__7b52e68439.jpg,512,259,train,train/Tomato leaf late blight/Late_Blight_2.jpg,Tomato leaf late blight,563,285,JPEG,7b52e68439bcc8c7a5a13425be5f3e9d,11936758702794838662,1914,1
tomato_late_blight__7bd490e5fa,train,tomato late blight,22,data/images/train/tomato_late_blight/tomato_late_blight__7bd490e5fa.jpg,341,239,train,train/Tomato leaf late blight/August-17-2012-Supplemental-6.jpg,Tomato leaf late blight,341,239,JPEG,7bd490e5fafdeaab75322b68a4e34d17,7986145967622039331,1894,1
tomato_late_blight__80b4849127,train,tomato late blight,22,data/images/train/tomato_late_blight/tomato_late_blight__80b4849127.jpg,512,344,train,train/Tomato leaf late blight/TOMATO%20LATE%20BLIGHT%20ON%20LEAF.jpg,Tomato leaf late blight,818,550,JPEG,80b48491272d7b6d4ccf918a837b4ea9,3660517140519739684,1916,1
tomato_late_blight__86a9121cd2,train,tomato late blight,22,data/images/train/tomato_late_blight/tomato_late_blight__86a9121cd2.jpg,512,443,train,train/Tomato leaf late blight/tomato-late-blight-sporulation-on-a-tomato-leaflet-picture-id81781370?s=612x612.jpg,Tomato leaf late blight,612,529,JPEG,86a9121cd2134ea75839c67737bc3902,5526321813516452077,1972,1
tomato_late_blight__8711bd2118,train,tomato late blight,22,data/images/train/tomato_late_blight/tomato_late_blight__8711bd2118.jpg,500,375,train,train/Tomato leaf late blight/lbleaf.jpg,Tomato leaf late blight,500,375,JPEG,8711bd211866c4b9bc29e52ec292a513,3488717628004090310,1956,1
tomato_late_blight__87211790c3,train,tomato late blight,22,data/images/train/tomato_late_blight/tomato_late_blight__87211790c3.jpg,512,341,train,train/Tomato leaf late blight/IMG_2254.JPG.jpg,Tomato leaf late blight,1600,1067,JPEG,87211790c33baed33429c58e65865e26,10740128097199966151,1899,1
tomato_late_blight__96e6cac129,train,tomato late blight,22,data/images/train/tomato_late_blight/tomato_late_blight__96e6cac129.jpg,512,347,train,train/Tomato leaf late blight/late-blight-tom-leaf.jpg,Tomato leaf late blight,768,521,JPEG,96e6cac1295483ba294de6f5a62f978b,18143757231670073884,1932,1
tomato_late_blight__9a9be79cd6,train,tomato late blight,22,data/images/train/tomato_late_blight/tomato_late_blight__9a9be79cd6.jpg,384,512,train,train/Tomato leaf late blight/tomato_late-blight_05_zoom.jpg,Tomato leaf late blight,900,1200,JPEG,9a9be79cd6d5944ec43b9fb06cb74739,17995459101617355001,1977,1
tomato_late_blight__9ce8ba5433,train,tomato late blight,22,data/images/train/tomato_late_blight/tomato_late_blight__9ce8ba5433.jpg,512,348,train,train/Tomato leaf late blight/tomato-late-blight-conn-2015-137c.jpg,Tomato leaf late blight,1755,1192,JPEG,9ce8ba5433c5cd263b8466f94e3bf847,9313569993184047842,1963,1
tomato_late_blight__9d20e0bb32,train,tomato late blight,22,data/images/train/tomato_late_blight/tomato_late_blight__9d20e0bb32.jpg,374,512,train,train/Tomato leaf late blight/gardening-moisture-lateblight-tomato-leaf.jpg,Tomato leaf late blight,1738,2380,JPEG,9d20e0bb32ccbca146e78fb4ac18b336,13038757159120525773,1928,1
tomato_late_blight__9e9118a770,train,tomato late blight,22,data/images/train/tomato_late_blight/tomato_late_blight__9e9118a770.jpg,512,384,train,train/Tomato leaf late blight/late-blight-fungicides.jpg,Tomato leaf late blight,2400,1800,JPEG,9e9118a77074c667fcf9a2611dad2fec,802492322708587776,1930,1
tomato_late_blight__9eac06eefb,train,tomato late blight,22,data/images/train/tomato_late_blight/tomato_late_blight__9eac06eefb.jpg,512,288,train,train/Tomato leaf late blight/TomatoBlight.JPG.jpg,Tomato leaf late blight,1080,608,JPEG,9eac06eefb2710201687e2bf6027d281,7454280905382055259,1921,1
tomato_late_blight__9ffe6f83d6,train,tomato late blight,22,data/images/train/tomato_late_blight/tomato_late_blight__9ffe6f83d6.jpg,384,512,train,train/Tomato leaf late blight/lb_leaf_lesions4x1200.jpg,Tomato leaf late blight,1200,1600,JPEG,9ffe6f83d644f5798a348461632daab0,14540939453945930988,1955,1
tomato_late_blight__a17999341e,train,tomato late blight,22,data/images/train/tomato_late_blight/tomato_late_blight__a17999341e.jpg,512,384,train,train/Tomato leaf late blight/lateblight2.jpg,Tomato leaf late blight,800,600,JPEG,a17999341efcb76be494e26f580cf244,9237009115966110819,1949,1
tomato_late_blight__a6ff5a8c2e,train,tomato late blight,22,data/images/train/tomato_late_blight/tomato_late_blight__a6ff5a8c2e.jpg,384,512,train,train/Tomato leaf late blight/IMG_1526.jpg,Tomato leaf late blight,2448,3264,JPEG,a6ff5a8c2e5b64b999d2175c0006b253,10535708013306716966,1898,1
tomato_late_blight__a7d6412682,train,tomato late blight,22,data/images/train/tomato_late_blight/tomato_late_blight__a7d6412682.jpg,500,375,train,train/Tomato leaf late blight/late_blight_tomato_leavesx500.jpg,Tomato leaf late blight,500,375,JPEG,a7d6412682d6286ee40885a0b810eb33,10995839396923780204,1946,1
tomato_late_blight__ab93d2feda,train,tomato late blight,22,data/images/train/tomato_late_blight/tomato_late_blight__ab93d2feda.jpg,384,512,train,train/Tomato leaf late blight/photo-9.jpg,Tomato leaf late blight,1536,2048,JPEG,ab93d2feda8045c160f22e3bc0d69df4,2295033264150765684,1959,1
tomato_late_blight__acd919bee5,train,tomato late blight,22,data/images/train/tomato_late_blight/tomato_late_blight__acd919bee5.jpg,512,340,train,train/Tomato leaf late blight/dsc_4624s.jpg,Tomato leaf late blight,1501,997,JPEG,acd919bee58ca4f80be26f67af4a9f2f,7443524637804820006,1926,1
tomato_late_blight__ad7114a282,train,tomato late blight,22,data/images/train/tomato_late_blight/tomato_late_blight__ad7114a282.jpg,485,512,train,train/Tomato leaf late blight/tomato-late-blight-phytophthora-infestans-lesions-and-damage-on-tomato-bh3w9j.jpg,Tomato leaf late blight,512,540,JPEG,ad7114a28211823728ffb34f1510fa86,15625468088695222332,1966,1
tomato_late_blight__ae800ff757,train,tomato late blight,22,data/images/train/tomato_late_blight/tomato_late_blight__ae800ff757.jpg,512,405,train,train/Tomato leaf late blight/dsc_4621c.jpg,Tomato leaf late blight,1470,1164,JPEG,ae800ff7573bf29acd191a1541a2d59c,8320814209800949394,1925,1
tomato_late_blight__b3a380e6ed,train,tomato late blight,22,data/images/train/tomato_late_blight/tomato_late_blight__b3a380e6ed.jpg,300,400,train,train/Tomato leaf late blight/7262-drought.jpg,Tomato leaf late blight,300,400,JPEG,b3a380e6edb322b32c3d16d8c9a356f0,15480827790947856946,1892,1
tomato_late_blight__b50ce7a9db,train,tomato late blight,22,data/images/train/tomato_late_blight/tomato_late_blight__b50ce7a9db.jpg,512,180,train,train/Tomato leaf late blight/tomato+blight.jpg,Tomato leaf late blight,1200,421,JPEG,b50ce7a9dbd36f773590add5cb75ee14,4473223613661324324,1961,1
tomato_late_blight__b554bc4d33,train,tomato late blight,22,data/images/train/tomato_late_blight/tomato_late_blight__b554bc4d33.jpg,400,300,test,test/Tomato leaf late blight/E%29Tomato-late-blight-foliar.jpg,Tomato leaf late blight,400,300,JPEG,b554bc4d33199c5b7b298c94ceb56834,16490689132010790092,2461,1
tomato_late_blight__bbcdb44dd4,train,tomato late blight,22,data/images/train/tomato_late_blight/tomato_late_blight__bbcdb44dd4.jpg,485,512,train,train/Tomato leaf late blight/tomato-late-blight-phytophthora-infestans-mycelium-and-lesions-on-a15yr2.jpg,Tomato leaf late blight,512,540,JPEG,bbcdb44dd4c28d2407cccba3bb09f5f1,4805526210989817989,1968,1
tomato_late_blight__bdbbbf086e,train,tomato late blight,22,data/images/train/tomato_late_blight/tomato_late_blight__bdbbbf086e.jpg,329,512,train,train/Tomato leaf late blight/tomato-blight-phytophthora-infestans-close-up-of-infected-leaf-b5n95x.jpg,Tomato leaf late blight,347,540,JPEG,bdbbbf086e8a2f4556f67eb74b98896f,17316393825653029012,1962,1
tomato_late_blight__be598f4c7d,train,tomato late blight,22,data/images/train/tomato_late_blight/tomato_late_blight__be598f4c7d.jpg,512,342,train,train/Tomato leaf late blight/5816170621_e1cce08736_z.jpg,Tomato leaf late blight,640,427,JPEG,be598f4c7d181d918f9ec673e3a9e64c,3036254715331314074,1890,1
tomato_late_blight__c237d9cd5c,train,tomato late blight,22,data/images/train/tomato_late_blight/tomato_late_blight__c237d9cd5c.jpg,512,384,test,test/Tomato leaf late blight/IMG_5808.jpg,Tomato leaf late blight,4000,3000,JPEG,c237d9cd5c66f8704b74219bcd6fcd9c,3229040582870649869,2462,1
tomato_late_blight__c860634931,train,tomato late blight,22,data/images/train/tomato_late_blight/tomato_late_blight__c860634931.jpg,384,512,train,train/Tomato leaf late blight/photo-2.jpg,Tomato leaf late blight,1536,2048,JPEG,c860634931e21038a4a0b2a8fefbe7cf,3630295777454476324,1958,1
tomato_late_blight__cb5d6e0a01,train,tomato late blight,22,data/images/train/tomato_late_blight/tomato_late_blight__cb5d6e0a01.jpg,450,320,train,train/Tomato leaf late blight/stock-photo-tomato-plants-infected-by-the-late-blight-plant-pathogen-phytophthora-infestans-macro-539209615.jpg,Tomato leaf late blight,450,320,JPEG,cb5d6e0a01bdbc5cb6484832af03603b,10390916257609391917,1960,1
tomato_late_blight__d1522f5c25,train,tomato late blight,22,data/images/train/tomato_late_blight/tomato_late_blight__d1522f5c25.jpg,512,384,train,train/Tomato leaf late blight/late-blight-TomC2-10.jpg,Tomato leaf late blight,4416,3312,JPEG,d1522f5c2538f38b22d1aab6b08937ec,11346956069410068161,1929,1
tomato_late_blight__d346ea538d,train,tomato late blight,22,data/images/train/tomato_late_blight/tomato_late_blight__d346ea538d.jpg,512,343,train,train/Tomato leaf late blight/tomato_D33a-Late-blight-015-OMAFHRT_zoom.jpg,Tomato leaf late blight,662,444,JPEG,d346ea538dcd6d461d5d6e0feff89baa,17242552289888346257,1974,1
tomato_late_blight__d89d60d261,train,tomato late blight,22,data/images/train/tomato_late_blight/tomato_late_blight__d89d60d261.jpg,384,512,train,train/Tomato leaf late blight/Late-blight-foliar-leasion-on-tomato.jpg,Tomato leaf late blight,480,640,JPEG,d89d60d261b94ee1b3008f2cb69ee8c3,14752899707243672134,1906,1
tomato_late_blight__d8b86960d2,train,tomato late blight,22,data/images/train/tomato_late_blight/tomato_late_blight__d8b86960d2.jpg,400,270,train,train/Tomato leaf late blight/118A_Tom_Late.jpg,Tomato leaf late blight,400,270,JPEG,d8b86960d2820fbd2715967ed575acf0,15424417299632354226,1887,1
tomato_late_blight__dc713d8f56,train,tomato late blight,22,data/images/train/tomato_late_blight/tomato_late_blight__dc713d8f56.jpg,512,384,train,train/Tomato leaf late blight/LateBlt_FromRusinek.jpg,Tomato leaf late blight,540,405,JPEG,dc713d8f565a0ef1d408c6a988afb5c2,15174479326049802199,1913,1
tomato_late_blight__de7eff5e1a,train,tomato late blight,22,data/images/train/tomato_late_blight/tomato_late_blight__de7eff5e1a.jpg,512,476,train,train/Tomato leaf late blight/Tomato%20late%20blight%20lesion%20closeup%2013F.JPG.jpg,Tomato leaf late blight,604,561,JPEG,de7eff5e1a6c2a6b4469d2314194850d,14106612002244676939,1918,1
tomato_late_blight__de9a8e593a,train,tomato late blight,22,data/images/train/tomato_late_blight/tomato_late_blight__de9a8e593a.jpg,512,384,train,train/Tomato leaf late blight/late_blight_drought_leaves1x1200.jpg,Tomato leaf late blight,1200,900,JPEG,de9a8e593a7eb1c602f8111cce790e2c,2568399939718230924,1938,1
tomato_late_blight__dee0a84e7c,train,tomato late blight,22,data/images/train/tomato_late_blight/tomato_late_blight__dee0a84e7c.jpg,512,410,train,train/Tomato leaf late blight/Late%20blight%20tomato1.jpg,Tomato leaf late blight,576,461,JPEG,dee0a84e7cf00d986ad3da73c498f7aa,11714571550950987794,1903,1
tomato_late_blight__e128f8b213,train,tomato late blight,22,data/images/train/tomato_late_blight/tomato_late_blight__e128f8b213.jpg,486,512,train,train/Tomato leaf late blight/late-blight-phytophthora-infestans-damage-to-tomato-leaves-and-fruit-cmnxnf.jpg,Tomato leaf late blight,513,540,JPEG,e128f8b2137b811ff029b7f6949cd9ad,16636536559761384006,1931,1
tomato_late_blight__e288bf9c2e,train,tomato late blight,22,data/images/train/tomato_late_blight/tomato_late_blight__e288bf9c2e.jpg,512,384,train,train/Tomato leaf late blight/ToamtoLateBlight3-Version-3-oohvze.jpg,Tomato leaf late blight,3235,2426,JPEG,e288bf9c2e36461bbd4d7b9058dfc462,2407050960623383612,1917,1
tomato_late_blight__e552b67718,train,tomato late blight,22,data/images/train/tomato_late_blight/tomato_late_blight__e552b67718.jpg,225,300,train,train/Tomato leaf late blight/LB-2-225x300.jpg,Tomato leaf late blight,225,300,JPEG,e552b67718e0a447558c075413dd70b7,6442245139265577523,1902,1
tomato_late_blight__eb6d705522,train,tomato late blight,22,data/images/train/tomato_late_blight/tomato_late_blight__eb6d705522.jpg,512,384,train,train/Tomato leaf late blight/lb_leaf_lesions3x1200.jpg,Tomato leaf late blight,1200,900,JPEG,eb6d705522aaf9f6ae21ff97df7ee8c8,13898325903467406182,1954,1
tomato_late_blight__efc4ae4996,train,tomato late blight,22,data/images/train/tomato_late_blight/tomato_late_blight__efc4ae4996.jpg,512,386,train,train/Tomato leaf late blight/lb2.jpg,Tomato leaf late blight,802,604,JPEG,efc4ae4996c6d203104a8743902eaa17,5280811644020822771,1952,1
tomato_late_blight__f04d2b8fc5,train,tomato late blight,22,data/images/train/tomato_late_blight/tomato_late_blight__f04d2b8fc5.jpg,512,366,train,train/Tomato leaf late blight/Fig.%2014_opta.jpg,Tomato leaf late blight,1388,992,JPEG,f04d2b8fc5263408bcdbb8a9569d2d88,7053145733475641765,1897,1
tomato_late_blight__f07ae8593f,train,tomato late blight,22,data/images/train/tomato_late_blight/tomato_late_blight__f07ae8593f.jpg,512,390,test,test/Tomato leaf late blight/late_blight_tomato_leaf_spore1x1200.jpg,Tomato leaf late blight,1200,914,JPEG,f07ae8593f2c5ac37ee411ea7f9e33d0,5212037941996560992,2466,1
tomato_late_blight__f106d2a34d,train,tomato late blight,22,data/images/train/tomato_late_blight/tomato_late_blight__f106d2a34d.jpg,396,512,train,train/Tomato leaf late blight/Late-blight-symptoms-on-tomato-leaves-1r3uhy2.jpg,Tomato leaf late blight,2608,3370,JPEG,f106d2a34d9feed7c82a79e5bff8913b,10000910044996297284,1908,1
tomato_late_blight__f1701ac8b7,train,tomato late blight,22,data/images/train/tomato_late_blight/tomato_late_blight__f1701ac8b7.jpg,512,374,train,train/Tomato leaf late blight/late_blight1.jpg,Tomato leaf late blight,600,438,JPEG,f1701ac8b7174afad0e184b51ee71507,2033428527484285235,1935,2
tomato_late_blight__f190f0487e,train,tomato late blight,22,data/images/train/tomato_late_blight/tomato_late_blight__f190f0487e.jpg,384,512,train,train/Tomato leaf late blight/lb_leaf_lesions2x1200.jpg,Tomato leaf late blight,1200,1600,JPEG,f190f0487e67a98300f20e3d2a03e59a,14735998474335124668,1953,1
tomato_late_blight__fb0239a637,train,tomato late blight,22,data/images/train/tomato_late_blight/tomato_late_blight__fb0239a637.jpg,512,384,train,train/Tomato leaf late blight/924977LateBlightLeaf.jpg,Tomato leaf late blight,800,600,JPEG,fb0239a637aa1529978ebd23336b53a9,11136923322787612784,1893,2
tomato_late_blight__fd394b607d,train,tomato late blight,22,data/images/train/tomato_late_blight/tomato_late_blight__fd394b607d.jpg,512,395,train,train/Tomato leaf late blight/late_blight_2013_longisland2x1200.jpg,Tomato leaf late blight,1200,925,JPEG,fd394b607d52a333697ae312210fae0f,13981543980896141635,1937,1
tomato_leaf_mold__041dfba470,train,tomato leaf mold,23,data/images/train/tomato_leaf_mold/tomato_leaf_mold__041dfba470.jpg,298,512,train,train/Tomato mold leaf/leaf_mold_tomato1x1200.jpg,Tomato mold leaf,1089,1871,JPEG,041dfba47050618871bfcc5aff156eec,15042238967453504717,2145,1
tomato_leaf_mold__0a96e37633,train,tomato leaf mold,23,data/images/train/tomato_leaf_mold/tomato_leaf_mold__0a96e37633.jpg,512,355,train,train/Tomato mold leaf/black%20leaf%20mold%20%283%29.JPG?itok=u5TDHCSM.jpg,Tomato mold leaf,567,393,JPEG,0a96e37633acf6b2a42c751873d5be21,17076802020353565734,2130,1
tomato_leaf_mold__0eeacf5989,train,tomato leaf mold,23,data/images/train/tomato_leaf_mold/tomato_leaf_mold__0eeacf5989.jpg,512,476,train,train/Tomato mold leaf/tomato-leaf-mold-infection-on-a-leaf-top-and-underside-picture-id81781575?s=612x612.jpg,Tomato mold leaf,612,569,JPEG,0eeacf59898e2408c96deec23a538831,16421128957971955860,2162,1
tomato_leaf_mold__12203c5fae,train,tomato leaf mold,23,data/images/train/tomato_leaf_mold/tomato_leaf_mold__12203c5fae.jpg,512,341,train,train/Tomato mold leaf/OLU13.jpg,Tomato mold leaf,6000,4000,JPEG,12203c5faed9f4162b72d809d33069b8,4766680817578106363,2122,1
tomato_leaf_mold__19704bb430,train,tomato leaf mold,23,data/images/train/tomato_leaf_mold/tomato_leaf_mold__19704bb430.jpg,450,304,train,train/Tomato mold leaf/tomato_fulvia.jpg,Tomato mold leaf,450,304,JPEG,19704bb430c832502eb9ca0041e7da9e,16637635182108614697,2166,1
tomato_leaf_mold__1d031435ac,train,tomato leaf mold,23,data/images/train/tomato_leaf_mold/tomato_leaf_mold__1d031435ac.jpg,150,150,train,train/Tomato mold leaf/tomato-leaf-mold.jpg,Tomato mold leaf,150,150,JPEG,1d031435ac4b8d72d918eb24a76c6632,871713435519590545,2163,1
tomato_leaf_mold__207a4c33f3,train,tomato leaf mold,23,data/images/train/tomato_leaf_mold/tomato_leaf_mold__207a4c33f3.jpg,512,384,train,train/Tomato mold leaf/tomato_leaf-mold_02_zoom.jpg,Tomato mold leaf,900,675,JPEG,207a4c33f3bb5247252e6add2aca3ecd,3094944267580021171,2169,1
tomato_leaf_mold__22a16fd3bc,train,tomato leaf mold,23,data/images/train/tomato_leaf_mold/tomato_leaf_mold__22a16fd3bc.jpg,512,384,train,train/Tomato mold leaf/tdisease6.jpg,Tomato mold leaf,750,563,JPEG,22a16fd3bcd911a993fcaf2ba8e14981,4079356273275564344,2157,1
tomato_leaf_mold__270e3c50b2,train,tomato leaf mold,23,data/images/train/tomato_leaf_mold/tomato_leaf_mold__270e3c50b2.jpg,432,231,train,train/Tomato mold leaf/607-155-1.jpg,Tomato mold leaf,432,231,JPEG,270e3c50b2e3cc7a6925b918e0201347,14250396270262436611,2101,1
tomato_leaf_mold__295c3a4034,train,tomato leaf mold,23,data/images/train/tomato_leaf_mold/tomato_leaf_mold__295c3a4034.jpg,512,384,test,test/Tomato mold leaf/fungus-univ-of-minnesoeta.jpg,Tomato mold leaf,800,600,JPEG,295c3a4034852e685b27b6eb1257911e,14503672048521596281,2487,1
tomato_leaf_mold__2ad0ce1e14,train,tomato leaf mold,23,data/images/train/tomato_leaf_mold/tomato_leaf_mold__2ad0ce1e14.jpg,384,512,train,train/Tomato mold leaf/leaf_mold_tomato2x1200.jpg,Tomato mold leaf,1200,1600,JPEG,2ad0ce1e14dafd655566e3c3d9056769,14683722945253611547,2146,1
tomato_leaf_mold__2b105a8a6c,train,tomato leaf mold,23,data/images/train/tomato_leaf_mold/tomato_leaf_mold__2b105a8a6c.jpg,150,100,train,train/Tomato mold leaf/tomato-leaf-mold-2.jpg,Tomato mold leaf,150,100,JPEG,2b105a8a6cb66b6f8628a21f38955b95,3485998192707628903,2161,1
tomato_leaf_mold__2b5a31462a,train,tomato leaf mold,23,data/images/train/tomato_leaf_mold/tomato_leaf_mold__2b5a31462a.jpg,450,253,test,test/Tomato mold leaf/BIGSD.jpg,Tomato mold leaf,450,253,JPEG,2b5a31462a6d6894647ce75bf0934f53,6433754121382338862,2484,1
tomato_leaf_mold__2ecdba2023,train,tomato leaf mold,23,data/images/train/tomato_leaf_mold/tomato_leaf_mold__2ecdba2023.jpg,512,384,train,train/Tomato mold leaf/tomato_leaf-mold_03_zoom.jpg,Tomato mold leaf,900,675,JPEG,2ecdba20236e722f7155ad6161bb5766,5499441571101459564,2170,1
tomato_leaf_mold__2f7c91947b,train,tomato leaf mold,23,data/images/train/tomato_leaf_mold/tomato_leaf_mold__2f7c91947b.jpg,500,281,train,train/Tomato mold leaf/IMG_7442%20resized_0.preview.jpg,Tomato mold leaf,500,281,JPEG,2f7c91947ba04be03dbda300c3ff6b54,4123460427481640044,2114,1
tomato_leaf_mold__2f81a1799d,train,tomato leaf mold,23,data/images/train/tomato_leaf_mold/tomato_leaf_mold__2f81a1799d.jpg,384,512,train,train/Tomato mold leaf/leaf_mold_nightshade2x500.jpg,Tomato mold leaf,500,667,JPEG,2f81a1799dbe90f3149b467a946a9b1f,3563722772599959602,2144,1
tomato_leaf_mold__39751cc21d,train,tomato leaf mold,23,data/images/train/tomato_leaf_mold/tomato_leaf_mold__39751cc21d.jpg,512,384,train,train/Tomato mold leaf/TomatoLeafMold1-50QUALITY-16lgkq6.jpg,Tomato mold leaf,667,500,JPEG,39751cc21d33631c87b4b5d679db9b6c,15902341017895341208,2128,1
tomato_leaf_mold__40d2477dd8,train,tomato leaf mold,23,data/images/train/tomato_leaf_mold/tomato_leaf_mold__40d2477dd8.jpg,252,137,test,test/Tomato mold leaf/49%20Leafmold%20Bottom.jpg,Tomato mold leaf,252,137,JPEG,40d2477dd857a2effea9cb3d386964f9,16754783021196315459,2482,1
tomato_leaf_mold__41d04f6679,train,tomato leaf mold,23,data/images/train/tomato_leaf_mold/tomato_leaf_mold__41d04f6679.jpg,512,480,train,train/Tomato mold leaf/leaf_mold_tomato7x1200.jpg,Tomato mold leaf,1200,1126,JPEG,41d04f667988e9ab5885f1395dd03c93,17506871617089466734,2151,1
tomato_leaf_mold__4232f28423,train,tomato leaf mold,23,data/images/train/tomato_leaf_mold/tomato_leaf_mold__4232f28423.jpg,512,384,train,train/Tomato mold leaf/GIVXB.jpg,Tomato mold leaf,800,600,JPEG,4232f284234ff8671e6a05b1458fdc05,15269851912634298090,2110,1
tomato_leaf_mold__43347aca4e,train,tomato leaf mold,23,data/images/train/tomato_leaf_mold/tomato_leaf_mold__43347aca4e.jpg,512,384,test,test/Tomato mold leaf/dscn6689.jpg,Tomato mold leaf,1024,768,JPEG,43347aca4e96b62a12670cd5327f2ff4,5279225062196307174,2486,1
tomato_leaf_mold__4506935be8,train,tomato leaf mold,23,data/images/train/tomato_leaf_mold/tomato_leaf_mold__4506935be8.jpg,512,355,train,train/Tomato mold leaf/black%20leaf%20mold%20%284%29.JPG?itok=DIIUw9JU.jpg,Tomato mold leaf,567,393,JPEG,4506935be828f31f1ec9b31c0fa1774a,297343887468975352,2131,1
tomato_leaf_mold__48c950f0a7,train,tomato leaf mold,23,data/images/train/tomato_leaf_mold/tomato_leaf_mold__48c950f0a7.jpg,512,384,train,train/Tomato mold leaf/IMG_1261.jpg,Tomato mold leaf,1600,1200,JPEG,48c950f0a79dc913e0d682fe66f62663,6661035577360639204,2113,1
tomato_leaf_mold__4b54e8dcd6,train,tomato leaf mold,23,data/images/train/tomato_leaf_mold/tomato_leaf_mold__4b54e8dcd6.jpg,512,341,train,train/Tomato mold leaf/HighTunnel_TLM5.jpg,Tomato mold leaf,1380,920,JPEG,4b54e8dcd66f2e85b83bc1784b8efc5c,3472522569162242105,2111,1
tomato_leaf_mold__4bd8cf638a,train,tomato leaf mold,23,data/images/train/tomato_leaf_mold/tomato_leaf_mold__4bd8cf638a.jpg,365,512,train,train/Tomato mold leaf/Fig.%2015_opta.jpg,Tomato mold leaf,1055,1478,JPEG,4bd8cf638aa0a7728f8a5d13e1913ece,6403235542918057218,2108,1
tomato_leaf_mold__4d8c8dbb45,train,tomato leaf mold,23,data/images/train/tomato_leaf_mold/tomato_leaf_mold__4d8c8dbb45.jpg,500,375,train,train/Tomato mold leaf/2195890.jpg,Tomato mold leaf,500,375,JPEG,4d8c8dbb450544dcf9d16abc6f51aee3,5651426918136953395,2092,1
tomato_leaf_mold__4d9e5a7566,train,tomato leaf mold,23,data/images/train/tomato_leaf_mold/tomato_leaf_mold__4d9e5a7566.jpg,512,384,train,train/Tomato mold leaf/TomatoLeafMold2-50QUALITY-1b89zfs.jpg,Tomato mold leaf,667,500,JPEG,4d9e5a7566d32934ceae4677ebf01319,5673896580565983334,2129,1
tomato_leaf_mold__4eb93b7ea8,train,tomato leaf mold,23,data/images/train/tomato_leaf_mold/tomato_leaf_mold__4eb93b7ea8.jpg,512,316,train,train/Tomato mold leaf/Leaf-mold-caused-by-the-fungal-pathogen-Passalore-fulva-in-tomatoes.jpg,Tomato mold leaf,810,500,JPEG,4eb93b7ea8fcc353fe6ac5df8d6401cd,12372360023934991161,2119,1
tomato_leaf_mold__581a6ec9fe,train,tomato leaf mold,23,data/images/train/tomato_leaf_mold/tomato_leaf_mold__581a6ec9fe.jpg,512,341,train,train/Tomato mold leaf/Leaf-mold-web.jpg,Tomato mold leaf,1500,1000,JPEG,581a6ec9fe5638f4d63e916d04c2e863,14472837303393442040,2120,1
tomato_leaf_mold__5a9a05e665,train,tomato leaf mold,23,data/images/train/tomato_leaf_mold/tomato_leaf_mold__5a9a05e665.jpg,512,336,train,train/Tomato mold leaf/top-leaf-mold-Fulva-fulvea-WN.jpg,Tomato mold leaf,800,525,JPEG,5a9a05e665ac35dbd6f9bbc78e4b0c0d,7450445710359711372,2173,1
tomato_leaf_mold__5c3ead2660,train,tomato leaf mold,23,data/images/train/tomato_leaf_mold/tomato_leaf_mold__5c3ead2660.jpg,384,512,train,train/Tomato mold leaf/tomato.jpg,Tomato mold leaf,600,800,JPEG,5c3ead26603eaa72358b5abd88018dff,8356346880696030846,2164,1
tomato_leaf_mold__5d82b04f12,train,tomato leaf mold,23,data/images/train/tomato_leaf_mold/tomato_leaf_mold__5d82b04f12.jpg,512,384,train,train/Tomato mold leaf/Leaf+mold+tomato+%25282%2529.JPG.jpg,Tomato mold leaf,1600,1200,JPEG,5d82b04f12385bf97130bd199f1a0ac7,11971774836336790676,2117,1
tomato_leaf_mold__67218bb7d0,train,tomato leaf mold,23,data/images/train/tomato_leaf_mold/tomato_leaf_mold__67218bb7d0.jpg,512,384,train,train/Tomato mold leaf/dscf2712.jpg,Tomato mold leaf,800,600,JPEG,67218bb7d0fcac16af25e6fb490c5dc9,15580762341323086032,2133,1
tomato_leaf_mold__6bb9491185,train,tomato leaf mold,23,data/images/train/tomato_leaf_mold/tomato_leaf_mold__6bb9491185.jpg,366,512,train,train/Tomato mold leaf/Fig.%2016_opt.jpg,Tomato mold leaf,1956,2737,JPEG,6bb9491185d0232d5cdf0cfdf7856bff,5501482716256825464,2109,1
tomato_leaf_mold__77a6c13a41,train,tomato leaf mold,23,data/images/train/tomato_leaf_mold/tomato_leaf_mold__77a6c13a41.jpg,364,358,train,train/Tomato mold leaf/tdisease12.jpg,Tomato mold leaf,364,358,JPEG,77a6c13a411038cd240e52498dce4c6b,5502126655555538339,2156,1
tomato_leaf_mold__77f7324d23,train,tomato leaf mold,23,data/images/train/tomato_leaf_mold/tomato_leaf_mold__77f7324d23.jpg,512,384,train,train/Tomato mold leaf/tomato_leaf-mold_04_zoom.jpg,Tomato mold leaf,900,675,JPEG,77f7324d239261336d77c870a2e2df7a,11225490788478920102,2171,1
tomato_leaf_mold__79173e9d2f,train,tomato leaf mold,23,data/images/train/tomato_leaf_mold/tomato_leaf_mold__79173e9d2f.jpg,150,150,train,train/Tomato mold leaf/tomato-gray-leaf-spot.jpg,Tomato mold leaf,150,150,JPEG,79173e9d2fca078a10b2e1a3d2ad91b5,11786358550678886876,2159,1
tomato_leaf_mold__796f649cb2,train,tomato leaf mold,23,data/images/train/tomato_leaf_mold/tomato_leaf_mold__796f649cb2.jpg,306,512,train,train/Tomato mold leaf/leaf_mold_tomato5x1200.jpg,Tomato mold leaf,1190,1989,JPEG,796f649cb28b7a8cf0f1e78cc0b05e9e,17045118497316328689,2149,1
tomato_leaf_mold__7efadfce56,train,tomato leaf mold,23,data/images/train/tomato_leaf_mold/tomato_leaf_mold__7efadfce56.jpg,512,314,train,train/Tomato mold leaf/leaf_mold1.jpg,Tomato mold leaf,600,368,JPEG,7efadfce56e6626e47b0226a6f0d44da,154931963062069513,2141,1
tomato_leaf_mold__7f5f40e761,train,tomato leaf mold,23,data/images/train/tomato_leaf_mold/tomato_leaf_mold__7f5f40e761.jpg,224,209,train,train/Tomato mold leaf/gray-mold-on-tomato-leaf.jpg,Tomato mold leaf,224,209,JPEG,7f5f40e761797a0453572b470f5e27dd,17506178311994745955,2136,1
tomato_leaf_mold__82aee4671c,train,tomato leaf mold,23,data/images/train/tomato_leaf_mold/tomato_leaf_mold__82aee4671c.jpg,512,384,train,train/Tomato mold leaf/leafmoldtomato2.jpg,Tomato mold leaf,800,600,JPEG,82aee4671cd45c0718f393303096f76c,16645012597450572228,2154,1
tomato_leaf_mold__877014aa7f,train,tomato leaf mold,23,data/images/train/tomato_leaf_mold/tomato_leaf_mold__877014aa7f.jpg,512,389,train,train/Tomato mold leaf/leaf_mold2.jpg,Tomato mold leaf,600,456,JPEG,877014aa7f456791ff7a365d889086ac,11935616259078868815,2142,1
tomato_leaf_mold__8b3e41b113,train,tomato leaf mold,23,data/images/train/tomato_leaf_mold/tomato_leaf_mold__8b3e41b113.jpg,300,225,train,train/Tomato mold leaf/gray-leaf-spot-300x225.jpg,Tomato mold leaf,300,225,JPEG,8b3e41b1139f14c24ce5cdc566130277,6078828371761260851,2135,1
tomato_leaf_mold__8e6b8636d5,train,tomato leaf mold,23,data/images/train/tomato_leaf_mold/tomato_leaf_mold__8e6b8636d5.jpg,512,384,train,train/Tomato mold leaf/tomato_leaf-mold_01_zoom.jpg,Tomato mold leaf,900,675,JPEG,8e6b8636d52c4b9a976dc738a0bfefea,15982965795230171652,2168,1
tomato_leaf_mold__8f5ecfa32d,train,tomato leaf mold,23,data/images/train/tomato_leaf_mold/tomato_leaf_mold__8f5ecfa32d.jpg,512,384,train,train/Tomato mold leaf/Botrytis-Tomato-Seedlings-2-copy-50QUALITY-17wck0d.jpg,Tomato mold leaf,667,500,JPEG,8f5ecfa32d2a7145b6ee70dd4f792389,13069913587740623950,2106,1
tomato_leaf_mold__94ccebb302,train,tomato leaf mold,23,data/images/train/tomato_leaf_mold/tomato_leaf_mold__94ccebb302.jpg,512,384,train,train/Tomato mold leaf/P1020365.jpg,Tomato mold leaf,1000,750,JPEG,94ccebb3024f51229b492921fdb71d1a,12449817204243132688,2124,1
tomato_leaf_mold__95cbf691ed,train,tomato leaf mold,23,data/images/train/tomato_leaf_mold/tomato_leaf_mold__95cbf691ed.jpg,238,155,train,train/Tomato mold leaf/leafmold.jpg,Tomato mold leaf,238,155,JPEG,95cbf691ede57b94a597c3c2dc9c6136,7234650956062534710,2152,1
tomato_leaf_mold__9d7a909766,train,tomato leaf mold,23,data/images/train/tomato_leaf_mold/tomato_leaf_mold__9d7a909766.jpg,267,189,train,train/Tomato mold leaf/BlackLeafMold2.jpg,Tomato mold leaf,267,189,JPEG,9d7a909766e27c2ab74caa92423e9a87,15033264871269786812,2105,1
tomato_leaf_mold__a54d98dd3b,train,tomato leaf mold,23,data/images/train/tomato_leaf_mold/tomato_leaf_mold__a54d98dd3b.jpg,400,300,train,train/Tomato mold leaf/B%29-Leafunsidecladosp-envez.jpg,Tomato mold leaf,400,300,JPEG,a54d98dd3bc277156f207ea12634ac19,15534086545605582846,2104,1
tomato_leaf_mold__aa568bafc9,train,tomato leaf mold,23,data/images/train/tomato_leaf_mold/tomato_leaf_mold__aa568bafc9.jpg,512,324,train,train/Tomato mold leaf/tomato_fulvia2.jpg,Tomato mold leaf,640,405,JPEG,aa568bafc9381b924272a9e1387efb20,10895299457214433657,2167,1
tomato_leaf_mold__aea1212d9b,train,tomato leaf mold,23,data/images/train/tomato_leaf_mold/tomato_leaf_mold__aea1212d9b.jpg,512,382,train,train/Tomato mold leaf/tdisease7.jpg,Tomato mold leaf,750,559,JPEG,aea1212d9b1e6104c01373fb04bd72a6,15666038222216550552,2158,1
tomato_leaf_mold__b0a67509c8,train,tomato leaf mold,23,data/images/train/tomato_leaf_mold/tomato_leaf_mold__b0a67509c8.jpg,512,384,train,train/Tomato mold leaf/latest?cb=20100723105221.jpg,Tomato mold leaf,640,480,JPEG,b0a67509c8b4b3452e4e1f88f1ae1d4e,17316958738033840272,2139,1
tomato_leaf_mold__b95267428b,train,tomato leaf mold,23,data/images/train/tomato_leaf_mold/tomato_leaf_mold__b95267428b.jpg,512,384,train,train/Tomato mold leaf/Leaf+mold+tomato+%25283%2529.JPG.jpg,Tomato mold leaf,1600,1200,JPEG,b95267428be8cd97cd5c00a2acd0c464,3797344415512588466,2118,1
tomato_leaf_mold__ba0b16ab5c,train,tomato leaf mold,23,data/images/train/tomato_leaf_mold/tomato_leaf_mold__ba0b16ab5c.jpg,512,330,train,train/Tomato mold leaf/leaf%2Binf%2B800%2B1.jpg,Tomato mold leaf,1600,1031,JPEG,ba0b16ab5cbf855e025403eeebc6da9d,12017718386493267054,2140,1
tomato_leaf_mold__c0997ab48f,train,tomato leaf mold,23,data/images/train/tomato_leaf_mold/tomato_leaf_mold__c0997ab48f.jpg,384,512,train,train/Tomato mold leaf/23601051_1572608349449262_2029169498_o.jpg,Tomato mold leaf,1440,1920,JPEG,c0997ab48f97bff4bbce6194700ec0d3,12074547974689440908,2094,1
tomato_leaf_mold__c214cb7f55,train,tomato leaf mold,23,data/images/train/tomato_leaf_mold/tomato_leaf_mold__c214cb7f55.jpg,382,512,train,train/Tomato mold leaf/8915974546_00664cefe3_z.jpg,Tomato mold leaf,478,640,JPEG,c214cb7f55a30968894585990779cf99,14899940819261918987,2102,1
tomato_leaf_mold__c3696abe68,train,tomato leaf mold,23,data/images/train/tomato_leaf_mold/tomato_leaf_mold__c3696abe68.jpg,512,384,test,test/Tomato mold leaf/black_leaf_mold_in_zina_tina.jpg,Tomato mold leaf,900,675,JPEG,c3696abe681df0d51789c5f44442ace5,3058862129967076892,2485,1
tomato_leaf_mold__c3c8dfe65e,train,tomato leaf mold,23,data/images/train/tomato_leaf_mold/tomato_leaf_mold__c3c8dfe65e.jpg,512,406,train,train/Tomato mold leaf/leaf_mold_tomato6x1200.jpg,Tomato mold leaf,1200,951,JPEG,c3c8dfe65eb038bb6f2641aef753c4f9,11723878724585961546,2150,1
tomato_leaf_mold__c3ead6d875,train,tomato leaf mold,23,data/images/train/tomato_leaf_mold/tomato_leaf_mold__c3ead6d875.jpg,512,384,train,train/Tomato mold leaf/Tomato+leaf+mold.jpg,Tomato mold leaf,1600,1200,JPEG,c3ead6d87591fcb54bdc7fb876f8da9f,2513769022641400518,2127,1
tomato_leaf_mold__c484aaaee8,train,tomato leaf mold,23,data/images/train/tomato_leaf_mold/tomato_leaf_mold__c484aaaee8.jpg,384,512,train,train/Tomato mold leaf/23633262_1572609386115825_1396180255_o.jpg,Tomato mold leaf,1440,1920,JPEG,c484aaaee817fcf02125fd5d07fecf09,10204465827939142921,2095,1
tomato_leaf_mold__c82859d144,train,tomato leaf mold,23,data/images/train/tomato_leaf_mold/tomato_leaf_mold__c82859d144.jpg,512,341,train,train/Tomato mold leaf/HighTunnel_TLM6.jpg,Tomato mold leaf,1380,920,JPEG,c82859d144397c52848f1be7d8d2e715,10216804024862741138,2112,1
tomato_leaf_mold__cba979428f,train,tomato leaf mold,23,data/images/train/tomato_leaf_mold/tomato_leaf_mold__cba979428f.jpg,384,512,train,train/Tomato mold leaf/tomato_plants_1_original.JPG?1407178095.jpg,Tomato mold leaf,1224,1632,JPEG,cba979428feb1dd44fcae40a607f9a28,5420493807901881637,2172,1
tomato_leaf_mold__d866a69a4c,train,tomato leaf mold,23,data/images/train/tomato_leaf_mold/tomato_leaf_mold__d866a69a4c.jpg,512,384,train,train/Tomato mold leaf/DSCN2697.jpg,Tomato mold leaf,1024,768,JPEG,d866a69a4cae1caa94def5ea1f7e6d41,6958744153993840,2107,1
tomato_leaf_mold__d946f18b4b,train,tomato leaf mold,23,data/images/train/tomato_leaf_mold/tomato_leaf_mold__d946f18b4b.jpg,252,162,test,test/Tomato mold leaf/50%20Leafmold%20Top.jpg,Tomato mold leaf,252,162,JPEG,d946f18b4b98acc20594e159f18b1a07,4653923951476358814,2483,1
tomato_leaf_mold__dd4b028065,train,tomato leaf mold,23,data/images/train/tomato_leaf_mold/tomato_leaf_mold__dd4b028065.jpg,320,240,train,train/Tomato mold leaf/leafmoldtomato1.jpg,Tomato mold leaf,320,240,JPEG,dd4b0280655fffcafb6f20d3f5cb37e6,10984404258767787096,2153,1
tomato_leaf_mold__dfcbeac915,train,tomato leaf mold,23,data/images/train/tomato_leaf_mold/tomato_leaf_mold__dfcbeac915.jpg,318,512,train,train/Tomato mold leaf/grey-mould-botrytis-cinerea-on-bottom-of-a-tomato-leaf-late-in-the-AFRDAN.jpg,Tomato mold leaf,863,1390,JPEG,dfcbeac915d8df0fe5946da644421d68,8533487010312296216,2137,1
tomato_leaf_mold__eb961d87f4,train,tomato leaf mold,23,data/images/train/tomato_leaf_mold/tomato_leaf_mold__eb961d87f4.jpg,512,383,train,train/Tomato mold leaf/Problem-2a.jpg,Tomato mold leaf,800,599,JPEG,eb961d87f4edc58c6407805cc6a5d5fa,5713886176709569973,2125,1
tomato_leaf_mold__ed7d621ee1,train,tomato leaf mold,23,data/images/train/tomato_leaf_mold/tomato_leaf_mold__ed7d621ee1.jpg,512,335,train,train/Tomato mold leaf/6032331.JPG.jpg,Tomato mold leaf,600,392,JPEG,ed7d621ee1fb53273334c389e109e4bf,15706403661069175163,2099,1
tomato_leaf_mold__f24b41f561,train,tomato leaf mold,23,data/images/train/tomato_leaf_mold/tomato_leaf_mold__f24b41f561.jpg,512,384,train,train/Tomato mold leaf/Leaf+Mold+lower+leaf+surface+spores+%28conidia%29.jpg,Tomato mold leaf,960,720,JPEG,f24b41f561ad6daa96840ed61281544c,871185991140324139,2115,1
tomato_leaf_mold__f2777cd937,train,tomato leaf mold,23,data/images/train/tomato_leaf_mold/tomato_leaf_mold__f2777cd937.jpg,512,384,train,train/Tomato mold leaf/tomato-leaf-2.jpg,Tomato mold leaf,2048,1536,JPEG,f2777cd937d82dc4b36c70bb5390f254,3499423276706470949,2160,1
tomato_leaf_mold__f3f99a2b5c,train,tomato leaf mold,23,data/images/train/tomato_leaf_mold/tomato_leaf_mold__f3f99a2b5c.jpg,341,512,train,train/Tomato mold leaf/Ormvn.jpg,Tomato mold leaf,4000,6000,JPEG,f3f99a2b5cb0e9262d2f1bb5539ef530,15044501701054603107,2123,1
tomato_leaf_mold__faa5f0b7c5,train,tomato leaf mold,23,data/images/train/tomato_leaf_mold/tomato_leaf_mold__faa5f0b7c5.jpg,384,512,train,train/Tomato mold leaf/603-116-0.jpg,Tomato mold leaf,502,670,JPEG,faa5f0b7c519980f2e521f6a6ae1958d,14173836500474124603,2098,1
tomato_leaf_mold__fc4e161e40,train,tomato leaf mold,23,data/images/train/tomato_leaf_mold/tomato_leaf_mold__fc4e161e40.jpg,384,512,train,train/Tomato mold leaf/leaf_mold_tomato3x1200.jpg,Tomato mold leaf,1200,1600,JPEG,fc4e161e4073de3c4536c6231c542219,3706880566454934132,2147,1
tomato_leaf_mold__fcb41691da,train,tomato leaf mold,23,data/images/train/tomato_leaf_mold/tomato_leaf_mold__fcb41691da.jpg,512,342,train,train/Tomato mold leaf/5830204360_757cd7fdfc_z.jpg,Tomato mold leaf,640,427,JPEG,fcb41691da6adec718ab1f95ab8afd37,10858938132248304562,2097,1
tomato_mosaic_virus__0279e1dec1,train,tomato mosaic virus,24,data/images/train/tomato_mosaic_virus/tomato_mosaic_virus__0279e1dec1.jpg,400,317,test,test/Tomato leaf mosaic virus/D%29AlfMov.jpg,Tomato leaf mosaic virus,400,317,JPEG,0279e1dec15bba9c6e0504e0e9c5c902,15119308057795009170,2468,1
tomato_mosaic_virus__058dc257a5,train,tomato mosaic virus,24,data/images/train/tomato_mosaic_virus/tomato_mosaic_virus__058dc257a5.jpg,130,69,test,test/Tomato leaf mosaic virus/Tomato-Mosaic-1wdr2jx-300x225.jpg,Tomato leaf mosaic virus,130,69,JPEG,058dc257a5e740ec81b9d7f9e71e7877,3821589066110255203,2469,1
tomato_mosaic_virus__071aacc416,train,tomato mosaic virus,24,data/images/train/tomato_mosaic_virus/tomato_mosaic_virus__071aacc416.jpg,382,512,train,train/Tomato leaf mosaic virus/wd0phb4.jpg,Tomato leaf mosaic virus,478,640,JPEG,071aacc416723c9908c197ba513cd959,9222197448996810239,2021,1
tomato_mosaic_virus__0e2f203d41,train,tomato mosaic virus,24,data/images/train/tomato_mosaic_virus/tomato_mosaic_virus__0e2f203d41.jpg,320,320,train,train/Tomato leaf mosaic virus/Tomato-brown-rugose-fruit-virus-ToBRFV-infected-tomato-Solanum-lycopersicum-plants_Q320.jpg,Tomato leaf mosaic virus,320,320,JPEG,0e2f203d4190fac5ed28ea7e13a1748f,12305053211528205075,1988,1
tomato_mosaic_virus__121f45b894,train,tomato mosaic virus,24,data/images/train/tomato_mosaic_virus/tomato_mosaic_virus__121f45b894.jpg,300,297,train,train/Tomato leaf mosaic virus/dummen-tmv.jpg,Tomato leaf mosaic virus,300,297,JPEG,121f45b894c2ddbd69164edcc285b299,10064146343131400201,1992,1
tomato_mosaic_virus__2256a962bf,train,tomato mosaic virus,24,data/images/train/tomato_mosaic_virus/tomato_mosaic_virus__2256a962bf.jpg,386,263,train,train/Tomato leaf mosaic virus/tomato_virus_01_zoom.jpg,Tomato leaf mosaic virus,386,263,JPEG,2256a962bf72aa73ffdf2e282eb77e15,11736757231153653040,2018,1
tomato_mosaic_virus__26237caa77,train,tomato mosaic virus,24,data/images/train/tomato_mosaic_virus/tomato_mosaic_virus__26237caa77.jpg,320,512,train,train/Tomato leaf mosaic virus/tomato-mosaic-virus-F0BA26.jpg,Tomato leaf mosaic virus,870,1390,JPEG,26237caa77c03aa965f40c614bbe365a,7866722467216960162,2009,1
tomato_mosaic_virus__2783485c6c,train,tomato mosaic virus,24,data/images/train/tomato_mosaic_virus/tomato_mosaic_virus__2783485c6c.jpg,512,341,train,train/Tomato leaf mosaic virus/mosiac-virus3.jpg,Tomato leaf mosaic virus,800,533,JPEG,2783485c6c31abcd9799f3ab074a5dca,6642489066863890956,2001,1
tomato_mosaic_virus__2bc257537d,train,tomato mosaic virus,24,data/images/train/tomato_mosaic_virus/tomato_mosaic_virus__2bc257537d.jpg,231,247,train,train/Tomato leaf mosaic virus/fig1-2k11-163-165.jpg,Tomato leaf mosaic virus,231,247,JPEG,2bc257537da26e8ff35f77143410c106,4007813595265735318,1993,1
tomato_mosaic_virus__2c34e86630,train,tomato mosaic virus,24,data/images/train/tomato_mosaic_virus/tomato_mosaic_virus__2c34e86630.jpg,512,365,train,train/Tomato leaf mosaic virus/tomato-fern-leaf-a-symptom-of-tmv-cmv-or-pepmv-virus-on-tomato-plants-h6ey8w.jpg,Tomato leaf mosaic virus,640,456,JPEG,2c34e86630e55d46a35ba82c6a5f5e24,16686909529188112183,2005,1
tomato_mosaic_virus__3cc5beefe8,train,tomato mosaic virus,24,data/images/train/tomato_mosaic_virus/tomato_mosaic_virus__3cc5beefe8.jpg,512,342,train,train/Tomato leaf mosaic virus/tomatodisease001sm.jpg,Tomato leaf mosaic virus,700,467,JPEG,3cc5beefe83a0393d138cc060d314229,6186227300601750605,2020,1
tomato_mosaic_virus__40fd5c0ea8,train,tomato mosaic virus,24,data/images/train/tomato_mosaic_virus/tomato_mosaic_virus__40fd5c0ea8.jpg,512,384,train,train/Tomato leaf mosaic virus/tomato_mosaic_virus.jpg,Tomato leaf mosaic virus,550,413,JPEG,40fd5c0ea8ab1d189a4aa5ca9898b3d2,13262178110547927843,2017,1
tomato_mosaic_virus__44cf1336b5,train,tomato mosaic virus,24,data/images/train/tomato_mosaic_virus/tomato_mosaic_virus__44cf1336b5.jpg,512,269,train,train/Tomato leaf mosaic virus/Tomato%2Bmosaic%2Bvirus.jpg,Tomato leaf mosaic virus,1200,630,JPEG,44cf1336b557039ebfa61cb5f4baa520,6964754477343349916,1986,1
tomato_mosaic_virus__53b34d1efd,train,tomato mosaic virus,24,data/images/train/tomato_mosaic_virus/tomato_mosaic_virus__53b34d1efd.jpg,341,256,train,train/Tomato leaf mosaic virus/image018.jpg,Tomato leaf mosaic virus,341,256,JPEG,53b34d1efd1b866086e13b841814cea0,2541088127967455692,1995,1
tomato_mosaic_virus__599553dea4,train,tomato mosaic virus,24,data/images/train/tomato_mosaic_virus/tomato_mosaic_virus__599553dea4.jpg,500,500,train,train/Tomato leaf mosaic virus/thumb-500.jpg,Tomato leaf mosaic virus,500,500,JPEG,599553dea4e2adf61b894f45aecd0eb4,13358064747345798609,2003,1
tomato_mosaic_virus__6120aadf3e,train,tomato mosaic virus,24,data/images/train/tomato_mosaic_virus/tomato_mosaic_virus__6120aadf3e.jpg,449,450,train,train/Tomato leaf mosaic virus/51196-004-61703A1B.jpg,Tomato leaf mosaic virus,449,450,JPEG,6120aadf3ec843374a15b811b76ef6f5,795176774384918576,1981,1
tomato_mosaic_virus__62690bd0d9,train,tomato mosaic virus,24,data/images/train/tomato_mosaic_virus/tomato_mosaic_virus__62690bd0d9.jpg,512,389,train,train/Tomato leaf mosaic virus/mosaic_virus_tomato.jpg,Tomato leaf mosaic virus,756,575,JPEG,62690bd0d9403dba227b0a5480fb302c,14656348778575061624,1999,1
tomato_mosaic_virus__6286b57b67,train,tomato mosaic virus,24,data/images/train/tomato_mosaic_virus/tomato_mosaic_virus__6286b57b67.jpg,512,384,train,train/Tomato leaf mosaic virus/1422_0.jpeg.jpg,Tomato leaf mosaic virus,640,480,JPEG,6286b57b67995251113d9e6e9c4fce72,16420813189592172876,1978,1
tomato_mosaic_virus__7caf9ebec7,train,tomato mosaic virus,24,data/images/train/tomato_mosaic_virus/tomato_mosaic_virus__7caf9ebec7.jpg,480,404,train,train/Tomato leaf mosaic virus/tomato-mosaic-virus-leaf.jpg,Tomato leaf mosaic virus,480,404,JPEG,7caf9ebec7017b76d650d89541156f38,10961268240986919926,2014,1
tomato_mosaic_virus__7cfb527459,train,tomato mosaic virus,24,data/images/train/tomato_mosaic_virus/tomato_mosaic_virus__7cfb527459.jpg,150,138,train,train/Tomato leaf mosaic virus/mosaic_virus_tomato_small.jpg,Tomato leaf mosaic virus,150,138,JPEG,7cfb527459b53156a223350ebe295220,4123531115093125169,2000,1
tomato_mosaic_virus__7f85952ee0,train,tomato mosaic virus,24,data/images/train/tomato_mosaic_virus/tomato_mosaic_virus__7f85952ee0.jpg,287,217,train,train/Tomato leaf mosaic virus/TNRV2.jpg,Tomato leaf mosaic virus,287,217,JPEG,7f85952ee0a482f3fd399e0595ad2ccc,3203460704675380557,1985,1
tomato_mosaic_virus__82deaf023a,train,tomato mosaic virus,24,data/images/train/tomato_mosaic_virus/tomato_mosaic_virus__82deaf023a.jpg,347,280,train,train/Tomato leaf mosaic virus/tomato-mosaic-virus-disease-on-260nw-625499777.jpg,Tomato leaf mosaic virus,347,280,JPEG,82deaf023a36a0898a4ad449bebbff52,13611256671516588337,2012,1
tomato_mosaic_virus__871a01286a,train,tomato mosaic virus,24,data/images/train/tomato_mosaic_virus/tomato_mosaic_virus__871a01286a.jpg,300,400,train,train/Tomato leaf mosaic virus/tomato-mosaic-virus-1.jpg,Tomato leaf mosaic virus,300,400,JPEG,871a01286ac67a0e4850e7c3eb4f776d,15813233247230027464,2008,1
tomato_mosaic_virus__95f0203d40,train,tomato mosaic virus,24,data/images/train/tomato_mosaic_virus/tomato_mosaic_virus__95f0203d40.jpg,512,379,test,test/Tomato leaf mosaic virus/9511.img.jpg,Tomato leaf mosaic virus,540,400,JPEG,95f0203d40fa96ed214211d2f0f5c72f,2487373335827631565,2467,1
tomato_mosaic_virus__9653bd5df7,train,tomato mosaic virus,24,data/images/train/tomato_mosaic_virus/tomato_mosaic_virus__9653bd5df7.jpg,512,384,test,test/Tomato leaf mosaic virus/tmv-tomato-9.jpg,Tomato leaf mosaic virus,3648,2736,JPEG,9653bd5df7542ddb8add5fe64c1c5d41,2423367644666174209,2474,1
tomato_mosaic_virus__9f2db5005b,train,tomato mosaic virus,24,data/images/train/tomato_mosaic_virus/tomato_mosaic_virus__9f2db5005b.jpg,347,280,train,train/Tomato leaf mosaic virus/tomato-mosaic-virus-disease-on-260nw-625499771.jpg,Tomato leaf mosaic virus,347,280,JPEG,9f2db5005b7d29476e5c909ae2d2f30b,10842270810584806966,2011,1
tomato_mosaic_virus__9f892d023a,train,tomato mosaic virus,24,data/images/train/tomato_mosaic_virus/tomato_mosaic_virus__9f892d023a.jpg,512,384,train,train/Tomato leaf mosaic virus/tomato_virus_06_zoom.jpg,Tomato leaf mosaic virus,900,675,JPEG,9f892d023a3cca58f33da5b2f5188f29,4112690971750902587,2019,1
tomato_mosaic_virus__a3b11e5cec,train,tomato mosaic virus,24,data/images/train/tomato_mosaic_virus/tomato_mosaic_virus__a3b11e5cec.jpg,512,342,test,test/Tomato leaf mosaic virus/toma_TMV.jpg,Tomato leaf mosaic virus,907,605,JPEG,a3b11e5cecc5ce3a5deac88cc203dc4b,5245164904124563916,2475,1
tomato_mosaic_virus__a404c6ed88,train,tomato mosaic virus,24,data/images/train/tomato_mosaic_virus/tomato_mosaic_virus__a404c6ed88.jpg,512,384,train,train/Tomato leaf mosaic virus/tmv-tomato-16.jpg,Tomato leaf mosaic virus,3648,2736,JPEG,a404c6ed88dec027526d860e85db7472,2920820139898664563,2004,1
tomato_mosaic_virus__a6e45ccada,train,tomato mosaic virus,24,data/images/train/tomato_mosaic_virus/tomato_mosaic_virus__a6e45ccada.jpg,512,413,test,test/Tomato leaf mosaic virus/page_2.jpg,Tomato leaf mosaic virus,960,774,JPEG,a6e45ccadafab2d5453feccd0512b6cc,1626594804625453874,2472,1
tomato_mosaic_virus__a8b5ad7bf7,train,tomato mosaic virus,24,data/images/train/tomato_mosaic_virus/tomato_mosaic_virus__a8b5ad7bf7.jpg,450,307,train,train/Tomato leaf mosaic virus/TMV-3.jpg,Tomato leaf mosaic virus,450,307,JPEG,a8b5ad7bf7f426a597e4868f23b8777e,2239187536248513580,1984,1
tomato_mosaic_virus__abfb1ca8d2,train,tomato mosaic virus,24,data/images/train/tomato_mosaic_virus/tomato_mosaic_virus__abfb1ca8d2.jpg,390,280,train,train/Tomato leaf mosaic virus/tomato-leaves-260nw-670831669.jpg,Tomato leaf mosaic virus,390,280,JPEG,abfb1ca8d2aa543f063b34b1d9d24cfb,15065003324546888242,2007,1
tomato_mosaic_virus__b9a39f099d,train,tomato mosaic virus,24,data/images/train/tomato_mosaic_virus/tomato_mosaic_virus__b9a39f099d.jpg,341,256,train,train/Tomato leaf mosaic virus/image022.jpg,Tomato leaf mosaic virus,341,256,JPEG,b9a39f099d425b5eeaad527106a136d5,15203079705954996786,1996,1
tomato_mosaic_virus__d5f4300b83,train,tomato mosaic virus,24,data/images/train/tomato_mosaic_virus/tomato_mosaic_virus__d5f4300b83.jpg,341,256,train,train/Tomato leaf mosaic virus/image024.jpg,Tomato leaf mosaic virus,341,256,JPEG,d5f4300b8384775cdaaf2a1955b6ec1d,17326183897649213907,1997,1
tomato_mosaic_virus__d60c4708d7,train,tomato mosaic virus,24,data/images/train/tomato_mosaic_virus/tomato_mosaic_virus__d60c4708d7.jpg,150,150,train,train/Tomato leaf mosaic virus/tomato-mosaic-virus.jpg,Tomato leaf mosaic virus,150,150,JPEG,d60c4708d7eb2edf6c8e41957ded8d2b,13181429464565625746,2015,1
tomato_mosaic_virus__d8b50052ba,train,tomato mosaic virus,24,data/images/train/tomato_mosaic_virus/tomato_mosaic_virus__d8b50052ba.jpg,347,280,train,train/Tomato leaf mosaic virus/tomato-mosaic-virus-disease-on-260nw-625499780.jpg,Tomato leaf mosaic virus,347,280,JPEG,d8b50052badf88faa677d63a7b3b5718,147073684831872263,2013,1
tomato_mosaic_virus__dd6deef4d2,train,tomato mosaic virus,24,data/images/train/tomato_mosaic_virus/tomato_mosaic_virus__dd6deef4d2.jpg,190,148,train,train/Tomato leaf mosaic virus/tomato_leaf_curl_ND_on_luffah_KC3701030-3.jpg,Tomato leaf mosaic virus,190,148,JPEG,dd6deef4d28dd6b6ee32b62359fb27b3,14906015116925629066,2016,1
tomato_mosaic_virus__de2001487c,train,tomato mosaic virus,24,data/images/train/tomato_mosaic_virus/tomato_mosaic_virus__de2001487c.jpg,512,384,test,test/Tomato leaf mosaic virus/tmv-tomato-34.jpg,Tomato leaf mosaic virus,3648,2736,JPEG,de2001487c4c72b7cf5a19e7ae7e0f12,12553850981866765247,2473,1
tomato_mosaic_virus__de66747aa6,train,tomato mosaic virus,24,data/images/train/tomato_mosaic_virus/tomato_mosaic_virus__de66747aa6.jpg,500,375,test,test/Tomato leaf mosaic virus/everystockphoto-21099455-l.jpg,Tomato leaf mosaic virus,500,375,JPEG,de66747aa68b0aa0aefa440d3ad6d80e,15553141041761566135,2470,1
tomato_mosaic_virus__e14401a875,train,tomato mosaic virus,24,data/images/train/tomato_mosaic_virus/tomato_mosaic_virus__e14401a875.jpg,450,358,train,train/Tomato leaf mosaic virus/stock-photo-tomato-mosaic-virus-disease-on-tomato-559799668.jpg,Tomato leaf mosaic virus,450,358,JPEG,e14401a87520cca296a337ee0fe99023,15314158627129498250,2002,1
tomato_mosaic_virus__e5f4d5323e,train,tomato mosaic virus,24,data/images/train/tomato_mosaic_virus/tomato_mosaic_virus__e5f4d5323e.jpg,179,150,train,train/Tomato leaf mosaic virus/Tomato+mosaic+virus.jpg,Tomato leaf mosaic virus,179,150,JPEG,e5f4d5323e07346086da53e1eb333489,14252118993441692617,1987,1
tomato_mosaic_virus__e773d2a356,train,tomato mosaic virus,24,data/images/train/tomato_mosaic_virus/tomato_mosaic_virus__e773d2a356.jpg,512,384,train,train/Tomato leaf mosaic virus/DSC02246.JPG.jpg,Tomato leaf mosaic virus,1600,1200,JPEG,e773d2a356a16a1ce1eeeb2bb6ea2dae,16626072017739080296,1983,1
tomato_mosaic_virus__f2f9ab6692,train,tomato mosaic virus,24,data/images/train/tomato_mosaic_virus/tomato_mosaic_virus__f2f9ab6692.jpg,347,280,train,train/Tomato leaf mosaic virus/tomato-mosaic-virus-disease-on-260nw-559799638.jpg,Tomato leaf mosaic virus,347,280,JPEG,f2f9ab6692f2f2ddac0d8353c8d5b924,10491808394885356564,2010,1
tomato_mosaic_virus__f46eedcc5a,train,tomato mosaic virus,24,data/images/train/tomato_mosaic_virus/tomato_mosaic_virus__f46eedcc5a.jpg,384,512,train,train/Tomato leaf mosaic virus/3-tomato-mosaic-virus_web.jpg,Tomato leaf mosaic virus,848,1131,JPEG,f46eedcc5ad2cde9a524a55d3ff66f84,13900589710063488243,1979,1
tomato_septoria_leaf_spot__00f91468b7,train,tomato septoria leaf spot,25,data/images/train/tomato_septoria_leaf_spot/tomato_septoria_leaf_spot__00f91468b7.jpg,512,232,train,train/Tomato Septoria leaf spot/5315825271570432-600x272.jpeg.jpg,Tomato Septoria leaf spot,600,272,JPEG,00f91468b7ef30694c10d5de91d650bc,15887604495747964120,1617,1
tomato_septoria_leaf_spot__0750e32616,train,tomato septoria leaf spot,25,data/images/train/tomato_septoria_leaf_spot/tomato_septoria_leaf_spot__0750e32616.jpg,300,470,train,train/Tomato Septoria leaf spot/tomato-disease-septoria-leaf-spot-d7e1xe.jpg,Tomato Septoria leaf spot,300,470,JPEG,0750e326164add5ca57c98d364664cf8,11788695859627193668,1709,1
tomato_septoria_leaf_spot__0b140ed12a,train,tomato septoria leaf spot,25,data/images/train/tomato_septoria_leaf_spot/tomato_septoria_leaf_spot__0b140ed12a.jpg,450,359,test,test/Tomato Septoria leaf spot/7-17-Photo3_Septoria-MARY.jpg,Tomato Septoria leaf spot,450,359,JPEG,0b140ed12a3f508c1e5a5be64b9a97a5,3905786549456460139,2440,1
tomato_septoria_leaf_spot__0be2429ce3,train,tomato septoria leaf spot,25,data/images/train/tomato_septoria_leaf_spot/tomato_septoria_leaf_spot__0be2429ce3.jpg,400,267,train,train/Tomato Septoria leaf spot/Tom_Sept1.jpg,Tomato Septoria leaf spot,400,267,JPEG,0be2429ce3ad0954f3769fbfde488315,8386942132290773477,1660,1
tomato_septoria_leaf_spot__0c0c8f4e2c,train,tomato septoria leaf spot,25,data/images/train/tomato_septoria_leaf_spot/tomato_septoria_leaf_spot__0c0c8f4e2c.jpg,150,150,train,train/Tomato Septoria leaf spot/tomato-septoria-leaf-spot.jpg,Tomato Septoria leaf spot,150,150,JPEG,0c0c8f4e2c5a2fcf5cb27bc7815e5b55,15182669071082326736,1724,1
tomato_septoria_leaf_spot__127187db55,train,tomato septoria leaf spot,25,data/images/train/tomato_septoria_leaf_spot/tomato_septoria_leaf_spot__127187db55.jpg,481,512,train,train/Tomato Septoria leaf spot/septoria-leaf-spot-treatment-leaf-spot-septoria-leaf-spot-soil-treatment-septoria-leaf-spot-tomato-organic-treatment.jpg,Tomato Septoria leaf spot,550,586,JPEG,127187db55c6c6598e836c6efc9c42b7,16789383676675750136,1689,1
tomato_septoria_leaf_spot__1299c684df,train,tomato septoria leaf spot,25,data/images/train/tomato_septoria_leaf_spot/tomato_septoria_leaf_spot__1299c684df.jpg,429,512,train,train/Tomato Septoria leaf spot/tomato-leaf-spot-septoria-lycopersici-leaf-spotting-on-tomato-at9jap.jpg,Tomato Septoria leaf spot,452,540,JPEG,1299c684df99674809d178be2ef26584,15130249636217427977,1713,1
tomato_septoria_leaf_spot__1611d6285b,train,tomato septoria leaf spot,25,data/images/train/tomato_septoria_leaf_spot/tomato_septoria_leaf_spot__1611d6285b.jpg,512,289,train,train/Tomato Septoria leaf spot/PHOTO_1333642740144.jpg,Tomato Septoria leaf spot,1600,902,JPEG,1611d6285b06963c22afc4aa9901e8f6,16197877112582553806,1644,1
tomato_septoria_leaf_spot__18bc2156b3,train,tomato septoria leaf spot,25,data/images/train/tomato_septoria_leaf_spot/tomato_septoria_leaf_spot__18bc2156b3.jpg,340,512,test,test/Tomato Septoria leaf spot/55830b60a7cf2.image.jpg,Tomato Septoria leaf spot,1173,1766,JPEG,18bc2156b3f4e0976b38426523601a69,3761832418878380848,2436,1
tomato_septoria_leaf_spot__1b05b1c8eb,train,tomato septoria leaf spot,25,data/images/train/tomato_septoria_leaf_spot/tomato_septoria_leaf_spot__1b05b1c8eb.jpg,512,341,train,train/Tomato Septoria leaf spot/Septoria_tomato_Margaret%20B_p8170755_0002_25004.jpg,Tomato Septoria leaf spot,600,400,JPEG,1b05b1c8eba89397267536d5f6d41d58,18189066663397930212,1659,1
tomato_septoria_leaf_spot__1ea7645d22,train,tomato septoria leaf spot,25,data/images/train/tomato_septoria_leaf_spot/tomato_septoria_leaf_spot__1ea7645d22.jpg,198,143,train,train/Tomato Septoria leaf spot/b6ca3f80-cc10-4d4f-be0d-771deb9a4969.jpeg.jpg,Tomato Septoria leaf spot,198,143,JPEG,1ea7645d22d1260309592c54b282856e,5035554080726102542,1667,1
tomato_septoria_leaf_spot__1edd5562f5,train,tomato septoria leaf spot,25,data/images/train/tomato_septoria_leaf_spot/tomato_septoria_leaf_spot__1edd5562f5.jpg,512,487,train,train/Tomato Septoria leaf spot/x3-most-common-types-tomato-blight.jpg.pagespeed.ic.5cLJi6TXEi.jpg,Tomato Septoria leaf spot,651,619,JPEG,1edd5562f5d85b8b143f2d89b1d5fac2,10491497599497586368,1733,1
tomato_septoria_leaf_spot__21307d7575,train,tomato septoria leaf spot,25,data/images/train/tomato_septoria_leaf_spot/tomato_septoria_leaf_spot__21307d7575.jpg,512,232,train,train/Tomato Septoria leaf spot/5775225744523264-600x272.jpeg.jpg,Tomato Septoria leaf spot,600,272,JPEG,21307d7575661d196bdaa1403ca48dd7,16781226835683092937,1624,1
tomato_septoria_leaf_spot__265c7d60df,train,tomato septoria leaf spot,25,data/images/train/tomato_septoria_leaf_spot/tomato_septoria_leaf_spot__265c7d60df.jpg,512,384,train,train/Tomato Septoria leaf spot/closeup-of-tomato-leaf-y4af51-1024x768.jpg,Tomato Septoria leaf spot,1024,768,JPEG,265c7d60df03b2afd93f41022c89ebc9,8266478490256237936,1673,1
tomato_septoria_leaf_spot__2a77257ef3,train,tomato septoria leaf spot,25,data/images/train/tomato_septoria_leaf_spot/tomato_septoria_leaf_spot__2a77257ef3.jpg,394,512,train,train/Tomato Septoria leaf spot/tomato-septoria-5.jpg,Tomato Septoria leaf spot,1154,1500,JPEG,2a77257ef365a868f121f5c688f687a6,6944789203699086392,1720,1
tomato_septoria_leaf_spot__2ad58b62d3,train,tomato septoria leaf spot,25,data/images/train/tomato_septoria_leaf_spot/tomato_septoria_leaf_spot__2ad58b62d3.jpg,205,300,train,train/Tomato Septoria leaf spot/gray-leaf-spot.jpg,Tomato Septoria leaf spot,205,300,JPEG,2ad58b62d32e4aac7fee58751a8a52c6,11155940584468003116,1677,2
tomato_septoria_leaf_spot__2adc0a45fd,train,tomato septoria leaf spot,25,data/images/train/tomato_septoria_leaf_spot/tomato_septoria_leaf_spot__2adc0a45fd.jpg,512,384,train,train/Tomato Septoria leaf spot/28018723549_3a16c1467b_b.jpg,Tomato Septoria leaf spot,1024,768,JPEG,2adc0a45fd1cc993914d097ef7a7d45b,2743965185463039565,1609,1
tomato_septoria_leaf_spot__2bfda7d6cc,train,tomato septoria leaf spot,25,data/images/train/tomato_septoria_leaf_spot/tomato_septoria_leaf_spot__2bfda7d6cc.jpg,400,266,train,train/Tomato Septoria leaf spot/SeptoriaLeaf_T3.jpg,Tomato Septoria leaf spot,400,266,JPEG,2bfda7d6cc167e7f350db05bca98eb90,6211433017251537691,1652,1
tomato_septoria_leaf_spot__2c2931b843,train,tomato septoria leaf spot,25,data/images/train/tomato_septoria_leaf_spot/tomato_septoria_leaf_spot__2c2931b843.jpg,344,512,train,train/Tomato Septoria leaf spot/septoria_tom_leaves1x1200.jpg,Tomato Septoria leaf spot,1200,1785,JPEG,2c2931b84389b7b9de0a120404eca586,6362516871316266228,1697,1
tomato_septoria_leaf_spot__2d43fbb8c5,train,tomato septoria leaf spot,25,data/images/train/tomato_septoria_leaf_spot/tomato_septoria_leaf_spot__2d43fbb8c5.jpg,512,349,train,train/Tomato Septoria leaf spot/Septoria+Leaf+Spot.jpg,Tomato Septoria leaf spot,1056,720,JPEG,2d43fbb8c553e5452994650d9a5ac055,2929823307134415655,1647,1
tomato_septoria_leaf_spot__2e3202f62e,train,tomato septoria leaf spot,25,data/images/train/tomato_septoria_leaf_spot/tomato_septoria_leaf_spot__2e3202f62e.jpg,423,512,train,train/Tomato Septoria leaf spot/tomato-leaf-spot-septoria-lycopersici-on-a-tomato-leaflet-acg9j5.jpg,Tomato Septoria leaf spot,446,540,JPEG,2e3202f62e2ccb6d4ce2838ad76d6a81,8176823237686669349,1714,1
tomato_septoria_leaf_spot__2f9c4bc2b8,train,tomato septoria leaf spot,25,data/images/train/tomato_septoria_leaf_spot/tomato_septoria_leaf_spot__2f9c4bc2b8.jpg,433,512,train,train/Tomato Septoria leaf spot/Tomato+leaf+spot2.jpg,Tomato Septoria leaf spot,612,723,JPEG,2f9c4bc2b8b9c470c8df385040eb5cf6,5107469980066013780,1664,1
tomato_septoria_leaf_spot__32c6c51dfd,train,tomato septoria leaf spot,25,data/images/train/tomato_septoria_leaf_spot/tomato_septoria_leaf_spot__32c6c51dfd.jpg,384,512,train,train/Tomato Septoria leaf spot/TomatoDisease_IMG_2744_2016Jul01_original.JPG?1472858324.jpg,Tomato Septoria leaf spot,2448,3264,JPEG,32c6c51dfd999111f1a5c9d8f86acadb,2898131037259550187,1665,1
tomato_septoria_leaf_spot__32fc118df9,train,tomato septoria leaf spot,25,data/images/train/tomato_septoria_leaf_spot/tomato_septoria_leaf_spot__32fc118df9.jpg,461,346,train,train/Tomato Septoria leaf spot/Septoria-461x346.jpg,Tomato Septoria leaf spot,461,346,JPEG,32fc118df96597864c2af2593e90963a,16196425377508460132,1648,1
tomato_septoria_leaf_spot__3311a7162f,train,tomato septoria leaf spot,25,data/images/train/tomato_septoria_leaf_spot/tomato_septoria_leaf_spot__3311a7162f.jpg,512,384,train,train/Tomato Septoria leaf spot/early-blight-septoria-ls-fig-3.jpg,Tomato Septoria leaf spot,1500,1125,JPEG,3311a7162f523ef7dc4f5b02033d6ecf,13961707792177537970,1676,2
tomato_septoria_leaf_spot__34702ab0a4,train,tomato septoria leaf spot,25,data/images/train/tomato_septoria_leaf_spot/tomato_septoria_leaf_spot__34702ab0a4.jpg,512,189,train,train/Tomato Septoria leaf spot/20100824septoria.jpg,Tomato Septoria leaf spot,575,212,JPEG,34702ab0a40559d84bd583489b71ac4b,10845983728560551300,1606,1
tomato_septoria_leaf_spot__387509336f,train,tomato septoria leaf spot,25,data/images/train/tomato_septoria_leaf_spot/tomato_septoria_leaf_spot__387509336f.jpg,512,406,train,train/Tomato Septoria leaf spot/SeptoriaTomato-B.jpg,Tomato Septoria leaf spot,3095,2455,JPEG,387509336fe66cba6f503dd2d3aa7bbf,12428063212495267164,1653,1
tomato_septoria_leaf_spot__394ddb0381,train,tomato septoria leaf spot,25,data/images/train/tomato_septoria_leaf_spot/tomato_septoria_leaf_spot__394ddb0381.jpg,512,225,train,train/Tomato Septoria leaf spot/tomato-septoria-leaf-spot-.jpg,Tomato Septoria leaf spot,593,261,JPEG,394ddb0381f5fcf992b6fa4d811299aa,5505208575402397014,1722,1
tomato_septoria_leaf_spot__3c1889447e,train,tomato septoria leaf spot,25,data/images/train/tomato_septoria_leaf_spot/tomato_septoria_leaf_spot__3c1889447e.jpg,512,384,train,train/Tomato Septoria leaf spot/5866245865865216.jpeg.jpg,Tomato Septoria leaf spot,800,600,JPEG,3c1889447e069dda1f03557341467446,1247993293443815521,1626,1
tomato_septoria_leaf_spot__3c36c89666,train,tomato septoria leaf spot,25,data/images/train/tomato_septoria_leaf_spot/tomato_septoria_leaf_spot__3c36c89666.jpg,512,289,train,train/Tomato Septoria leaf spot/tomato_leaf_spots_1500x1500%253E.jpg,Tomato Septoria leaf spot,1500,848,JPEG,3c36c8966677ede45ac9f4bb2c87d476,6528438958063432246,1726,1
tomato_septoria_leaf_spot__3c4e016992,train,tomato septoria leaf spot,25,data/images/train/tomato_septoria_leaf_spot/tomato_septoria_leaf_spot__3c4e016992.jpg,384,512,train,train/Tomato Septoria leaf spot/5775225744523264.jpeg.jpg,Tomato Septoria leaf spot,600,800,JPEG,3c4e016992b66fa33681188e62cf3872,14523505046743806873,1625,1
tomato_septoria_leaf_spot__3e10997005,train,tomato septoria leaf spot,25,data/images/train/tomato_septoria_leaf_spot/tomato_septoria_leaf_spot__3e10997005.jpg,384,512,train,train/Tomato Septoria leaf spot/6242739939180544.jpeg.jpg,Tomato Septoria leaf spot,600,800,JPEG,3e1099700516c8be2090866c5fb47ebf,1336162922197688673,1632,1
tomato_septoria_leaf_spot__4031d812d7,train,tomato septoria leaf spot,25,data/images/train/tomato_septoria_leaf_spot/tomato_septoria_leaf_spot__4031d812d7.jpg,394,512,train,train/Tomato Septoria leaf spot/tomato-septoria-3.jpg,Tomato Septoria leaf spot,1152,1497,JPEG,4031d812d77e8dbbf7d49d37bcabec93,8310068353322850071,1718,1
tomato_septoria_leaf_spot__422bf4bfd0,train,tomato septoria leaf spot,25,data/images/train/tomato_septoria_leaf_spot/tomato_septoria_leaf_spot__422bf4bfd0.jpg,512,384,train,train/Tomato Septoria leaf spot/septoria2_600px.jpg,Tomato Septoria leaf spot,600,450,JPEG,422bf4bfd038d7ac8d61f380593ebff1,12406339578976783372,1693,1
tomato_septoria_leaf_spot__42dbc5d816,train,tomato septoria leaf spot,25,data/images/train/tomato_septoria_leaf_spot/tomato_septoria_leaf_spot__42dbc5d816.jpg,512,340,train,train/Tomato Septoria leaf spot/tomato_septoria_05_zoom.jpg,Tomato Septoria leaf spot,900,598,JPEG,42dbc5d816c0adb56eaf177568eb6ca0,15729219394773700929,1728,1
tomato_septoria_leaf_spot__5012d76292,train,tomato septoria leaf spot,25,data/images/train/tomato_septoria_leaf_spot/tomato_septoria_leaf_spot__5012d76292.jpg,390,231,train,train/Tomato Septoria leaf spot/32-Septoria-leaf-spot.jpg,Tomato Septoria leaf spot,390,231,JPEG,5012d76292d48868016a6c25dcc5e684,4122030399086578824,1611,1
tomato_septoria_leaf_spot__50edba8e5f,train,tomato septoria leaf spot,25,data/images/train/tomato_septoria_leaf_spot/tomato_septoria_leaf_spot__50edba8e5f.jpg,512,346,train,train/Tomato Septoria leaf spot/septoria5.jpg,Tomato Septoria leaf spot,564,381,JPEG,50edba8e5fba4ba644959dfb5ef25a89,9829212710001303699,1695,1
tomato_septoria_leaf_spot__5102ffb991,train,tomato septoria leaf spot,25,data/images/train/tomato_septoria_leaf_spot/tomato_septoria_leaf_spot__5102ffb991.jpg,512,269,train,train/Tomato Septoria leaf spot/septoria+leaf+spota.jpg,Tomato Septoria leaf spot,1200,630,JPEG,5102ffb991e24ae62df3f84409960b37,18194391183472615779,1680,1
tomato_septoria_leaf_spot__5127da2b43,train,tomato septoria leaf spot,25,data/images/train/tomato_septoria_leaf_spot/tomato_septoria_leaf_spot__5127da2b43.jpg,512,343,train,train/Tomato Septoria leaf spot/128110613-56a6d3633df78cf7729070ad.jpg,Tomato Septoria leaf spot,960,643,JPEG,5127da2b43c3bb75d6e1369c0f951366,9699231994398126136,1601,1
tomato_septoria_leaf_spot__521eeff5d9,train,tomato septoria leaf spot,25,data/images/train/tomato_septoria_leaf_spot/tomato_septoria_leaf_spot__521eeff5d9.jpg,504,386,train,train/Tomato Septoria leaf spot/Septoria-leaf-spot-hc.jpg,Tomato Septoria leaf spot,504,386,JPEG,521eeff5d9bffb154fd91d737356ed01,5104482627720044998,1650,1
tomato_septoria_leaf_spot__53a672e441,train,tomato septoria leaf spot,25,data/images/train/tomato_septoria_leaf_spot/tomato_septoria_leaf_spot__53a672e441.jpg,512,288,train,train/Tomato Septoria leaf spot/Septoria-leaf-spot-on-tomato-FOR-WEB.jpg,Tomato Septoria leaf spot,590,332,JPEG,53a672e441da56e8f23c3462f853a6ef,16783461623103281798,1651,1
tomato_septoria_leaf_spot__59b2bf9f04,train,tomato septoria leaf spot,25,data/images/train/tomato_septoria_leaf_spot/tomato_septoria_leaf_spot__59b2bf9f04.jpg,512,384,test,test/Tomato Septoria leaf spot/636227737977191231-septoria-leaf-spot-VT.jpg,Tomato Septoria leaf spot,534,401,JPEG,59b2bf9f04abfa10fd38279d8e5024d2,9700726825192662744,2438,1
tomato_septoria_leaf_spot__5d7567eca8,train,tomato septoria leaf spot,25,data/images/train/tomato_septoria_leaf_spot/tomato_septoria_leaf_spot__5d7567eca8.jpg,199,340,train,train/Tomato Septoria leaf spot/20809116-standard.jpg,Tomato Septoria leaf spot,199,340,JPEG,5d7567eca882e48a5345780c8130eb17,7309890788871599072,1608,1
tomato_septoria_leaf_spot__60b34856d7,train,tomato septoria leaf spot,25,data/images/train/tomato_septoria_leaf_spot/tomato_septoria_leaf_spot__60b34856d7.jpg,450,291,train,train/Tomato Septoria leaf spot/tomato_septoria_alternaria_1.jpg,Tomato Septoria leaf spot,450,291,JPEG,60b34856d753669af6df5245c1a0f6e7,14108592159411015374,1729,1
tomato_septoria_leaf_spot__6b4550abe4,train,tomato septoria leaf spot,25,data/images/train/tomato_septoria_leaf_spot/tomato_septoria_leaf_spot__6b4550abe4.jpg,512,289,train,train/Tomato Septoria leaf spot/PHOTO_1333642732277.jpg,Tomato Septoria leaf spot,1600,902,JPEG,6b4550abe4c1df6beffef8b5553698ef,6971784156192999046,1643,1
tomato_septoria_leaf_spot__7022eb1a0f,train,tomato septoria leaf spot,25,data/images/train/tomato_septoria_leaf_spot/tomato_septoria_leaf_spot__7022eb1a0f.jpg,442,298,train,train/Tomato Septoria leaf spot/bigseptoria01.jpg,Tomato Septoria leaf spot,442,298,JPEG,7022eb1a0f47ff6701f8de4029e6077b,13275817179262071430,1670,1
tomato_septoria_leaf_spot__7075879e50,train,tomato septoria leaf spot,25,data/images/train/tomato_septoria_leaf_spot/tomato_septoria_leaf_spot__7075879e50.jpg,500,384,train,train/Tomato Septoria leaf spot/tomato-septoria-5-500x384.jpg,Tomato Septoria leaf spot,500,384,JPEG,7075879e50551d04ac9659222efd05e8,3933046406567211232,1719,1
tomato_septoria_leaf_spot__7324fd1e05,train,tomato septoria leaf spot,25,data/images/train/tomato_septoria_leaf_spot/tomato_septoria_leaf_spot__7324fd1e05.jpg,512,409,train,train/Tomato Septoria leaf spot/Tomato_Septoria_Leaf_Spot.jpg,Tomato Septoria leaf spot,523,418,JPEG,7324fd1e058f5cfd990e68ada54faa57,14531335426828844700,1666,1
tomato_septoria_leaf_spot__73e2a70a72,train,tomato septoria leaf spot,25,data/images/train/tomato_septoria_leaf_spot/tomato_septoria_leaf_spot__73e2a70a72.jpg,512,487,train,train/Tomato Septoria leaf spot/septoria-leaf-spot-tomatoes2x2400-202yoxg.jpg,Tomato Septoria leaf spot,2400,2285,JPEG,73e2a70a72127932a0bb3ef6e3226a58,7888392109414396880,1688,1
tomato_septoria_leaf_spot__74926625cf,train,tomato septoria leaf spot,25,data/images/train/tomato_septoria_leaf_spot/tomato_septoria_leaf_spot__74926625cf.jpg,512,269,train,train/Tomato Septoria leaf spot/septoria+on+rudbeckia.jpg,Tomato Septoria leaf spot,1200,630,JPEG,74926625cfd6973fc585e2c15fe99e82,15910248153747673840,1681,1
tomato_septoria_leaf_spot__75a09c275d,train,tomato septoria leaf spot,25,data/images/train/tomato_septoria_leaf_spot/tomato_septoria_leaf_spot__75a09c275d.jpg,500,512,train,train/Tomato Septoria leaf spot/septoria-leaf-spot-on-tomato-1.jpg,Tomato Septoria leaf spot,2996,3070,JPEG,75a09c275db8b56d5ff489e6a238f9a5,4133081421405101612,1685,1
tomato_septoria_leaf_spot__7620695c08,train,tomato septoria leaf spot,25,data/images/train/tomato_septoria_leaf_spot/tomato_septoria_leaf_spot__7620695c08.jpg,384,512,train,train/Tomato Septoria leaf spot/IMG_0312_original.jpg,Tomato Septoria leaf spot,1200,1600,JPEG,7620695c08151c52a7ba48dbf5355022,2684648063918694497,1638,1
tomato_septoria_leaf_spot__7a070673f7,train,tomato septoria leaf spot,25,data/images/train/tomato_septoria_leaf_spot/tomato_septoria_leaf_spot__7a070673f7.jpg,384,512,train,train/Tomato Septoria leaf spot/6078710516023296.jpeg.jpg,Tomato Septoria leaf spot,600,800,JPEG,7a070673f7dbc9b4439934665fec1bb0,5560864521874525774,1630,1
tomato_septoria_leaf_spot__7c3a3edc85,train,tomato septoria leaf spot,25,data/images/train/tomato_septoria_leaf_spot/tomato_septoria_leaf_spot__7c3a3edc85.jpg,375,300,train,train/Tomato Septoria leaf spot/BCH%20medium%20thumbnail%20for%20upload%20%2861%29.jpg,Tomato Septoria leaf spot,375,300,JPEG,7c3a3edc85edfcbc4af994b6ae82ee89,10290333946418115636,1635,1
tomato_septoria_leaf_spot__7d22b07171,train,tomato septoria leaf spot,25,data/images/train/tomato_septoria_leaf_spot/tomato_septoria_leaf_spot__7d22b07171.jpg,512,411,train,train/Tomato Septoria leaf spot/tomato-early-blight-e1437503226856.jpg,Tomato Septoria leaf spot,800,642,JPEG,7d22b07171b88ff9e535e6e60a0025df,11956591617489004856,1712,1
tomato_septoria_leaf_spot__80acefb0d1,train,tomato septoria leaf spot,25,data/images/train/tomato_septoria_leaf_spot/tomato_septoria_leaf_spot__80acefb0d1.jpg,512,335,train,train/Tomato Septoria leaf spot/img_6564.jpg,Tomato Septoria leaf spot,3612,2365,JPEG,80acefb0d148bbb3b9975564eb483bfd,16616798474120230496,1678,1
tomato_septoria_leaf_spot__8176cf896a,train,tomato septoria leaf spot,25,data/images/train/tomato_septoria_leaf_spot/tomato_septoria_leaf_spot__8176cf896a.jpg,512,407,train,train/Tomato Septoria leaf spot/septoria-leafspot-on-tomato-leaf-rp-c.jpg,Tomato Septoria leaf spot,1861,1481,JPEG,8176cf896add2c5169551782ac9e8c76,38461684488118475,1690,1
tomato_septoria_leaf_spot__819576e6ff,train,tomato septoria leaf spot,25,data/images/train/tomato_septoria_leaf_spot/tomato_septoria_leaf_spot__819576e6ff.jpg,512,331,train,train/Tomato Septoria leaf spot/septoria3.jpg,Tomato Septoria leaf spot,562,363,JPEG,819576e6ff531d09f2ae7d4a5372a016,12424381857697262688,1694,1
tomato_septoria_leaf_spot__83dcea4ad5,train,tomato septoria leaf spot,25,data/images/train/tomato_septoria_leaf_spot/tomato_septoria_leaf_spot__83dcea4ad5.jpg,512,232,train,train/Tomato Septoria leaf spot/5336411888680960-600x272.jpeg.jpg,Tomato Septoria leaf spot,600,272,JPEG,83dcea4ad5df89493a7f43a88d2a8517,4061085365378436975,1619,1
tomato_septoria_leaf_spot__862c3905b8,train,tomato septoria leaf spot,25,data/images/train/tomato_septoria_leaf_spot/tomato_septoria_leaf_spot__862c3905b8.jpg,294,512,test,test/Tomato Septoria leaf spot/2STEM.jpg,Tomato Septoria leaf spot,367,640,JPEG,862c3905b8f4c8e4fa69c0366c912fcd,1098626637342410445,2434,1
tomato_septoria_leaf_spot__863eccb758,train,tomato septoria leaf spot,25,data/images/train/tomato_septoria_leaf_spot/tomato_septoria_leaf_spot__863eccb758.jpg,512,342,train,train/Tomato Septoria leaf spot/IMG_3175.jpg,Tomato Septoria leaf spot,1000,667,JPEG,863eccb758d3a4ab3a0eb17a9d18ef6e,7360349221545395397,1640,1
tomato_septoria_leaf_spot__8c8c3dd49b,train,tomato septoria leaf spot,25,data/images/train/tomato_septoria_leaf_spot/tomato_septoria_leaf_spot__8c8c3dd49b.jpg,512,434,train,train/Tomato Septoria leaf spot/septoria_tom_seedlings5x1200.jpg,Tomato Septoria leaf spot,1200,1017,JPEG,8c8c3dd49b91736c081dbf6b11de294f,9889196954417863401,1699,1
tomato_septoria_leaf_spot__8e30313499,train,tomato septoria leaf spot,25,data/images/train/tomato_septoria_leaf_spot/tomato_septoria_leaf_spot__8e30313499.jpg,512,384,train,train/Tomato Septoria leaf spot/web1_copy_tomato-septoria-leaf-spot4.jpg,Tomato Septoria leaf spot,640,480,JPEG,8e30313499f3941339e0ac50074d3582,14395147247918162826,1732,1
tomato_septoria_leaf_spot__93755ab916,train,tomato septoria leaf spot,25,data/images/train/tomato_septoria_leaf_spot/tomato_septoria_leaf_spot__93755ab916.jpg,350,406,train,train/Tomato Septoria leaf spot/49-Septoria-leaf-spot.jpg,Tomato Septoria leaf spot,350,406,JPEG,93755ab9163f18e1dce5e19ea6715de5,16097955717024919897,1615,1
tomato_septoria_leaf_spot__93a74a5d93,train,tomato septoria leaf spot,25,data/images/train/tomato_septoria_leaf_spot/tomato_septoria_leaf_spot__93a74a5d93.jpg,400,506,train,train/Tomato Septoria leaf spot/46-Septoria-leaf-spot.jpg,Tomato Septoria leaf spot,400,506,JPEG,93a74a5d93ee5f0cdd82e1c94e87006d,3264278830690284394,1613,1
tomato_septoria_leaf_spot__996357891e,train,tomato septoria leaf spot,25,data/images/train/tomato_septoria_leaf_spot/tomato_septoria_leaf_spot__996357891e.jpg,343,512,train,train/Tomato Septoria leaf spot/septoria-lycopersici-ascomycota-common-fungal-leaf-disease-of-tomato-picture-id128110611.jpg,Tomato Septoria leaf spot,686,1024,JPEG,996357891ee6ec85c10f5eef3039c130,1400717138596507953,1691,1
tomato_septoria_leaf_spot__9ac71b76d6,train,tomato septoria leaf spot,25,data/images/train/tomato_septoria_leaf_spot/tomato_septoria_leaf_spot__9ac71b76d6.jpg,208,228,train,train/Tomato Septoria leaf spot/Septoria_Leaf_Spot.jpg,Tomato Septoria leaf spot,208,228,JPEG,9ac71b76d6be1af9918737e00227ddf0,2595282901510730628,1654,1
tomato_septoria_leaf_spot__9cc919d8a9,train,tomato septoria leaf spot,25,data/images/train/tomato_septoria_leaf_spot/tomato_septoria_leaf_spot__9cc919d8a9.jpg,400,302,train,train/Tomato Septoria leaf spot/6+1+09+019.jpg,Tomato Septoria leaf spot,400,302,JPEG,9cc919d8a97499718bd18e832acb91c2,6033686419941406897,1628,1
tomato_septoria_leaf_spot__9d21681872,train,tomato septoria leaf spot,25,data/images/train/tomato_septoria_leaf_spot/tomato_septoria_leaf_spot__9d21681872.jpg,300,305,train,train/Tomato Septoria leaf spot/septorialeafspot.jpg,Tomato Septoria leaf spot,300,305,JPEG,9d21681872d34a5e3bf75e563a28d655,514854463997959039,1701,1
tomato_septoria_leaf_spot__9e67fa3b08,train,tomato septoria leaf spot,25,data/images/train/tomato_septoria_leaf_spot/tomato_septoria_leaf_spot__9e67fa3b08.jpg,512,346,train,train/Tomato Septoria leaf spot/septorialycopersici_small.jpg,Tomato Septoria leaf spot,1000,676,JPEG,9e67fa3b086ff540dd4e4ef0914734ef,18095268736814880004,1703,1
tomato_septoria_leaf_spot__a12cde80d5,train,tomato septoria leaf spot,25,data/images/train/tomato_septoria_leaf_spot/tomato_septoria_leaf_spot__a12cde80d5.jpg,480,360,train,train/Tomato Septoria leaf spot/1b.jpg,Tomato Septoria leaf spot,480,360,JPEG,a12cde80d574431743db47ee5887f7e2,13025117990503420209,1603,1
tomato_septoria_leaf_spot__a2114c28ec,train,tomato septoria leaf spot,25,data/images/train/tomato_septoria_leaf_spot/tomato_septoria_leaf_spot__a2114c28ec.jpg,400,276,train,train/Tomato Septoria leaf spot/Tom_Sept4.jpg,Tomato Septoria leaf spot,400,276,JPEG,a2114c28ec69b516bdea655bab0a542c,3654167758433137196,1661,1
tomato_septoria_leaf_spot__a27db6dc8d,train,tomato septoria leaf spot,25,data/images/train/tomato_septoria_leaf_spot/tomato_septoria_leaf_spot__a27db6dc8d.jpg,480,360,test,test/Tomato Septoria leaf spot/0.jpg,Tomato Septoria leaf spot,480,360,JPEG,a27db6dc8df5f08762c1d32c2ebafc0f,3100852971810396771,2433,1
tomato_septoria_leaf_spot__a4c244a20e,train,tomato septoria leaf spot,25,data/images/train/tomato_septoria_leaf_spot/tomato_septoria_leaf_spot__a4c244a20e.jpg,512,341,train,train/Tomato Septoria leaf spot/Septoria_Leaf_Spot_of_Tomato186.jpg,Tomato Septoria leaf spot,800,533,JPEG,a4c244a20e9e5d965a970e0a533a38c6,13778043293758708430,1655,1
tomato_septoria_leaf_spot__a4d0dfb97c,train,tomato septoria leaf spot,25,data/images/train/tomato_septoria_leaf_spot/tomato_septoria_leaf_spot__a4d0dfb97c.jpg,143,300,train,train/Tomato Septoria leaf spot/EPP-7625Fig-5-143x300.jpg,Tomato Septoria leaf spot,143,300,JPEG,a4d0dfb97c7d39bcd8a61c2d1124d818,2523998352652317467,1637,1
tomato_septoria_leaf_spot__a59779ded5,train,tomato septoria leaf spot,25,data/images/train/tomato_septoria_leaf_spot/tomato_septoria_leaf_spot__a59779ded5.jpg,512,384,train,train/Tomato Septoria leaf spot/6336392950972416.jpeg.jpg,Tomato Septoria leaf spot,800,600,JPEG,a59779ded561f38c106aa22065c78a94,4803335741519181157,1633,1
tomato_septoria_leaf_spot__a62ffff9a4,train,tomato septoria leaf spot,25,data/images/train/tomato_septoria_leaf_spot/tomato_septoria_leaf_spot__a62ffff9a4.jpg,500,332,test,test/Tomato Septoria leaf spot/6447731_orig.jpg,Tomato Septoria leaf spot,500,332,JPEG,a62ffff9a4cb88d95eb31014bfb9d9f1,9447190073134059545,2439,1
tomato_septoria_leaf_spot__a99e9d4d65,train,tomato septoria leaf spot,25,data/images/train/tomato_septoria_leaf_spot/tomato_septoria_leaf_spot__a99e9d4d65.jpg,512,376,train,train/Tomato Septoria leaf spot/septoria_tomato.jpg,Tomato Septoria leaf spot,1200,881,JPEG,a99e9d4d65cb0d7852d20e72f628a2ff,6239634082135820425,1700,1
tomato_septoria_leaf_spot__aad0746859,train,tomato septoria leaf spot,25,data/images/train/tomato_septoria_leaf_spot/tomato_septoria_leaf_spot__aad0746859.jpg,265,512,train,train/Tomato Septoria leaf spot/septorialeafspot2.jpg,Tomato Septoria leaf spot,300,579,JPEG,aad0746859c0b409a6c854f492c87190,5480760981904121405,1702,1
tomato_septoria_leaf_spot__b04b58d04b,train,tomato septoria leaf spot,25,data/images/train/tomato_septoria_leaf_spot/tomato_septoria_leaf_spot__b04b58d04b.jpg,430,290,test,test/Tomato Septoria leaf spot/2septoria-tomato.jpg,Tomato Septoria leaf spot,430,290,JPEG,b04b58d04bbe3d5c097962dd0b036be9,11059118457942218897,2435,1
tomato_septoria_leaf_spot__b23f69281a,train,tomato septoria leaf spot,25,data/images/train/tomato_septoria_leaf_spot/tomato_septoria_leaf_spot__b23f69281a.jpg,512,256,train,train/Tomato Septoria leaf spot/septoria_leaf_spot_of_tomato-1500x750.jpg,Tomato Septoria leaf spot,1500,750,JPEG,b23f69281a4edc29cfff36716aa52faf,15659636184411509681,1696,1
tomato_septoria_leaf_spot__b39100ca02,train,tomato septoria leaf spot,25,data/images/train/tomato_septoria_leaf_spot/tomato_septoria_leaf_spot__b39100ca02.jpg,240,208,train,train/Tomato Septoria leaf spot/1c421500ddd390c90596ad2cf12d5429.jpg,Tomato Septoria leaf spot,240,208,JPEG,b39100ca02d66927473ad7b12fc7e8c4,13208184369054966773,1604,1
tomato_septoria_leaf_spot__b54a9a22db,train,tomato septoria leaf spot,25,data/images/train/tomato_septoria_leaf_spot/tomato_septoria_leaf_spot__b54a9a22db.jpg,384,512,train,train/Tomato Septoria leaf spot/5315825271570432.jpeg.jpg,Tomato Septoria leaf spot,600,800,JPEG,b54a9a22db0f7b50989d487007bded00,14016394292644819996,1618,1
tomato_septoria_leaf_spot__bb3cf35859,train,tomato septoria leaf spot,25,data/images/train/tomato_septoria_leaf_spot/tomato_septoria_leaf_spot__bb3cf35859.jpg,483,512,train,train/Tomato Septoria leaf spot/5c77186a4ea326e5495c9d03cd89ce16.jpg,Tomato Septoria leaf spot,575,609,JPEG,bb3cf358590742f0a063e77d1df92c47,3684968420377058137,1627,2
tomato_septoria_leaf_spot__c13860a910,train,tomato septoria leaf spot,25,data/images/train/tomato_septoria_leaf_spot/tomato_septoria_leaf_spot__c13860a910.jpg,512,343,train,train/Tomato Septoria leaf spot/Septoria-Tomato.jpg,Tomato Septoria leaf spot,3872,2592,JPEG,c13860a910e2565a3ee7b146124c99ba,3645143844744401176,1649,2
tomato_septoria_leaf_spot__c4666f7940,train,tomato septoria leaf spot,25,data/images/train/tomato_septoria_leaf_spot/tomato_septoria_leaf_spot__c4666f7940.jpg,512,512,train,train/Tomato Septoria leaf spot/tomato-plant-is-infected-with-septoria-leaf-spot-1.jpg,Tomato Septoria leaf spot,720,720,JPEG,c4666f7940e8db54f3958830f3846c0a,3806850822892407771,1715,1
tomato_septoria_leaf_spot__c46ab3f911,train,tomato septoria leaf spot,25,data/images/train/tomato_septoria_leaf_spot/tomato_septoria_leaf_spot__c46ab3f911.jpg,512,384,train,train/Tomato Septoria leaf spot/Tomato+Problems+Septoria+Leaf+Spot.jpg,Tomato Septoria leaf spot,960,720,JPEG,c46ab3f911fc4dccc3ce8646c390f78a,1616211627171802977,1663,1
tomato_septoria_leaf_spot__c7658d3d69,train,tomato septoria leaf spot,25,data/images/train/tomato_septoria_leaf_spot/tomato_septoria_leaf_spot__c7658d3d69.jpg,341,512,train,train/Tomato Septoria leaf spot/septoria-leaf-spot-in-tomatoes.jpg,Tomato Septoria leaf spot,600,900,JPEG,c7658d3d693476e5caa8c9521f4f273b,13880221182744933811,1684,1
tomato_septoria_leaf_spot__c829aac8ca,train,tomato septoria leaf spot,25,data/images/train/tomato_septoria_leaf_spot/tomato_septoria_leaf_spot__c829aac8ca.jpg,300,400,train,train/Tomato Septoria leaf spot/5579e3247db73.image.jpg,Tomato Septoria leaf spot,300,400,JPEG,c829aac8caba8099bc36e61b1590386d,11280121990711438441,1623,1
tomato_septoria_leaf_spot__c90873847d,train,tomato septoria leaf spot,25,data/images/train/tomato_septoria_leaf_spot/tomato_septoria_leaf_spot__c90873847d.jpg,384,512,train,train/Tomato Septoria leaf spot/5516100468998144.jpeg.jpg,Tomato Septoria leaf spot,600,800,JPEG,c90873847d2d60a6c7f13232e2f1c177,9354998577372478106,1622,1
tomato_septoria_leaf_spot__cd7a1d4990,train,tomato septoria leaf spot,25,data/images/train/tomato_septoria_leaf_spot/tomato_septoria_leaf_spot__cd7a1d4990.jpg,300,300,train,train/Tomato Septoria leaf spot/tomato_leaves_300x300%2523.jpg,Tomato Septoria leaf spot,300,300,JPEG,cd7a1d4990880ffa41ed58209ae98ac1,7335758609373212250,1727,1
tomato_septoria_leaf_spot__ce871e6e55,train,tomato septoria leaf spot,25,data/images/train/tomato_septoria_leaf_spot/tomato_septoria_leaf_spot__ce871e6e55.jpg,512,470,train,train/Tomato Septoria leaf spot/septoria-leaf-spot-tomatoes1x2400-17g2jzo.jpg,Tomato Septoria leaf spot,2400,2205,JPEG,ce871e6e559d5d5b16a3dd30e086f9b0,9700205421276794508,1687,1
tomato_septoria_leaf_spot__d24e56a397,train,tomato septoria leaf spot,25,data/images/train/tomato_septoria_leaf_spot/tomato_septoria_leaf_spot__d24e56a397.jpg,480,480,train,train/Tomato Septoria leaf spot/tomato-septoria-leaf-spot-600.jpg,Tomato Septoria leaf spot,480,480,JPEG,d24e56a397c7b7fb6d743767ba173f3a,9765923325527286579,1723,1
tomato_septoria_leaf_spot__d370a6dc42,train,tomato septoria leaf spot,25,data/images/train/tomato_septoria_leaf_spot/tomato_septoria_leaf_spot__d370a6dc42.jpg,394,486,train,train/Tomato Septoria leaf spot/5008922249_880e15c21f.jpg,Tomato Septoria leaf spot,394,486,JPEG,d370a6dc424fcc78142b80324b5c3a0d,3713091644140813053,1616,1
tomato_septoria_leaf_spot__d6fd7fd32f,train,tomato septoria leaf spot,25,data/images/train/tomato_septoria_leaf_spot/tomato_septoria_leaf_spot__d6fd7fd32f.jpg,512,384,train,train/Tomato Septoria leaf spot/septoria_tom_seedlings2x1200.jpg,Tomato Septoria leaf spot,1200,900,JPEG,d6fd7fd32f1c9c487dbaef9906240a35,2251575004738869573,1698,1
tomato_septoria_leaf_spot__d740d81b1b,train,tomato septoria leaf spot,25,data/images/train/tomato_septoria_leaf_spot/tomato_septoria_leaf_spot__d740d81b1b.jpg,384,512,train,train/Tomato Septoria leaf spot/bed-4-tomatoes-23jun13.jpg,Tomato Septoria leaf spot,2448,3264,JPEG,d740d81b1b177fb1f3bc54bb1e03f0ea,14190862341376455739,1669,1
tomato_septoria_leaf_spot__d818a000cc,train,tomato septoria leaf spot,25,data/images/train/tomato_septoria_leaf_spot/tomato_septoria_leaf_spot__d818a000cc.jpg,512,384,train,train/Tomato Septoria leaf spot/tomato%2Bseptoria%2Bleaf%2Bspot2.JPG.jpg,Tomato Septoria leaf spot,1600,1200,JPEG,d818a000ccb19e07c176c3e33b39d864,10113879455233395928,1706,1
tomato_septoria_leaf_spot__d90e3fa037,train,tomato septoria leaf spot,25,data/images/train/tomato_septoria_leaf_spot/tomato_septoria_leaf_spot__d90e3fa037.jpg,384,512,train,train/Tomato Septoria leaf spot/IMG_4452_1500x1500%253E.JPG?1407883119.jpg,Tomato Septoria leaf spot,1125,1500,JPEG,d90e3fa037580cb55ab40d40dd4ab3b8,11145390090809344994,1641,1
tomato_septoria_leaf_spot__dbaa6e5ac3,train,tomato septoria leaf spot,25,data/images/train/tomato_septoria_leaf_spot/tomato_septoria_leaf_spot__dbaa6e5ac3.jpg,453,417,train,train/Tomato Septoria leaf spot/confused-early-blight-septoria-zoom.jpg,Tomato Septoria leaf spot,453,417,JPEG,dbaa6e5ac389a2a32b3d3c65317a3d6a,2354456339052273797,1674,1
tomato_septoria_leaf_spot__df412e3efa,train,tomato septoria leaf spot,25,data/images/train/tomato_septoria_leaf_spot/tomato_septoria_leaf_spot__df412e3efa.jpg,512,384,train,train/Tomato Septoria leaf spot/Septoria_Leaf_Spot_of_Tomato187.jpg,Tomato Septoria leaf spot,800,600,JPEG,df412e3efa16a68a20df541fd891f131,5097074174634158320,1656,1
tomato_septoria_leaf_spot__df48f47612,train,tomato septoria leaf spot,25,data/images/train/tomato_septoria_leaf_spot/tomato_septoria_leaf_spot__df48f47612.jpg,512,341,test,test/Tomato Septoria leaf spot/RARZ4.jpg,Tomato Septoria leaf spot,6000,4000,JPEG,df48f47612d9fb63fbc48f344d04a992,9915105354551186012,2441,1
tomato_septoria_leaf_spot__dfb6ae9190,train,tomato septoria leaf spot,25,data/images/train/tomato_septoria_leaf_spot/tomato_septoria_leaf_spot__dfb6ae9190.jpg,512,384,train,train/Tomato Septoria leaf spot/slide21-n.jpg,Tomato Septoria leaf spot,720,540,JPEG,dfb6ae9190cbb722802267f142bcb665,3676641668176950846,1704,1
tomato_septoria_leaf_spot__dfdf2c3bb9,train,tomato septoria leaf spot,25,data/images/train/tomato_septoria_leaf_spot/tomato_septoria_leaf_spot__dfdf2c3bb9.jpg,512,384,train,train/Tomato Septoria leaf spot/66e7583ebe11cf0bd06435e4167bd4fd.jpg,Tomato Septoria leaf spot,590,443,JPEG,dfdf2c3bb94e79c64f3ccf8154e87ef5,11618241731576280211,1634,1
tomato_septoria_leaf_spot__e19cec5668,train,tomato septoria leaf spot,25,data/images/train/tomato_septoria_leaf_spot/tomato_septoria_leaf_spot__e19cec5668.jpg,160,200,train,train/Tomato Septoria leaf spot/sls1.jpg,Tomato Septoria leaf spot,160,200,JPEG,e19cec566889c8eb00d7270630d4d43a,3760612794214972568,1705,1
tomato_septoria_leaf_spot__e2eef39e77,train,tomato septoria leaf spot,25,data/images/train/tomato_septoria_leaf_spot/tomato_septoria_leaf_spot__e2eef39e77.jpg,450,300,train,train/Tomato Septoria leaf spot/Septoria_Leaf_Spot_of_Tomato2241-450x300.jpg,Tomato Septoria leaf spot,450,300,JPEG,e2eef39e77dbf6a635c45a643212f2b5,667222013556933009,1657,1
tomato_septoria_leaf_spot__e7991b5456,train,tomato septoria leaf spot,25,data/images/train/tomato_septoria_leaf_spot/tomato_septoria_leaf_spot__e7991b5456.jpg,425,424,train,train/Tomato Septoria leaf spot/leafspot-5aba8283642dca003687f6fa.jpg,Tomato Septoria leaf spot,425,424,JPEG,e7991b5456019b105f3bc901b89c1fbd,14255219739379156072,1679,1
tomato_septoria_leaf_spot__eac10419b9,train,tomato septoria leaf spot,25,data/images/train/tomato_septoria_leaf_spot/tomato_septoria_leaf_spot__eac10419b9.jpg,512,384,train,train/Tomato Septoria leaf spot/3-septoria-leaf-blight-n.jpg,Tomato Septoria leaf spot,720,540,JPEG,eac10419b9223cae8c69b6c549c3dfab,3686010870415467361,1610,1
tomato_septoria_leaf_spot__ec094106e0,train,tomato septoria leaf spot,25,data/images/train/tomato_septoria_leaf_spot/tomato_septoria_leaf_spot__ec094106e0.jpg,512,384,train,train/Tomato Septoria leaf spot/tomato-badleaves.jpg,Tomato Septoria leaf spot,1280,960,JPEG,ec094106e0f16a9602348cef115b2c65,2622161141292905075,1707,1
tomato_septoria_leaf_spot__eeb3e13b19,train,tomato septoria leaf spot,25,data/images/train/tomato_septoria_leaf_spot/tomato_septoria_leaf_spot__eeb3e13b19.jpg,500,384,train,train/Tomato Septoria leaf spot/tomato-septoria-3-500x384.jpg,Tomato Septoria leaf spot,500,384,JPEG,eeb3e13b19782e5496179807c4ccc67f,12965271515650126032,1717,1
tomato_septoria_leaf_spot__f441d6f996,train,tomato septoria leaf spot,25,data/images/train/tomato_septoria_leaf_spot/tomato_septoria_leaf_spot__f441d6f996.jpg,257,196,train,train/Tomato Septoria leaf spot/Bean-rust-on-leaves.jpg,Tomato Septoria leaf spot,257,196,JPEG,f441d6f996650b57ee9f54d95a4f9d51,4143004659657783352,1636,1
tomato_septoria_leaf_spot__f88d519340,train,tomato septoria leaf spot,25,data/images/train/tomato_septoria_leaf_spot/tomato_septoria_leaf_spot__f88d519340.jpg,236,314,train,train/Tomato Septoria leaf spot/bd0b83af4c5e4b739ccc6c36fa66f141.jpg,Tomato Septoria leaf spot,236,314,JPEG,f88d519340ff4d91c87112975de85ef4,3689155933549421011,1668,1
tomato_septoria_leaf_spot__f93c985eec,train,tomato septoria leaf spot,25,data/images/train/tomato_septoria_leaf_spot/tomato_septoria_leaf_spot__f93c985eec.jpg,442,512,train,train/Tomato Septoria leaf spot/2014-08-27%2B-%2BCloser%2BView%2Bof%2BSeptoria%2BLeaf%2BSpot.jpg,Tomato Septoria leaf spot,1380,1600,JPEG,f93c985eec300eb3777a1126629f78b3,290508727592421139,1607,1
tomato_septoria_leaf_spot__fc88cc4f6e,train,tomato septoria leaf spot,25,data/images/train/tomato_septoria_leaf_spot/tomato_septoria_leaf_spot__fc88cc4f6e.jpg,500,333,train,train/Tomato Septoria leaf spot/4853086777_bc41d29801.jpg,Tomato Septoria leaf spot,500,333,JPEG,fc88cc4f6ec0c22c0d87f843fa4e5f6a,5135053967352718436,1614,1
tomato_septoria_leaf_spot__fe27af68e3,train,tomato septoria leaf spot,25,data/images/train/tomato_septoria_leaf_spot/tomato_septoria_leaf_spot__fe27af68e3.jpg,353,512,train,train/Tomato Septoria leaf spot/3893.jpg,Tomato Septoria leaf spot,1024,1486,JPEG,fe27af68e35f95de11730c421e54d138,1166548614368783473,1612,1
tomato_septoria_leaf_spot__ffc53979fe,train,tomato septoria leaf spot,25,data/images/train/tomato_septoria_leaf_spot/tomato_septoria_leaf_spot__ffc53979fe.jpg,512,389,test,test/Tomato Septoria leaf spot/sept4disease-019.jpg,Tomato Septoria leaf spot,1903,1444,JPEG,ffc53979fe36cf2ea2a39ffdd24d8a9e,5205094793874575128,2442,1
tomato_yellow_leaf_curl_virus__00794a9bd9,train,tomato yellow leaf curl virus,26,data/images/train/tomato_yellow_leaf_curl_virus/tomato_yellow_leaf_curl_virus__00794a9bd9.jpg,387,512,train,train/Tomato leaf yellow virus/tomato-yellow-leaf-curl-virus-tylvcv-symptoms-on-a-tomato-plant-under-BMYHXY.jpg,Tomato leaf yellow virus,1050,1390,JPEG,00794a9bd9ca7f02ef5c505913d7c3d2,3735973731577229618,2080,1
tomato_yellow_leaf_curl_virus__061bf61cb6,train,tomato yellow leaf curl virus,26,data/images/train/tomato_yellow_leaf_curl_virus/tomato_yellow_leaf_curl_virus__061bf61cb6.jpg,512,380,train,train/Tomato leaf yellow virus/TYLCV-tomate-DB-445-171.jpg,Tomato leaf yellow virus,700,520,JPEG,061bf61cb6e520c9c8d082d125fd0a4b,1792087975408273675,2049,1
tomato_yellow_leaf_curl_virus__0fdb151a18,train,tomato yellow leaf curl virus,26,data/images/train/tomato_yellow_leaf_curl_virus/tomato_yellow_leaf_curl_virus__0fdb151a18.jpg,320,159,train,train/Tomato leaf yellow virus/s-prasanth-kumar-young-scientist-awarded-presentation-2-728.jpg,Tomato leaf yellow virus,320,159,JPEG,0fdb151a18847e09b96fabfb0a0b7ed7,15049178328031992793,2065,1
tomato_yellow_leaf_curl_virus__0ffab1ba10,train,tomato yellow leaf curl virus,26,data/images/train/tomato_yellow_leaf_curl_virus/tomato_yellow_leaf_curl_virus__0ffab1ba10.jpg,512,284,train,train/Tomato leaf yellow virus/leaves-on-tomato-plant-turning-yellow-what-does-it-mean-when-your-plant-leaves-turn-yellow-tomato-leaf-problems-a-guide-to-leaves-tomato-plant-turning-yellow.jpg,Tomato leaf yellow virus,810,450,JPEG,0ffab1ba1056b4c3765095b5382095b8,4614300303518215009,2060,1
tomato_yellow_leaf_curl_virus__1382125c48,train,tomato yellow leaf curl virus,26,data/images/train/tomato_yellow_leaf_curl_virus/tomato_yellow_leaf_curl_virus__1382125c48.jpg,480,423,train,train/Tomato leaf yellow virus/TYLCV1.jpg,Tomato leaf yellow virus,480,423,JPEG,1382125c48515cf1b307e55a2b2566a3,13380671212521645146,2050,1
tomato_yellow_leaf_curl_virus__148c8d901a,train,tomato yellow leaf curl virus,26,data/images/train/tomato_yellow_leaf_curl_virus/tomato_yellow_leaf_curl_virus__148c8d901a.jpg,512,342,test,test/Tomato leaf yellow virus/8226402877_9abf151b5b_b.jpg,Tomato leaf yellow virus,1024,683,JPEG,148c8d901a6614814a8eb70bf915882c,7525922245148741740,2479,1
tomato_yellow_leaf_curl_virus__1710f09b06,train,tomato yellow leaf curl virus,26,data/images/train/tomato_yellow_leaf_curl_virus/tomato_yellow_leaf_curl_virus__1710f09b06.jpg,512,489,train,train/Tomato leaf yellow virus/TYLCV-tomate-DB-442-167.jpg,Tomato leaf yellow virus,544,520,JPEG,1710f09b06f6dc21a3f6dd0ad675072b,13424135550315859598,2048,1
tomato_yellow_leaf_curl_virus__195eba8b04,train,tomato yellow leaf curl virus,26,data/images/train/tomato_yellow_leaf_curl_virus/tomato_yellow_leaf_curl_virus__195eba8b04.jpg,384,512,train,train/Tomato leaf yellow virus/IMG_2684.JPG.jpg,Tomato leaf yellow virus,1200,1600,JPEG,195eba8b04a606b6bfa626aff62911b2,17063241233435847439,2042,1
tomato_yellow_leaf_curl_virus__2042df64c8,train,tomato yellow leaf curl virus,26,data/images/train/tomato_yellow_leaf_curl_virus/tomato_yellow_leaf_curl_virus__2042df64c8.jpg,512,384,train,train/Tomato leaf yellow virus/IMG_2686.JPG.jpg,Tomato leaf yellow virus,1600,1200,JPEG,2042df64c80230d16fb4f34ed38261e6,226622712591155470,2043,1
tomato_yellow_leaf_curl_virus__26ff277afb,train,tomato yellow leaf curl virus,26,data/images/train/tomato_yellow_leaf_curl_virus/tomato_yellow_leaf_curl_virus__26ff277afb.jpg,442,512,train,train/Tomato leaf yellow virus/tomato-yellow-leaf-curl-virus-symptoms-on-tomato-leaves-on-plants-ACGAME.jpg,Tomato leaf yellow virus,1199,1390,JPEG,26ff277afb28b17bdf729471f45e0dd0,3508819526392352873,2076,1
tomato_yellow_leaf_curl_virus__283c0e7f1c,train,tomato yellow leaf curl virus,26,data/images/train/tomato_yellow_leaf_curl_virus/tomato_yellow_leaf_curl_virus__283c0e7f1c.jpg,288,512,train,train/Tomato leaf yellow virus/28619919393_7ef44acccc_b.jpg,Tomato leaf yellow virus,576,1024,JPEG,283c0e7f1c01ee259990675dae068313,17928653042738548326,2027,1
tomato_yellow_leaf_curl_virus__2bcfc7be2e,train,tomato yellow leaf curl virus,26,data/images/train/tomato_yellow_leaf_curl_virus/tomato_yellow_leaf_curl_virus__2bcfc7be2e.jpg,358,253,train,train/Tomato leaf yellow virus/tomato-yellow-leaf-curl-virus-pdf-78kb.jpg,Tomato leaf yellow virus,358,253,JPEG,2bcfc7be2e9b01276b9919a1d10af3d7,5851058992154096419,2075,1
tomato_yellow_leaf_curl_virus__2f268239ad,train,tomato yellow leaf curl virus,26,data/images/train/tomato_yellow_leaf_curl_virus/tomato_yellow_leaf_curl_virus__2f268239ad.jpg,347,280,train,train/Tomato leaf yellow virus/tomato-yellow-leaf-curl-disease-260nw-1006958086.jpg,Tomato leaf yellow virus,347,280,JPEG,2f268239adb73e68353a809f3b982335,10996900176066817435,2072,1
tomato_yellow_leaf_curl_virus__3b6bb521d9,train,tomato yellow leaf curl virus,26,data/images/train/tomato_yellow_leaf_curl_virus/tomato_yellow_leaf_curl_virus__3b6bb521d9.jpg,347,280,train,train/Tomato leaf yellow virus/tomato-yellow-leaf-curl-disease-260nw-1072448252.jpg,Tomato leaf yellow virus,347,280,JPEG,3b6bb521d95399d8c45ac1e611acb242,10273433696176084919,2073,1
tomato_yellow_leaf_curl_virus__3bee34f4fa,train,tomato yellow leaf curl virus,26,data/images/train/tomato_yellow_leaf_curl_virus/tomato_yellow_leaf_curl_virus__3bee34f4fa.jpg,512,384,train,train/Tomato leaf yellow virus/role-of-whitefly-in-plant-virus-transmission-by-pmanikandan-25-638.jpg,Tomato leaf yellow virus,638,479,JPEG,3bee34f4fa717691c74b6936cd145253,3984328079431660371,2064,1
tomato_yellow_leaf_curl_virus__40cf2dba4b,train,tomato yellow leaf curl virus,26,data/images/train/tomato_yellow_leaf_curl_virus/tomato_yellow_leaf_curl_virus__40cf2dba4b.jpg,250,313,train,train/Tomato leaf yellow virus/IU-TYLCV_img_8.jpg,Tomato leaf yellow virus,250,313,JPEG,40cf2dba4b17de306d78dfa62aac01a3,15769579274630699722,2046,1
tomato_yellow_leaf_curl_virus__41ebd9d0ac,train,tomato yellow leaf curl virus,26,data/images/train/tomato_yellow_leaf_curl_virus/tomato_yellow_leaf_curl_virus__41ebd9d0ac.jpg,512,512,train,train/Tomato leaf yellow virus/tlcv-tomato-leaf-curl-virus-symptoms-on-a-glasshouse-tomato-plant-ACGAG6.jpg,Tomato leaf yellow virus,1300,1299,JPEG,41ebd9d0acfa81f0b98a416568723b2d,14096319785671854233,2067,1
tomato_yellow_leaf_curl_virus__4be1326034,train,tomato yellow leaf curl virus,26,data/images/train/tomato_yellow_leaf_curl_virus/tomato_yellow_leaf_curl_virus__4be1326034.jpg,512,384,train,train/Tomato leaf yellow virus/art_15017325188173_a24a66.jpg,Tomato leaf yellow virus,550,412,JPEG,4be1326034f439567d89a412d3afb278,13389583668723225171,2054,1
tomato_yellow_leaf_curl_virus__4f33e4d741,train,tomato yellow leaf curl virus,26,data/images/train/tomato_yellow_leaf_curl_virus/tomato_yellow_leaf_curl_virus__4f33e4d741.jpg,512,343,train,train/Tomato leaf yellow virus/8226402609_62d16884a7_b.jpg,Tomato leaf yellow virus,1024,685,JPEG,4f33e4d741071a096fabad893e578368,3930869829168843145,2034,1
tomato_yellow_leaf_curl_virus__5298041426,train,tomato yellow leaf curl virus,26,data/images/train/tomato_yellow_leaf_curl_virus/tomato_yellow_leaf_curl_virus__5298041426.jpg,512,384,train,train/Tomato leaf yellow virus/DSC01999.JPG.jpg,Tomato leaf yellow virus,1024,768,JPEG,529804142681eb0bcaf4596e73bd794b,7377903082905636251,2037,1
tomato_yellow_leaf_curl_virus__54c90063ae,train,tomato yellow leaf curl virus,26,data/images/train/tomato_yellow_leaf_curl_virus/tomato_yellow_leaf_curl_virus__54c90063ae.jpg,512,257,train,train/Tomato leaf yellow virus/2.--Virused-tomato-leaves-versus.jpg,Tomato leaf yellow virus,1800,903,JPEG,54c90063aee4bbc8bf1d907d145a7851,11226286069365763023,2026,1
tomato_yellow_leaf_curl_virus__561410c734,train,tomato yellow leaf curl virus,26,data/images/train/tomato_yellow_leaf_curl_virus/tomato_yellow_leaf_curl_virus__561410c734.jpg,384,512,train,train/Tomato leaf yellow virus/IMG_2687.JPG.jpg,Tomato leaf yellow virus,1200,1600,JPEG,561410c7347ee9e6503108cee962cef4,17885570023303426963,2044,1
tomato_yellow_leaf_curl_virus__574895f7ca,train,tomato yellow leaf curl virus,26,data/images/train/tomato_yellow_leaf_curl_virus/tomato_yellow_leaf_curl_virus__574895f7ca.jpg,512,433,train,train/Tomato leaf yellow virus/tomato-yellow-leaf-curl-virus-symptoms-on-tomato-leaves-on-plants-AXKWFY.jpg,Tomato leaf yellow virus,1300,1099,JPEG,574895f7ca354d6a6d24100b7839a497,11273410518229107394,2077,1
tomato_yellow_leaf_curl_virus__5b4163adb2,train,tomato yellow leaf curl virus,26,data/images/train/tomato_yellow_leaf_curl_virus/tomato_yellow_leaf_curl_virus__5b4163adb2.jpg,512,384,train,train/Tomato leaf yellow virus/tylcv-seminar-1-638.jpg,Tomato leaf yellow virus,638,479,JPEG,5b4163adb2bd89b453328e8063b16f37,7155992428887110001,2084,2
tomato_yellow_leaf_curl_virus__66a040b8ef,train,tomato yellow leaf curl virus,26,data/images/train/tomato_yellow_leaf_curl_virus/tomato_yellow_leaf_curl_virus__66a040b8ef.jpg,460,345,train,train/Tomato leaf yellow virus/virus2.jpg,Tomato leaf yellow virus,460,345,JPEG,66a040b8efa44eb9527f470d353d3b31,7611904762764143386,2088,1
tomato_yellow_leaf_curl_virus__67e3733325,train,tomato yellow leaf curl virus,26,data/images/train/tomato_yellow_leaf_curl_virus/tomato_yellow_leaf_curl_virus__67e3733325.jpg,497,369,train,train/Tomato leaf yellow virus/tylcv.jpg,Tomato leaf yellow virus,497,369,JPEG,67e3733325b3fa0f4197148a41ace97d,6156553537756410980,2085,1
tomato_yellow_leaf_curl_virus__67e8fb5e7c,train,tomato yellow leaf curl virus,26,data/images/train/tomato_yellow_leaf_curl_virus/tomato_yellow_leaf_curl_virus__67e8fb5e7c.jpg,500,375,train,train/Tomato leaf yellow virus/tomato-yellow-closeup-3.jpg,Tomato leaf yellow virus,500,375,JPEG,67e8fb5e7c56474ba2195988068fb4c5,18225686043102213874,2070,1
tomato_yellow_leaf_curl_virus__73a8b9871c,train,tomato yellow leaf curl virus,26,data/images/train/tomato_yellow_leaf_curl_virus/tomato_yellow_leaf_curl_virus__73a8b9871c.jpg,209,320,train,train/Tomato leaf yellow virus/DSC_3019_320x209.jpg,Tomato leaf yellow virus,209,320,JPEG,73a8b9871c7590581ff8bda534ca635e,11515399067763405370,2040,1
tomato_yellow_leaf_curl_virus__73e218bf3c,train,tomato yellow leaf curl virus,26,data/images/train/tomato_yellow_leaf_curl_virus/tomato_yellow_leaf_curl_virus__73e218bf3c.jpg,512,384,train,train/Tomato leaf yellow virus/TYLCV-tomate-DB-441-170.jpg,Tomato leaf yellow virus,693,520,JPEG,73e218bf3c297a29c8b6bfaacbd7080b,16443893917365857482,2047,1
tomato_yellow_leaf_curl_virus__747ce76352,train,tomato yellow leaf curl virus,26,data/images/train/tomato_yellow_leaf_curl_virus/tomato_yellow_leaf_curl_virus__747ce76352.jpg,512,355,train,train/Tomato leaf yellow virus/leaves-curling-on-tomato-plant-characteristic-symptoms-tomato-plants-leaves-curling-down-on-tomato-plant.jpg,Tomato leaf yellow virus,567,393,JPEG,747ce763524b136e0ce42f799ec6c4e2,11539954003109195599,2059,1
tomato_yellow_leaf_curl_virus__75b8e50fb1,train,tomato yellow leaf curl virus,26,data/images/train/tomato_yellow_leaf_curl_virus/tomato_yellow_leaf_curl_virus__75b8e50fb1.jpg,352,512,train,train/Tomato leaf yellow virus/1342017-162221-44540.jpg,Tomato leaf yellow virus,515,750,JPEG,75b8e50fb1eaf521f63f640ca2409a22,9809228603363047608,2023,1
tomato_yellow_leaf_curl_virus__775d2b57bf,train,tomato yellow leaf curl virus,26,data/images/train/tomato_yellow_leaf_curl_virus/tomato_yellow_leaf_curl_virus__775d2b57bf.jpg,295,320,train,train/Tomato leaf yellow virus/yellowing.JPG.jpg,Tomato leaf yellow virus,295,320,JPEG,775d2b57bf4560b84798f44e344f68c4,9378971513119847460,2089,1
tomato_yellow_leaf_curl_virus__77de70e8fc,train,tomato yellow leaf curl virus,26,data/images/train/tomato_yellow_leaf_curl_virus/tomato_yellow_leaf_curl_virus__77de70e8fc.jpg,512,235,test,test/Tomato leaf yellow virus/glyphosate.jpg,Tomato leaf yellow virus,788,362,JPEG,77de70e8fc49af0a19892ca9407fe094,15766173979610011992,2481,1
tomato_yellow_leaf_curl_virus__7e6c671ba9,train,tomato yellow leaf curl virus,26,data/images/train/tomato_yellow_leaf_curl_virus/tomato_yellow_leaf_curl_virus__7e6c671ba9.jpg,512,388,train,train/Tomato leaf yellow virus/IU-TYLCV_img_6.jpg,Tomato leaf yellow virus,675,512,JPEG,7e6c671ba9223ed0c8487be69c194bb3,6437008191050208209,2045,1
tomato_yellow_leaf_curl_virus__911d9730f5,train,tomato yellow leaf curl virus,26,data/images/train/tomato_yellow_leaf_curl_virus/tomato_yellow_leaf_curl_virus__911d9730f5.jpg,512,333,train,train/Tomato leaf yellow virus/latest?cb=20100719124603.jpg,Tomato leaf yellow virus,768,499,JPEG,911d9730f57a04eadfb3ebfd0eadb913,3644418919788107492,2057,1
tomato_yellow_leaf_curl_virus__92cc5022e4,train,tomato yellow leaf curl virus,26,data/images/train/tomato_yellow_leaf_curl_virus/tomato_yellow_leaf_curl_virus__92cc5022e4.jpg,512,341,train,train/Tomato leaf yellow virus/18071.img.jpg,Tomato leaf yellow virus,600,400,JPEG,92cc5022e44bccb39275d49cf80ae87f,7132204367693143775,2025,1
tomato_yellow_leaf_curl_virus__946f04e717,train,tomato yellow leaf curl virus,26,data/images/train/tomato_yellow_leaf_curl_virus/tomato_yellow_leaf_curl_virus__946f04e717.jpg,300,450,train,train/Tomato leaf yellow virus/tomato-yellow-leaf-curl-virus-tomato-1.jpg,Tomato leaf yellow virus,300,450,JPEG,946f04e7179016486b18faeb44e61409,17779626879218406422,2078,1
tomato_yellow_leaf_curl_virus__96f0995a1e,train,tomato yellow leaf curl virus,26,data/images/train/tomato_yellow_leaf_curl_virus/tomato_yellow_leaf_curl_virus__96f0995a1e.jpg,512,256,train,train/Tomato leaf yellow virus/tomato_yellow_leaf_curl_virus.jpg,Tomato leaf yellow virus,1500,750,JPEG,96f0995a1e99ac3dfcb7917fd7355456,9576598242197280921,2082,1
tomato_yellow_leaf_curl_virus__98088e40a5,train,tomato yellow leaf curl virus,26,data/images/train/tomato_yellow_leaf_curl_virus/tomato_yellow_leaf_curl_virus__98088e40a5.jpg,512,384,train,train/Tomato leaf yellow virus/DSC02007.JPG.jpg,Tomato leaf yellow virus,1024,768,JPEG,98088e40a587d61de8414797e2f52485,15696853229847520010,2039,1
tomato_yellow_leaf_curl_virus__9e7631424c,train,tomato yellow leaf curl virus,26,data/images/train/tomato_yellow_leaf_curl_virus/tomato_yellow_leaf_curl_virus__9e7631424c.jpg,288,198,train,train/Tomato leaf yellow virus/r_tomato.jpg,Tomato leaf yellow virus,288,198,JPEG,9e7631424c358f34b781264b8c6f7012,14544567013068287532,2062,1
tomato_yellow_leaf_curl_virus__a515bdc575,train,tomato yellow leaf curl virus,26,data/images/train/tomato_yellow_leaf_curl_virus/tomato_yellow_leaf_curl_virus__a515bdc575.jpg,512,341,train,"train/Tomato leaf yellow virus/8.--Virus-Damaged-foliage-at-top-versus-healthy,-non-infected-bottom-foliage.jpg",Tomato leaf yellow virus,1800,1200,JPEG,a515bdc575f4e2a85006a718beaa0a38,5949501679759311990,2033,1
tomato_yellow_leaf_curl_virus__a52276c885,train,tomato yellow leaf curl virus,26,data/images/train/tomato_yellow_leaf_curl_virus/tomato_yellow_leaf_curl_virus__a52276c885.jpg,512,384,train,train/Tomato leaf yellow virus/534ddf3a932e62dd929a3ac1b29bfa29.jpg,Tomato leaf yellow virus,4320,3240,JPEG,a52276c8851e9fa63f0cdd4de5d9a997,12445751277348008209,2031,1
tomato_yellow_leaf_curl_virus__a95d811dc7,train,tomato yellow leaf curl virus,26,data/images/train/tomato_yellow_leaf_curl_virus/tomato_yellow_leaf_curl_virus__a95d811dc7.jpg,500,375,train,train/Tomato leaf yellow virus/tomato-yellow-closeup-4.jpg,Tomato leaf yellow virus,500,375,JPEG,a95d811dc784f6205a77065214a518c7,5922913320779147737,2071,1
tomato_yellow_leaf_curl_virus__af5ec86d45,train,tomato yellow leaf curl virus,26,data/images/train/tomato_yellow_leaf_curl_virus/tomato_yellow_leaf_curl_virus__af5ec86d45.jpg,512,485,train,train/Tomato leaf yellow virus/TYLCV4.jpg,Tomato leaf yellow virus,549,520,JPEG,af5ec86d45757faa270740c2e2295d96,2753838600097797943,2052,1
tomato_yellow_leaf_curl_virus__b1fc6dfa7c,train,tomato yellow leaf curl virus,26,data/images/train/tomato_yellow_leaf_curl_virus/tomato_yellow_leaf_curl_virus__b1fc6dfa7c.jpg,115,170,train,train/Tomato leaf yellow virus/tomato_leaf_roll.JPG.jpg,Tomato leaf yellow virus,115,170,JPEG,b1fc6dfa7c88bda744d09089ace9a074,16726619470225140201,2081,1
tomato_yellow_leaf_curl_virus__b22c816a86,train,tomato yellow leaf curl virus,26,data/images/train/tomato_yellow_leaf_curl_virus/tomato_yellow_leaf_curl_virus__b22c816a86.jpg,460,345,train,train/Tomato leaf yellow virus/virus1.jpg,Tomato leaf yellow virus,460,345,JPEG,b22c816a86bc1eeb6de7c92d366f683a,2250426639946822407,2087,1
tomato_yellow_leaf_curl_virus__bdb5d86cfe,train,tomato yellow leaf curl virus,26,data/images/train/tomato_yellow_leaf_curl_virus/tomato_yellow_leaf_curl_virus__bdb5d86cfe.jpg,512,461,train,train/Tomato leaf yellow virus/tomatoyellowleafcurlcropped.jpg,Tomato leaf yellow virus,2315,2083,JPEG,bdb5d86cfe8277384d839c2e49bde1e9,7017849234608921804,2083,1
tomato_yellow_leaf_curl_virus__c4992eb508,train,tomato yellow leaf curl virus,26,data/images/train/tomato_yellow_leaf_curl_virus/tomato_yellow_leaf_curl_virus__c4992eb508.jpg,500,375,train,train/Tomato leaf yellow virus/tomato-yellow-closeup-2.jpg,Tomato leaf yellow virus,500,375,JPEG,c4992eb508dbcaaae6991b966252d718,18066375559213020402,2069,1
tomato_yellow_leaf_curl_virus__cbb9dd0830,train,tomato yellow leaf curl virus,26,data/images/train/tomato_yellow_leaf_curl_virus/tomato_yellow_leaf_curl_virus__cbb9dd0830.jpg,341,512,train,train/Tomato leaf yellow virus/8227475116_0d40e8f21c_b.jpg,Tomato leaf yellow virus,683,1024,JPEG,cbb9dd083076f9542d7ed456a4df528a,6564178891743276268,2035,1
tomato_yellow_leaf_curl_virus__d22d8f0b0a,train,tomato yellow leaf curl virus,26,data/images/train/tomato_yellow_leaf_curl_virus/tomato_yellow_leaf_curl_virus__d22d8f0b0a.jpg,400,200,test,test/Tomato leaf yellow virus/11-40580_5.jpg,Tomato leaf yellow virus,400,200,JPEG,d22d8f0b0ad2a4212d05b869f87c90e9,7302541632579438343,2477,1
tomato_yellow_leaf_curl_virus__db9199ed1f,train,tomato yellow leaf curl virus,26,data/images/train/tomato_yellow_leaf_curl_virus/tomato_yellow_leaf_curl_virus__db9199ed1f.jpg,484,512,train,train/Tomato leaf yellow virus/tlcv-tomato-leaf-curl-virus-symptoms-on-a-glasshouse-tomato-plant-bmyh62.jpg,Tomato leaf yellow virus,510,540,JPEG,db9199ed1f9967267e09c51cebeb20ac,10132230153758647462,2068,1
tomato_yellow_leaf_curl_virus__ddb7c415c0,train,tomato yellow leaf curl virus,26,data/images/train/tomato_yellow_leaf_curl_virus/tomato_yellow_leaf_curl_virus__ddb7c415c0.jpg,320,240,test,test/Tomato leaf yellow virus/fwa2013313115151.jpg,Tomato leaf yellow virus,320,240,JPEG,ddb7c415c0a4ed658cb3a8645b8177d5,7012194167603858574,2480,1
tomato_yellow_leaf_curl_virus__e253344224,train,tomato yellow leaf curl virus,26,data/images/train/tomato_yellow_leaf_curl_virus/tomato_yellow_leaf_curl_virus__e253344224.jpg,512,482,train,train/Tomato leaf yellow virus/dscn1652cropped.jpg,Tomato leaf yellow virus,1921,1809,JPEG,e2533442246cefc26fd290e4aa289190,13972959615064646549,2055,1
tomato_yellow_leaf_curl_virus__e367de7c09,train,tomato yellow leaf curl virus,26,data/images/train/tomato_yellow_leaf_curl_virus/tomato_yellow_leaf_curl_virus__e367de7c09.jpg,405,393,train,train/Tomato leaf yellow virus/072.jpg,Tomato leaf yellow virus,405,393,JPEG,e367de7c0998d08f296f038e2d05dff7,11212597669464813802,2022,1
tomato_yellow_leaf_curl_virus__e4494fcd08,train,tomato yellow leaf curl virus,26,data/images/train/tomato_yellow_leaf_curl_virus/tomato_yellow_leaf_curl_virus__e4494fcd08.jpg,512,340,train,train/Tomato leaf yellow virus/psyllid-yellows.jpg,Tomato leaf yellow virus,2780,1846,JPEG,e4494fcd088a8f56b98fc696e66f6b8a,17488235674391424089,2061,1
tomato_yellow_leaf_curl_virus__e5f597e1c9,train,tomato yellow leaf curl virus,26,data/images/train/tomato_yellow_leaf_curl_virus/tomato_yellow_leaf_curl_virus__e5f597e1c9.jpg,512,366,train,train/Tomato leaf yellow virus/29994445671_b6914b44d0_b.jpg,Tomato leaf yellow virus,1024,731,JPEG,e5f597e1c910190bd536181c8440aa45,13346933052556592533,2028,1
tomato_yellow_leaf_curl_virus__ebe1b7a103,train,tomato yellow leaf curl virus,26,data/images/train/tomato_yellow_leaf_curl_virus/tomato_yellow_leaf_curl_virus__ebe1b7a103.jpg,300,235,train,train/Tomato leaf yellow virus/36ca1410e232eec4a8003fe411246820.jpg,Tomato leaf yellow virus,300,235,JPEG,ebe1b7a103df1b7739ae29057495a969,12156864600322088530,2029,1
tomato_yellow_leaf_curl_virus__f8fc968585,train,tomato yellow leaf curl virus,26,data/images/train/tomato_yellow_leaf_curl_virus/tomato_yellow_leaf_curl_virus__f8fc968585.jpg,384,512,train,train/Tomato leaf yellow virus/5146.jpg,Tomato leaf yellow virus,1024,1365,JPEG,f8fc9685857320cfecb0a267bea1ee3e,2050651086155140804,2030,1
tomato_yellow_leaf_curl_virus__fb6a5c7c25,train,tomato yellow leaf curl virus,26,data/images/train/tomato_yellow_leaf_curl_virus/tomato_yellow_leaf_curl_virus__fb6a5c7c25.jpg,323,218,train,train/Tomato leaf yellow virus/7585001780_4b89e826b7.jpg,Tomato leaf yellow virus,323,218,JPEG,fb6a5c7c25d7a9cda42c3790dfa74d9c,15182101012600694194,2032,1
apple_healthy__069b50caf7,val,apple healthy,0,data/images/val/apple_healthy/apple_healthy__069b50caf7.jpg,450,450,train,train/Apple leaf/depositphotos_55202179-stock-photo-green-apple-with-leaf-and.jpg,Apple leaf,450,450,JPEG,069b50caf79511797ba07bace1a347ab,5082069355443330823,111,1
apple_healthy__0ab25262c0,val,apple healthy,0,data/images/val/apple_healthy/apple_healthy__0ab25262c0.jpg,512,447,train,train/Apple leaf/green-apple-leaf-slice-isolated-white-ripe-background-clipping-path-44598638.jpg,Apple leaf,1300,1135,JPEG,0ab25262c0bd36eb27b00d0b1d6c4548,2900105331966808033,122,1
apple_healthy__0be82927f1,val,apple healthy,0,data/images/val/apple_healthy/apple_healthy__0be82927f1.jpg,479,512,train,train/Apple leaf/green-apple-leaf-slice-isolated-white-ripe-background-clipping-path-45471482.jpg,Apple leaf,1300,1390,JPEG,0be82927f1437f14f0e0c69193cc9147,470383199509880775,123,1
apple_healthy__6791a00cda,val,apple healthy,0,data/images/val/apple_healthy/apple_healthy__6791a00cda.jpg,400,300,train,train/Apple leaf/20130519yellowingappleleaves.jpg,Apple leaf,400,300,JPEG,6791a00cda1fb4417a4d5ce444d24a8a,1384823644829673098,82,1
apple_healthy__e5d3d70a59,val,apple healthy,0,data/images/val/apple_healthy/apple_healthy__e5d3d70a59.jpg,508,512,train,train/Apple leaf/depositphotos_45748597-stock-photo-ripe-apple-with-leaf.jpg,Apple leaf,1016,1023,JPEG,e5d3d70a59ffbabffd1a721c1bc6cf67,3619793502336421455,110,1
apple_healthy__f0fceb6bc4,val,apple healthy,0,data/images/val/apple_healthy/apple_healthy__f0fceb6bc4.jpg,512,269,train,train/Apple leaf/appleleaf+trial+007.JPG.jpg,Apple leaf,1200,630,JPEG,f0fceb6bc4e10217a121df3fd13a5c02,3613177943375917508,101,1
apple_rust__06e451afc4,val,apple rust,1,data/images/val/apple_rust/apple_rust__06e451afc4.jpg,512,350,train,train/Apple rust leaf/cedapp04_lg.jpg,Apple rust leaf,755,516,JPEG,06e451afc41862378f0c1ed98bb93a8a,3477779731981767504,218,1
apple_rust__5a2d3dc5d3,val,apple rust,1,data/images/val/apple_rust/apple_rust__5a2d3dc5d3.jpg,384,512,train,train/Apple rust leaf/car.jpg,Apple rust leaf,700,933,JPEG,5a2d3dc5d37af35f7bebcb33c0f45b86,7794671454248773383,214,1
apple_rust__6fc9abbca8,val,apple rust,1,data/images/val/apple_rust/apple_rust__6fc9abbca8.jpg,512,384,train,train/Apple rust leaf/crab-apple-tree-leaves.jpg,Apple rust leaf,1200,900,JPEG,6fc9abbca8f811b44c193a4f89028c18,3694944124651398460,232,1
apple_rust__e57b1fe519,val,apple rust,1,data/images/val/apple_rust/apple_rust__e57b1fe519.jpg,512,437,train,train/Apple rust leaf/car-apple1.jpg,Apple rust leaf,1292,1104,JPEG,e57b1fe5199a3f1d9b22ddeeaa0a6c65,8282340548738824444,212,1
apple_rust__e95392ec8d,val,apple rust,1,data/images/val/apple_rust/apple_rust__e95392ec8d.jpg,512,341,train,train/Apple rust leaf/Rust%20on%20Brandywine_ADJ.jpg,Apple rust leaf,1236,824,JPEG,e95392ec8dabc51681b8bbe412ff59c8,10660975131762323566,195,1
apple_scab__193fcaf727,val,apple scab,2,data/images/val/apple_scab/apple_scab__193fcaf727.jpg,512,341,train,train/Apple Scab Leaf/Apple-Scab_1_1.jpg,Apple Scab Leaf,800,533,JPEG,193fcaf727190435954e2f2658ef7cc3,2816727299003390523,12,1
apple_scab__404882d76b,val,apple scab,2,data/images/val/apple_scab/apple_scab__404882d76b.jpg,336,448,train,train/Apple Scab Leaf/AppleScab.JPG.jpg,Apple Scab Leaf,336,448,JPEG,404882d76b2ce9607143e85b71ff24d1,9262081543768442211,14,1
apple_scab__524fd92eb2,val,apple scab,2,data/images/val/apple_scab/apple_scab__524fd92eb2.jpg,512,384,train,train/Apple Scab Leaf/apple-scab-disease.jpg,Apple Scab Leaf,990,743,JPEG,524fd92eb2d2beb48910e2ae9e5425da,7117517624884581331,30,1
apple_scab__88dd2c4d6c,val,apple scab,2,data/images/val/apple_scab/apple_scab__88dd2c4d6c.jpg,450,312,train,train/Apple Scab Leaf/apple-scab-venturia-inaequalis-lesions-mycelium-on-leaves-a8h9nb.jpg,Apple Scab Leaf,450,312,JPEG,88dd2c4d6c349e2088e9866567273144,16641425723875732558,39,1
apple_scab__a10dca4b59,val,apple scab,2,data/images/val/apple_scab/apple_scab__a10dca4b59.jpg,512,406,train,train/Apple Scab Leaf/apple-scab-venturia-inaequalis-leaf-symptoms-on-tree-dark-fungal-pustules-aceg6b.jpg,Apple Scab Leaf,640,508,JPEG,a10dca4b59d2b904a3b22b27448ec203,11347366426459282131,38,1
apple_scab__c427737cf8,val,apple scab,2,data/images/val/apple_scab/apple_scab__c427737cf8.jpg,512,384,train,train/Apple Scab Leaf/11NovMW_W4-A_4b.jpg,Apple Scab Leaf,990,743,JPEG,c427737cf80941e43f3e3606f53bb48b,11286921417090264536,1,1
bell_pepper_healthy__2bf2dcf223,val,bell pepper healthy,3,data/images/val/bell_pepper_healthy/bell_pepper_healthy__2bf2dcf223.jpg,512,288,train,train/Bell_pepper leaf/0f3sA.jpg,Bell_pepper leaf,1032,581,JPEG,2bf2dcf2230094aeb8b137cfa2d87c89,12445883805964592197,244,1
bell_pepper_healthy__7345f1c597,val,bell pepper healthy,3,data/images/val/bell_pepper_healthy/bell_pepper_healthy__7345f1c597.jpg,384,512,train,train/Bell_pepper leaf/v9hX3.jpg,Bell_pepper leaf,768,1024,JPEG,7345f1c59723e91a247c053030bcbd51,4537544681686065458,289,1
bell_pepper_healthy__bae84218da,val,bell pepper healthy,3,data/images/val/bell_pepper_healthy/bell_pepper_healthy__bae84218da.jpg,512,347,test,test/Bell_pepper leaf/4825902504_5fa80b65b8_z.jpg,Bell_pepper leaf,640,434,JPEG,bae84218dadea2661a3910224a68635c,640868880083349681,2316,1
bell_pepper_healthy__dbce58a0f7,val,bell pepper healthy,3,data/images/val/bell_pepper_healthy/bell_pepper_healthy__dbce58a0f7.jpg,384,512,train,train/Bell_pepper leaf/b085c28357a5f7839c2dcf582acc9e52.jpg,Bell_pepper leaf,736,981,JPEG,dbce58a0f72ca5314ee8768855030c51,10498843355696531213,265,1
bell_pepper_leaf_spot__44140a4d80,val,bell pepper leaf spot,4,data/images/val/bell_pepper_leaf_spot/bell_pepper_leaf_spot__44140a4d80.jpg,384,512,train,train/Bell_pepper leaf spot/e2Vlc.jpg,Bell_pepper leaf spot,2448,3264,JPEG,44140a4d80dac1a9d9994260581a35f6,3475703753552889444,331,1
bell_pepper_leaf_spot__829bb1550c,val,bell pepper leaf spot,4,data/images/val/bell_pepper_leaf_spot/bell_pepper_leaf_spot__829bb1550c.jpg,288,512,train,train/Bell_pepper leaf spot/04.jpg,Bell_pepper leaf spot,844,1500,JPEG,829bb1550cfaed717f639fa52d33cdfc,17915854174093807806,299,1
bell_pepper_leaf_spot__a1a0c80176,val,bell pepper leaf spot,4,data/images/val/bell_pepper_leaf_spot/bell_pepper_leaf_spot__a1a0c80176.jpg,512,384,test,test/Bell_pepper leaf spot/000.jpg,Bell_pepper leaf spot,1024,768,JPEG,a1a0c8017678dbda1d167a9c08ec7f60,677924040070515171,2324,1
bell_pepper_leaf_spot__d6b293efeb,val,bell pepper leaf spot,4,data/images/val/bell_pepper_leaf_spot/bell_pepper_leaf_spot__d6b293efeb.jpg,512,384,train,train/Bell_pepper leaf spot/Pepper-problem.jpg,Bell_pepper leaf spot,900,675,JPEG,d6b293efeb48188b892d3ab7c13cd425,5306439156420077107,319,1
blueberry_healthy__1164c4d8c7,val,blueberry healthy,5,data/images/val/blueberry_healthy/blueberry_healthy__1164c4d8c7.jpg,512,384,train,train/Blueberry leaf/vaccinium-myrtilloides-437.jpg,Blueberry leaf,720,540,JPEG,1164c4d8c725a962066f0267e03d420f,14114616534157678795,453,1
blueberry_healthy__27b0c16da5,val,blueberry healthy,5,data/images/val/blueberry_healthy/blueberry_healthy__27b0c16da5.jpg,512,384,train,train/Blueberry leaf/A+A+Blueberry+Leaf+Disease+002.jpg,Blueberry leaf,1024,768,JPEG,27b0c16da5df6f72c7d33a3d01237a9a,14033889753976509972,366,1
blueberry_healthy__2f361266d9,val,blueberry healthy,5,data/images/val/blueberry_healthy/blueberry_healthy__2f361266d9.jpg,480,360,train,train/Blueberry leaf/lb_blueberry1.jpg,Blueberry leaf,480,360,JPEG,2f361266d9b1ab33a518c06aed5689dd,15037774459799877158,436,1
blueberry_healthy__3c21e22815,val,blueberry healthy,5,data/images/val/blueberry_healthy/blueberry_healthy__3c21e22815.jpg,512,384,train,train/Blueberry leaf/vaccinium-myrtilloides-le-dcameron-b.jpg,Blueberry leaf,1000,750,JPEG,3c21e2281572b3fdce08deb3d5aa941a,2213625192522982440,454,1
blueberry_healthy__4f3d564d88,val,blueberry healthy,5,data/images/val/blueberry_healthy/blueberry_healthy__4f3d564d88.jpg,512,312,train,train/Blueberry leaf/ovalifolium1.jpg,Blueberry leaf,634,386,JPEG,4f3d564d88d4cc476668c7dd1eb55d91,16093836240379799918,439,1
blueberry_healthy__abd7ac561f,val,blueberry healthy,5,data/images/val/blueberry_healthy/blueberry_healthy__abd7ac561f.jpg,512,489,train,train/Blueberry leaf/stock-photo-blueberry-heap-with-green-leaves-close-up-macro-isolated-on-white-background-83867578.jpg,Blueberry leaf,1500,1434,JPEG,abd7ac561f1833c105d0b91b8a68e6b5,13021159197421342891,442,1
blueberry_healthy__b2608228c3,val,blueberry healthy,5,data/images/val/blueberry_healthy/blueberry_healthy__b2608228c3.jpg,512,384,train,train/Blueberry leaf/img_8042.jpg,Blueberry leaf,2592,1944,JPEG,b2608228c37440a4ae078da9c03f80dc,14088990412418730105,434,1
cherry_healthy__3701993bc2,val,cherry healthy,6,data/images/val/cherry_healthy/cherry_healthy__3701993bc2.jpg,512,341,train,train/Cherry leaf/Cherry%20Sweet%20N%20deficiency%20closeup%20Brubaker%202004.JPG.jpg,Cherry leaf,1536,1024,JPEG,3701993bc2522c7007262c4758b6deab,15167218154437252341,479,1
cherry_healthy__49e12f061a,val,cherry healthy,6,data/images/val/cherry_healthy/cherry_healthy__49e12f061a.jpg,385,512,test,test/Cherry leaf/prunus-virginiana-le-gmittelhauser.jpg,Cherry leaf,751,1000,JPEG,49e12f061a26fa795b5afaa6b8db2221,3761060824801143019,2349,1
cherry_healthy__e2a1cdaf99,val,cherry healthy,6,data/images/val/cherry_healthy/cherry_healthy__e2a1cdaf99.jpg,512,341,train,train/Cherry leaf/100_0123_2.jpg,Cherry leaf,1023,682,JPEG,e2a1cdaf99258523a2b8ccb891196231,7197812744377362118,461,1
corn_gray_leaf_spot__0f240f33b3,val,corn gray leaf spot,7,data/images/val/corn_gray_leaf_spot/corn_gray_leaf_spot__0f240f33b3.jpg,432,329,train,train/Corn Gray leaf spot/0796.16graylspot.jpg,Corn Gray leaf spot,432,329,JPEG,0f240f33b374fb51af2686bb44fd7070,9405388382456839420,507,1
corn_gray_leaf_spot__5e4b05658f,val,corn gray leaf spot,7,data/images/val/corn_gray_leaf_spot/corn_gray_leaf_spot__5e4b05658f.jpg,512,288,train,train/Corn Gray leaf spot/grey_leaf_spot.jpg,Corn Gray leaf spot,778,437,JPEG,5e4b05658fea1bfd79af4f043a82f97b,9221657400765644030,565,1
corn_gray_leaf_spot__7e871747c7,val,corn gray leaf spot,7,data/images/val/corn_gray_leaf_spot/corn_gray_leaf_spot__7e871747c7.jpg,300,397,train,train/Corn Gray leaf spot/18largegls0732_copy-143B1EC97E96BA58322.jpg,Corn Gray leaf spot,300,397,JPEG,7e871747c7127107c181670629241e11,10733402363418042102,511,1
corn_gray_leaf_spot__90d736e1c1,val,corn gray leaf spot,7,data/images/val/corn_gray_leaf_spot/corn_gray_leaf_spot__90d736e1c1.jpg,512,288,train,train/Corn Gray leaf spot/corn-gray-leaf-spot.jpg,Corn Gray leaf spot,700,394,JPEG,90d736e1c18c42d9c3a1cc1137570144,7624223013008570864,548,1
corn_leaf_blight__01f2662550,val,corn leaf blight,8,data/images/val/corn_leaf_blight/corn_leaf_blight__01f2662550.jpg,384,512,train,train/Corn leaf blight/20160812__13ST_xanthomonas~1.jpg,Corn leaf blight,490,654,JPEG,01f2662550da260f6e542aa5ba7a0a90,12005874740531172306,590,1
corn_leaf_blight__01f73da59d,val,corn leaf blight,8,data/images/val/corn_leaf_blight/corn_leaf_blight__01f73da59d.jpg,480,320,train,train/Corn leaf blight/corn1.jpg,Corn leaf blight,480,320,JPEG,01f73da59d6d7b2ae587f5ecf2d28542,7596944202631006457,695,1
corn_leaf_blight__1f7d0e7433,val,corn leaf blight,8,data/images/val/corn_leaf_blight/corn_leaf_blight__1f7d0e7433.jpg,400,300,train,train/Corn leaf blight/corn-fig-1.jpg,Corn leaf blight,400,300,JPEG,1f7d0e74332500767b9dfbda1f474e92,13871301001760260096,682,1
corn_leaf_blight__4b87d4fbcf,val,corn leaf blight,8,data/images/val/corn_leaf_blight/corn_leaf_blight__4b87d4fbcf.jpg,512,384,train,train/Corn leaf blight/Slide1.preview.jpg,Corn leaf blight,640,480,JPEG,4b87d4fbcf84d35e700a19a53ddca218,891844832446125107,659,1
corn_leaf_blight__5364c1a868,val,corn leaf blight,8,data/images/val/corn_leaf_blight/corn_leaf_blight__5364c1a868.jpg,512,341,train,train/Corn leaf blight/Henrycorn1.jpg,Corn leaf blight,606,404,JPEG,5364c1a86820555d254e216033d720d5,14761001025055958633,628,1
corn_leaf_blight__7100b92bd5,val,corn leaf blight,8,data/images/val/corn_leaf_blight/corn_leaf_blight__7100b92bd5.jpg,384,512,train,train/Corn leaf blight/Figure-2-.jpg,Corn leaf blight,2448,3264,JPEG,7100b92bd5a38e664e388d63542c279d,17425205026084697075,625,2
corn_leaf_blight__7cccee7dd5,val,corn leaf blight,8,data/images/val/corn_leaf_blight/corn_leaf_blight__7cccee7dd5.jpg,384,512,train,train/Corn leaf blight/nclb4x1200.jpg,Corn leaf blight,1200,1600,JPEG,7cccee7dd51c637f995dc36c364181c9,15193151508267719009,720,1
corn_leaf_blight__911ff21e29,val,corn leaf blight,8,data/images/val/corn_leaf_blight/corn_leaf_blight__911ff21e29.jpg,362,240,train,train/Corn leaf blight/image.jpg,Corn leaf blight,362,240,JPEG,911ff21e29b38a61747f2377b50be42e,12216526169349966472,710,1
corn_leaf_blight__df92f3cb11,val,corn leaf blight,8,data/images/val/corn_leaf_blight/corn_leaf_blight__df92f3cb11.jpg,512,497,train,train/Corn leaf blight/04c.jpg,Corn leaf blight,800,776,JPEG,df92f3cb117e0f064c601a37c62ebe02,2024430951247736423,577,1
corn_leaf_blight__e4ef78f905,val,corn leaf blight,8,data/images/val/corn_leaf_blight/corn_leaf_blight__e4ef78f905.jpg,346,512,train,train/Corn leaf blight/corn-short-backlit-Xanth-lesions-halos-f2.jpg,Corn leaf blight,600,887,JPEG,e4ef78f905616f33f3f4683b106c98dc,9169079868628330483,693,2
corn_leaf_blight__fff32a7d68,val,corn leaf blight,8,data/images/val/corn_leaf_blight/corn_leaf_blight__fff32a7d68.jpg,494,512,train,train/Corn leaf blight/gray-leaf-spot-severe--.jpg,Corn leaf blight,1158,1200,JPEG,fff32a7d6895727832f5fe71eaf2b9a3,10132157032270185508,708,1
corn_rust__831d4d81f9,val,corn rust,9,data/images/val/corn_rust/corn_rust__831d4d81f9.jpg,512,341,train,train/Corn rust leaf/common-rust-upper-leaf-side.jpg,Corn rust leaf,2592,1728,JPEG,831d4d81f94f0a8acbedaf2c65234837,18361316973149770192,796,1
corn_rust__8a927d959b,val,corn rust,9,data/images/val/corn_rust/corn_rust__8a927d959b.jpg,300,300,train,train/Corn rust leaf/IMG_1376-300x300.jpg,Corn rust leaf,300,300,JPEG,8a927d959b194cb6048f235b108a7d61,3757247464005489490,774,1
corn_rust__9d618032b0,val,corn rust,9,data/images/val/corn_rust/corn_rust__9d618032b0.jpg,384,512,train,train/Corn rust leaf/image1.jpg,Corn rust leaf,3024,4032,JPEG,9d618032b0dbe594955208eb8879325c,3834077739385705222,824,1
corn_rust__a926c015f8,val,corn rust,9,data/images/val/corn_rust/corn_rust__a926c015f8.jpg,414,512,train,train/Corn rust leaf/corn-common-rust-f5-R.jpg,Corn rust leaf,672,832,JPEG,a926c015f8188f02e3850c5212eb5bbf,504403193833195544,801,1
corn_rust__b27a8c33a9,val,corn rust,9,data/images/val/corn_rust/corn_rust__b27a8c33a9.jpg,512,384,train,train/Corn rust leaf/37356969601_4208f8bb7f_b.jpg,Corn rust leaf,1024,768,JPEG,b27a8c33a93cf98e0d7d469c207405a5,4341146700417111106,747,1
corn_rust__d77f1c780e,val,corn rust,9,data/images/val/corn_rust/corn_rust__d77f1c780e.jpg,512,512,train,train/Corn rust leaf/IMG_1360-1.jpg,Corn rust leaf,1280,1280,JPEG,d77f1c780e39e027106141fb59421958,8381254108367996430,773,1
corn_rust__f407ef9865,val,corn rust,9,data/images/val/corn_rust/corn_rust__f407ef9865.jpg,480,360,train,train/Corn rust leaf/corn-southern-rust-pustules.JPG?itok=VXIzyv8m.jpg,Corn rust leaf,480,360,JPEG,f407ef9865da40ffb8c9367cf4329a33,17280063130209990582,813,1
grape_black_rot__31e2f54986,val,grape black rot,10,data/images/val/grape_black_rot/grape_black_rot__31e2f54986.jpg,384,512,train,train/grape leaf black rot/02gb.jpg,grape leaf black rot,1125,1500,JPEG,31e2f54986ab26112b126152600a8d3b,11497632777159983384,2234,1
grape_black_rot__59f3e02ecf,val,grape black rot,10,data/images/val/grape_black_rot/grape_black_rot__59f3e02ecf.jpg,435,320,train,train/grape leaf black rot/black-rot-guignardia-bidwellii-leaf-spot-lesions-on-muscadine-grape-x85jjd.jpg,grape leaf black rot,435,320,JPEG,59f3e02ecf3631a453dcaf89ccc4c4bd,7362511724180041375,2270,1
grape_black_rot__a01684bd63,val,grape black rot,10,data/images/val/grape_black_rot/grape_black_rot__a01684bd63.jpg,384,512,train,train/grape leaf black rot/35327886795_6f608e0eaa_b.jpg,grape leaf black rot,768,1024,JPEG,a01684bd63567510d7cf76defb646413,3914712041788120726,2241,1
grape_black_rot__da3b21669d,val,grape black rot,10,data/images/val/grape_black_rot/grape_black_rot__da3b21669d.jpg,512,341,train,train/grape leaf black rot/black-rot-of-grape_figure-1.jpg,grape leaf black rot,1500,1000,JPEG,da3b21669d9d7d6155884894fe297d26,4312439576005934700,2272,1
grape_healthy__27cac60af3,val,grape healthy,11,data/images/val/grape_healthy/grape_healthy__27cac60af3.jpg,512,384,train,train/grape leaf/mourvedre3.jpg,grape leaf,4000,3000,JPEG,27cac60af324c91e419caf6fece5eec3,14467977168868196452,2223,1
grape_healthy__9f5a73b677,val,grape healthy,11,data/images/val/grape_healthy/grape_healthy__9f5a73b677.jpg,512,455,train,train/grape leaf/6cy5kMMEi.jpg,grape leaf,2160,1920,JPEG,9f5a73b6775905befdbc9663f2198a71,5805812134882587824,2178,1
grape_healthy__c1b9b821ae,val,grape healthy,11,data/images/val/grape_healthy/grape_healthy__c1b9b821ae.jpg,512,384,train,train/grape leaf/grape-leaves-up-close.jpg,grape leaf,3264,2448,JPEG,c1b9b821ae419784cc69cdcfb31346f8,15186142394759512579,2209,1
grape_healthy__e1c873d09f,val,grape healthy,11,data/images/val/grape_healthy/grape_healthy__e1c873d09f.jpg,384,512,train,train/grape leaf/IMG_20150511_111942.jpg,grape leaf,1200,1600,JPEG,e1c873d09ff7109e433891b6ad916b35,73479533947133571,2183,1
peach_healthy__0dc5292981,val,peach healthy,12,data/images/val/peach_healthy/peach_healthy__0dc5292981.jpg,512,383,train,train/Peach leaf/P1015775.JPG.jpg,Peach leaf,1600,1197,JPEG,0dc529298117f43a5677885deafc6e96,5567933617751707000,875,1
peach_healthy__1adb16a4b4,val,peach healthy,12,data/images/val/peach_healthy/peach_healthy__1adb16a4b4.jpg,450,470,train,train/Peach leaf/stock-photo-peach-fruit-isolated-on-white-332799767.jpg,Peach leaf,450,470,JPEG,1adb16a4b4723e20a48715641b0c7e83,9729762060128984898,929,1
peach_healthy__2a4b985340,val,peach healthy,12,data/images/val/peach_healthy/peach_healthy__2a4b985340.jpg,512,395,train,train/Peach leaf/peach-leaves-isolated-white-background-43668179.jpg,Peach leaf,1300,1002,JPEG,2a4b985340358f66efe65d64a237fe85,1730814053234319841,910,1
peach_healthy__8afbad5e98,val,peach healthy,12,data/images/val/peach_healthy/peach_healthy__8afbad5e98.jpg,450,412,train,train/Peach leaf/stock-photo-peach-leaves-isolated-on-white-background-529501441.jpg,Peach leaf,450,412,JPEG,8afbad5e984c243219ea86f7070a7a93,7432930820759172886,941,1
peach_healthy__9411b78844,val,peach healthy,12,data/images/val/peach_healthy/peach_healthy__9411b78844.jpg,512,390,train,train/Peach leaf/peach.jpg,Peach leaf,1650,1257,JPEG,9411b788448a2ff9731b8871318b5f26,8789713987985759351,921,1
peach_healthy__a4225395f4,val,peach healthy,12,data/images/val/peach_healthy/peach_healthy__a4225395f4.jpg,512,384,train,train/Peach leaf/peach_tree_20100523.jpg,Peach leaf,1600,1200,JPEG,a4225395f4df473fd8954166f6fe6613,17076481992627413919,922,1
peach_healthy__bb8cd99280,val,peach healthy,12,data/images/val/peach_healthy/peach_healthy__bb8cd99280.jpg,450,470,train,train/Peach leaf/stock-photo-peach-fruits-with-leaf-isolated-on-white-background-639972919.jpg,Peach leaf,450,470,JPEG,bb8cd99280f32846b91a5edecc8db7ea,10528639945091911462,930,1
potato_early_blight__6ffaf52651,val,potato early blight,13,data/images/val/potato_early_blight/potato_early_blight__6ffaf52651.jpg,512,278,train,train/Potato leaf early blight/Potato-blight-leaves-B.jpg,Potato leaf early blight,668,363,JPEG,6ffaf52651d9be9695db4a3862c9fa63,5823834199082376083,997,1
potato_early_blight__7958f6ddfb,val,potato early blight,13,data/images/val/potato_early_blight/potato_early_blight__7958f6ddfb.jpg,512,343,train,train/Potato leaf early blight/EB%20lesions1_opt.jpeg.jpg,Potato leaf early blight,576,386,JPEG,7958f6ddfbf706df78124e2c1abf3a28,1636110078367192017,983,1
potato_early_blight__bf8ec1ecb6,val,potato early blight,13,data/images/val/potato_early_blight/potato_early_blight__bf8ec1ecb6.jpg,512,410,train,train/Potato leaf early blight/potatolb_small_leaf_lesionx1200.jpg,Potato leaf early blight,1200,962,JPEG,bf8ec1ecb68622004fc83590a452a441,14460714553963433934,1059,1
potato_early_blight__c524cf4ace,val,potato early blight,13,data/images/val/potato_early_blight/potato_early_blight__c524cf4ace.jpg,512,288,train,train/Potato leaf early blight/Close-up-view-of-blight-lesion-on-leaf-of-potato-c-Blackthorn-Arable-615x346.jpg,Potato leaf early blight,615,346,JPEG,c524cf4acec72004ca5fe71ed6ace050,14766442480204039653,982,1
potato_early_blight__d5c7ca1af8,val,potato early blight,13,data/images/val/potato_early_blight/potato_early_blight__d5c7ca1af8.jpg,383,512,train,train/Potato leaf early blight/00009.jpg,Potato leaf early blight,479,640,JPEG,d5c7ca1af89529df25d30df436fc6dd5,8354621726622576993,951,1
potato_early_blight__d742901acf,val,potato early blight,13,data/images/val/potato_early_blight/potato_early_blight__d742901acf.jpg,512,341,train,train/Potato leaf early blight/potatoaltkc.jpg,Potato leaf early blight,900,600,JPEG,d742901acf2a6a3145b9ce8a4c9bb303,5136094864414542636,1055,1
potato_late_blight__15e45f48ad,val,potato late blight,14,data/images/val/potato_late_blight/potato_late_blight__15e45f48ad.jpg,512,150,train,train/Potato leaf late blight/potato_late-blight_02_zoom.jpg,Potato leaf late blight,900,264,JPEG,15e45f48ad774abd9669a4847787027d,5543067942193523957,1143,1
potato_late_blight__293d0d0c8a,val,potato late blight,14,data/images/val/potato_late_blight/potato_late_blight__293d0d0c8a.jpg,512,497,train,train/Potato leaf late blight/White-mould-potato-blight.jpg,Potato leaf late blight,1200,1164,JPEG,293d0d0c8a5e6d052c54523a64214ee4,8798070196451424484,1103,1
potato_late_blight__2c6fd94c27,val,potato late blight,14,data/images/val/potato_late_blight/potato_late_blight__2c6fd94c27.jpg,512,384,train,train/Potato leaf late blight/LateBlightFig3new.jpg,Potato leaf late blight,1100,825,JPEG,2c6fd94c27222552504b63b0a471d731,3543379139707390445,1093,1
potato_late_blight__557b53be37,val,potato late blight,14,data/images/val/potato_late_blight/potato_late_blight__557b53be37.jpg,500,364,test,test/Potato leaf late blight/20090710-lateblight.jpg,Potato leaf late blight,500,364,JPEG,557b53be37510b137a6a89215df7e7f5,2396347346709257240,2390,1
potato_late_blight__825719cd1e,val,potato late blight,14,data/images/val/potato_late_blight/potato_late_blight__825719cd1e.jpg,336,437,train,train/Potato leaf late blight/Late-Blight-336x437.jpg,Potato leaf late blight,336,437,JPEG,825719cd1e3cfb05171c4872ea4cd757,3110426512723339317,1084,1
potato_late_blight__d5f593afb3,val,potato late blight,14,data/images/val/potato_late_blight/potato_late_blight__d5f593afb3.jpg,512,336,train,train/Potato leaf late blight/22-late%20blight-advanced%20symptoms%20potato.jpg,Potato leaf late blight,3071,2016,JPEG,d5f593afb33e683e8022d236b1aaf303,10150808881114689243,1060,1
raspberry_healthy__0a9f75399b,val,raspberry healthy,15,data/images/val/raspberry_healthy/raspberry_healthy__0a9f75399b.jpg,469,512,test,test/Raspberry leaf/three-raspberry-green-leaves-isolated-white-background-62022932.jpg,Raspberry leaf,1190,1300,JPEG,0a9f75399b9cb98172f2a1de9ff38028,9658037635293924396,2401,1
raspberry_healthy__14ec424ec7,val,raspberry healthy,15,data/images/val/raspberry_healthy/raspberry_healthy__14ec424ec7.jpg,512,339,train,train/Raspberry leaf/DSC_0492.JPG.jpg,Raspberry leaf,1600,1059,JPEG,14ec424ec738083818c39681b8424dec,14966075260702083266,1181,1
raspberry_healthy__4bb79eae74,val,raspberry healthy,15,data/images/val/raspberry_healthy/raspberry_healthy__4bb79eae74.jpg,512,378,train,train/Raspberry leaf/raspberry-bush-leaves-on-a-white-background-rubi-idaei-folium-D6NDCJ.jpg,Raspberry leaf,1300,960,JPEG,4bb79eae74bb92f1c376ce9b0927a1f0,10199859407972672842,1234,1
raspberry_healthy__5b6f015611,val,raspberry healthy,15,data/images/val/raspberry_healthy/raspberry_healthy__5b6f015611.jpg,512,384,train,train/Raspberry leaf/IMG_7182_original.JPG?1493665266.jpg,Raspberry leaf,3264,2448,JPEG,5b6f0156114fe9bae33c3c469b4e5b8d,15993374936042180383,1186,1
raspberry_healthy__bf0f79eee4,val,raspberry healthy,15,data/images/val/raspberry_healthy/raspberry_healthy__bf0f79eee4.jpg,512,341,train,train/Raspberry leaf/1200-534476178-bee-pollinate-flower-of-raspberry.jpg,Raspberry leaf,1200,800,JPEG,bf0f79eee4412c70b10225ae85387f6c,2601341463457020152,1155,1
raspberry_healthy__e99306c09d,val,raspberry healthy,15,data/images/val/raspberry_healthy/raspberry_healthy__e99306c09d.jpg,446,512,train,train/Raspberry leaf/stock-photo-raspberry-leaf-isolated-on-a-white-background-72329308.jpg,Raspberry leaf,1395,1600,JPEG,e99306c09dc8a66ac2bbe5661bd4a3fb,9303877785329811611,1261,1
raspberry_healthy__eccc84f855,val,raspberry healthy,15,data/images/val/raspberry_healthy/raspberry_healthy__eccc84f855.jpg,512,340,train,train/Raspberry leaf/marioncalico2.jpg,Raspberry leaf,2048,1360,JPEG,eccc84f855ab091b03d8b0b19cc61104,4667089105030490628,1228,1
soybean_healthy__20b2862fec,val,soybean healthy,16,data/images/val/soybean_healthy/soybean_healthy__20b2862fec.jpg,512,422,train,train/Soyabean leaf/Soybean%20tofu%20leaf.JPG.jpg,Soyabean leaf,4048,3340,JPEG,20b2862fec2d559ca93e5dcefda11569,5191679540298199816,1284,1
soybean_healthy__c848897ae4,val,soybean healthy,16,data/images/val/soybean_healthy/soybean_healthy__c848897ae4.jpg,512,342,train,train/Soyabean leaf/soybean-leaf-single.jpg,Soyabean leaf,640,428,JPEG,c848897ae4c6ad1c2fd4cd1480e9f9c9,14179247209059607586,1303,1
soybean_healthy__e73005921a,val,soybean healthy,16,data/images/val/soybean_healthy/soybean_healthy__e73005921a.jpg,512,422,train,train/Soyabean leaf/Soybean%20oil%20leaf.JPG.jpg,Soyabean leaf,4048,3340,JPEG,e73005921a3183b56d245cd65a8af2d2,17342460894144530440,1282,1
soybean_healthy__e8b22b8527,val,soybean healthy,16,data/images/val/soybean_healthy/soybean_healthy__e8b22b8527.jpg,512,384,train,train/Soyabean leaf/Leaves-of-Soybean.jpg,Soyabean leaf,2592,1944,JPEG,e8b22b8527f0f79e45053d71b8c00ed4,10642048008105806187,1278,1
squash_powdery_mildew__1574665353,val,squash powdery mildew,17,data/images/val/squash_powdery_mildew/squash_powdery_mildew__1574665353.jpg,384,512,train,train/Squash Powdery mildew leaf/img_0853.jpg,Squash Powdery mildew leaf,3000,4000,JPEG,15746653535c3ffd2cc12f8908787087,447664977290512427,1408,1
squash_powdery_mildew__5029949bd2,val,squash powdery mildew,17,data/images/val/squash_powdery_mildew/squash_powdery_mildew__5029949bd2.jpg,512,384,train,train/Squash Powdery mildew leaf/DIYPowderyMildewSpray.jpg,Squash Powdery mildew leaf,1600,1200,JPEG,5029949bd28c80c6d5bbc35614ddea01,2288959581300008747,1354,1
squash_powdery_mildew__65e2449976,val,squash powdery mildew,17,data/images/val/squash_powdery_mildew/squash_powdery_mildew__65e2449976.jpg,512,384,train,train/Squash Powdery mildew leaf/whitemildew1_l.jpg,Squash Powdery mildew leaf,600,450,JPEG,65e2449976d78321bc18ba2306c96d8e,17877381487661987993,1441,1
squash_powdery_mildew__76bb9d9f0b,val,squash powdery mildew,17,data/images/val/squash_powdery_mildew/squash_powdery_mildew__76bb9d9f0b.jpg,512,384,train,train/Squash Powdery mildew leaf/8-ball-powdery-mildew.jpg,Squash Powdery mildew leaf,600,450,JPEG,76bb9d9f0bd148ba8ca72b394218e46b,16486826637411628852,1349,1
squash_powdery_mildew__e64426ebb9,val,squash powdery mildew,17,data/images/val/squash_powdery_mildew/squash_powdery_mildew__e64426ebb9.jpg,512,342,train,train/Squash Powdery mildew leaf/what-is-powdery-mildew-on-plants-mild-powdery-mildew-that-will-appear-on-most-squash-leaves-during-the-mid-summer-powdery-mildew-plant-spray-powdery-mildew-on-tomato-plant-leaves.jpg,Squash Powdery mildew leaf,700,467,JPEG,e64426ebb94e566ed51cdd9c3d579280,16339244796447150745,1438,1
squash_powdery_mildew__ee4b02f1d8,val,squash powdery mildew,17,data/images/val/squash_powdery_mildew/squash_powdery_mildew__ee4b02f1d8.jpg,512,340,train,train/Squash Powdery mildew leaf/IMG_5488.JPG.jpg,Squash Powdery mildew leaf,1600,1064,JPEG,ee4b02f1d824d99b3d8c130e07c06943,18364757584477460696,1369,1
squash_powdery_mildew__ee541fb427,val,squash powdery mildew,17,data/images/val/squash_powdery_mildew/squash_powdery_mildew__ee541fb427.jpg,512,401,train,train/Squash Powdery mildew leaf/IW000047.jpg,Squash Powdery mildew leaf,698,547,JPEG,ee541fb4275e39fd76f85725db43e38f,2626695684819212229,1372,1
squash_powdery_mildew__efcca573e8,val,squash powdery mildew,17,data/images/val/squash_powdery_mildew/squash_powdery_mildew__efcca573e8.jpg,512,341,train,train/Squash Powdery mildew leaf/Powdery-Mildew-on-Cucumber-Leaf.jpg,Squash Powdery mildew leaf,3456,2304,JPEG,efcca573e80d40fd8faf5710a54dcf04,14252179338768114482,1384,1
strawberry_healthy__09f5c12731,val,strawberry healthy,18,data/images/val/strawberry_healthy/strawberry_healthy__09f5c12731.jpg,512,377,train,train/Strawberry leaf/strawberry-leaves-stock-picture-1860898.jpg,Strawberry leaf,1300,958,JPEG,09f5c12731571a983c286075890ea428,4128502568650302662,1522,1
strawberry_healthy__35ace82689,val,strawberry healthy,18,data/images/val/strawberry_healthy/strawberry_healthy__35ace82689.jpg,512,355,train,train/Strawberry leaf/41.jpg,Strawberry leaf,1024,709,JPEG,35ace82689af9d3242891826117cc4d6,4855640652427659402,1451,1
strawberry_healthy__7b12f89128,val,strawberry healthy,18,data/images/val/strawberry_healthy/strawberry_healthy__7b12f89128.jpg,512,341,train,train/Strawberry leaf/344d1150577229-strange-strawberry-leaves-unhealthy-maxim.jpg,Strawberry leaf,800,533,JPEG,7b12f89128f9bf97ffa92efdce4e1d97,3589997052930896897,1450,1
strawberry_healthy__f3f64a7afe,val,strawberry healthy,18,data/images/val/strawberry_healthy/strawberry_healthy__f3f64a7afe.jpg,512,384,train,train/Strawberry leaf/Strawberry+leaves.jpg,Strawberry leaf,1080,810,JPEG,f3f64a7afe25512daab119272fabb2e3,14810997606130289608,1468,1
strawberry_healthy__fae612e66c,val,strawberry healthy,18,data/images/val/strawberry_healthy/strawberry_healthy__fae612e66c.jpg,512,434,train,train/Strawberry leaf/green-strawberry-leaf-isolated-white-single-background-78801856.jpg,Strawberry leaf,1300,1102,JPEG,fae612e66cf3b44d430c651a87184b24,956466442538259144,1491,1
strawberry_healthy__ff92d13c86,val,strawberry healthy,18,data/images/val/strawberry_healthy/strawberry_healthy__ff92d13c86.jpg,512,455,train,train/Strawberry leaf/depositphotos_3121648-Strawberry-leaf.jpg,Strawberry leaf,1024,909,JPEG,ff92d13c86e24cf895a2b4681e675ffc,2739919404311974728,1475,1
tomato_bacterial_spot__350a7045f0,val,tomato bacterial spot,19,data/images/val/tomato_bacterial_spot/tomato_bacterial_spot__350a7045f0.jpg,512,328,train,train/Tomato leaf bacterial spot/Leaf%2Bspot%2B1000.jpg,Tomato leaf bacterial spot,917,588,JPEG,350a7045f0242f9f0d95a67704fe7d25,8848393208851093065,1829,1
tomato_bacterial_spot__538b5dbe04,val,tomato bacterial spot,19,data/images/val/tomato_bacterial_spot/tomato_bacterial_spot__538b5dbe04.jpg,512,384,train,train/Tomato leaf bacterial spot/Paret-Fig-1-tomato-bacterial-leaf-spot.jpg,Tomato leaf bacterial spot,720,540,JPEG,538b5dbe04d3dfbd23d76097ef49a004,946725903968281317,1835,1
tomato_bacterial_spot__a2bda3ae1d,val,tomato bacterial spot,19,data/images/val/tomato_bacterial_spot/tomato_bacterial_spot__a2bda3ae1d.jpg,512,384,train,train/Tomato leaf bacterial spot/Jeter%20Mtn%20Farm_7053.JPG.jpg,Tomato leaf bacterial spot,600,450,JPEG,a2bda3ae1d5bb90f9c09d05ba71ccaa2,17938654031976480301,1828,1
tomato_bacterial_spot__abd032a877,val,tomato bacterial spot,19,data/images/val/tomato_bacterial_spot/tomato_bacterial_spot__abd032a877.jpg,460,330,train,train/Tomato leaf bacterial spot/beg.jpg,Tomato leaf bacterial spot,460,330,JPEG,abd032a877b5899ded92b2b651a56d94,7197353443112724109,1867,1
tomato_bacterial_spot__bf3cccc236,val,tomato bacterial spot,19,data/images/val/tomato_bacterial_spot/tomato_bacterial_spot__bf3cccc236.jpg,512,384,train,train/Tomato leaf bacterial spot/photo-764060.JPG.jpg,Tomato leaf bacterial spot,1280,960,JPEG,bf3cccc2360a6df05ecef83c42771282,6472716735405696415,1879,1
tomato_bacterial_spot__c7eb4dbb91,val,tomato bacterial spot,19,data/images/val/tomato_bacterial_spot/tomato_bacterial_spot__c7eb4dbb91.jpg,454,512,train,train/Tomato leaf bacterial spot/bac-canker.jpg,Tomato leaf bacterial spot,800,903,JPEG,c7eb4dbb910cc9a85bfaadbf45d0a58a,11834391762143925559,1847,1
tomato_early_blight__05017aaddd,val,tomato early blight,20,data/images/val/tomato_early_blight/tomato_early_blight__05017aaddd.jpg,512,384,train,train/Tomato Early blight leaf/IMG_2436w.jpg,Tomato Early blight leaf,800,600,JPEG,05017aaddd7acc3be37b00450f31815b,8315741910116658284,1551,1
tomato_early_blight__22cbc5406b,val,tomato early blight,20,data/images/val/tomato_early_blight/tomato_early_blight__22cbc5406b.jpg,320,240,train,train/Tomato Early blight leaf/earlyblightresize.jpg,Tomato Early blight leaf,320,240,JPEG,22cbc5406b1bd134c4463a469bc1fee9,13675146944250147924,1583,1
tomato_early_blight__4f9ce949b1,val,tomato early blight,20,data/images/val/tomato_early_blight/tomato_early_blight__4f9ce949b1.jpg,512,384,train,train/Tomato Early blight leaf/Tomato-diseases-prevention-treatment.-Early-blight..jpg,Tomato Early blight leaf,1200,900,JPEG,4f9ce949b194c882e314f99650f154ed,10778974947034840378,1561,1
tomato_early_blight__963ebcdcae,val,tomato early blight,20,data/images/val/tomato_early_blight/tomato_early_blight__963ebcdcae.jpg,512,385,train,train/Tomato Early blight leaf/gn201410308259997ar-jpg.jpg,Tomato Early blight leaf,804,604,JPEG,963ebcdcae4db70ce980f321d7d1a30f,9100540886044129753,1587,1
tomato_early_blight__eef02b1252,val,tomato early blight,20,data/images/val/tomato_early_blight/tomato_early_blight__eef02b1252.jpg,512,384,train,train/Tomato Early blight leaf/Diseased-Tomato-Plant.jpg,Tomato Early blight leaf,680,510,JPEG,eef02b1252b15499dd3a2cf17aacc2c7,4381094321858378555,1544,1
tomato_healthy__251b884715,val,tomato healthy,21,data/images/val/tomato_healthy/tomato_healthy__251b884715.jpg,401,422,train,train/Tomato leaf/Tomato%2Bleaf.jpg,Tomato leaf,401,422,JPEG,251b8847152b901a97b3aa127053f7a1,14520087980893510036,1759,1
tomato_healthy__770f0921ff,val,tomato healthy,21,data/images/val/tomato_healthy/tomato_healthy__770f0921ff.jpg,339,512,train,train/Tomato leaf/tomato-leaf-6291945.jpg,Tomato leaf,862,1300,JPEG,770f0921ff6606bd5b82c950d1874303,3173927399786486288,1780,1
tomato_healthy__80343057dd,val,tomato healthy,21,data/images/val/tomato_healthy/tomato_healthy__80343057dd.jpg,512,384,train,train/Tomato leaf/2015-09-17-01.jpg,Tomato leaf,1200,900,JPEG,80343057dd42c6a40a297c54e0fcc077,10132143001348657874,1745,1
tomato_healthy__b1925a8a3b,val,tomato healthy,21,data/images/val/tomato_healthy/tomato_healthy__b1925a8a3b.jpg,512,512,test,test/Tomato leaf/Tomato_leaf.jpg,Tomato leaf,2144,2143,JPEG,b1925a8a3b3fe96efa02a57b6aae0e3f,12097670066865501310,2449,1
tomato_late_blight__07ccdc1e2f,val,tomato late blight,22,data/images/val/tomato_late_blight/tomato_late_blight__07ccdc1e2f.jpg,495,512,train,train/Tomato leaf late blight/tomato-late-blight-phytophthora-infestans-necrosis-sporulation-on-a-tomato-leaf-underside-X5YDDP.jpg,Tomato leaf late blight,1300,1346,JPEG,07ccdc1e2fdf832441c2677c3fa358cc,11958964143062051908,1969,1
tomato_late_blight__0afcd112fa,val,tomato late blight,22,data/images/val/tomato_late_blight/tomato_late_blight__0afcd112fa.jpg,512,340,train,train/Tomato leaf late blight/Tomato-Late-BlightBM.jpg,Tomato leaf late blight,2500,1660,JPEG,0afcd112fa2cbe046108ae8d2c310b1a,1219576730351354650,1919,1
tomato_late_blight__1149460ad6,val,tomato late blight,22,data/images/val/tomato_late_blight/tomato_late_blight__1149460ad6.jpg,384,512,train,train/Tomato leaf late blight/late_blight_tomato_leaf5x12001.jpg,Tomato leaf late blight,1200,1600,JPEG,1149460ad612c2d6a49b8dc600e24129,14268776774157006908,1943,1
tomato_late_blight__1d0721469b,val,tomato late blight,22,data/images/val/tomato_late_blight/tomato_late_blight__1d0721469b.jpg,300,154,train,train/Tomato leaf late blight/tomato-late-blight-leaf-61-3x32.jpg,Tomato leaf late blight,300,154,JPEG,1d0721469bf49d2ed1d7fc1e13f9377e,7521020278902162191,1965,1
tomato_late_blight__4d9e79f18f,val,tomato late blight,22,data/images/val/tomato_late_blight/tomato_late_blight__4d9e79f18f.jpg,400,258,train,train/Tomato leaf late blight/F%294.jpg,Tomato leaf late blight,400,258,JPEG,4d9e79f18fb9d6122734596d4feacc2a,7887547644744295887,1895,1
tomato_late_blight__9866d68cff,val,tomato late blight,22,data/images/val/tomato_late_blight/tomato_late_blight__9866d68cff.jpg,512,363,train,train/Tomato leaf late blight/tomato-late-blight-conn-2015-139rcs.jpg,Tomato leaf late blight,1616,1145,JPEG,9866d68cff646414468735377cad40d1,3186693965863770195,1964,1
tomato_leaf_mold__4c01105bda,val,tomato leaf mold,23,data/images/val/tomato_leaf_mold/tomato_leaf_mold__4c01105bda.jpg,512,341,train,train/Tomato mold leaf/100_4542.jpg,Tomato mold leaf,2160,1440,JPEG,4c01105bda13d458422614b4cbfa7629,3126591470083804262,2090,1
tomato_leaf_mold__723414238b,val,tomato leaf mold,23,data/images/val/tomato_leaf_mold/tomato_leaf_mold__723414238b.jpg,250,188,train,train/Tomato mold leaf/image233.jpg,Tomato mold leaf,250,188,JPEG,723414238b774346f34e184fa4d88ae4,8691030940016614585,2138,1
tomato_leaf_mold__8a115f774d,val,tomato leaf mold,23,data/images/val/tomato_leaf_mold/tomato_leaf_mold__8a115f774d.jpg,115,85,train,train/Tomato mold leaf/tomato_Leaf-roll-physiological-7059-SLoewen_thm.jpg,Tomato mold leaf,115,85,JPEG,8a115f774d821ec31391000cb4f4e1fe,3580410408797883675,2165,1
tomato_leaf_mold__f43753619e,val,tomato leaf mold,23,data/images/val/tomato_leaf_mold/tomato_leaf_mold__f43753619e.jpg,200,150,train,train/Tomato mold leaf/ArticleImage.aspx?imgid=4987.jpg,Tomato mold leaf,200,150,JPEG,f43753619ea32c81304e4bd8c4c83fea,14778999328515945570,2103,1
tomato_leaf_mold__f6ec9c7c88,val,tomato leaf mold,23,data/images/val/tomato_leaf_mold/tomato_leaf_mold__f6ec9c7c88.jpg,432,324,train,train/Tomato mold leaf/607-155-0.jpg,Tomato mold leaf,432,324,JPEG,f6ec9c7c880bf1b29247c73ea9183a0c,11200980901350766351,2100,1
tomato_mosaic_virus__2890c5d634,val,tomato mosaic virus,24,data/images/val/tomato_mosaic_virus/tomato_mosaic_virus__2890c5d634.jpg,512,384,test,test/Tomato leaf mosaic virus/tomato_virus_04_zoom.jpg,Tomato leaf mosaic virus,900,675,JPEG,2890c5d6340a8fab600c56c5fe29b415,10418800817239752820,2476,1
tomato_mosaic_virus__da22245a9a,val,tomato mosaic virus,24,data/images/val/tomato_mosaic_virus/tomato_mosaic_virus__da22245a9a.jpg,512,377,test,test/Tomato leaf mosaic virus/ill-tomato-of-tomato-mosaic-virus-DBE17N.jpg,Tomato leaf mosaic virus,1300,956,JPEG,da22245a9a2eb33d512bbc0b024cbe0c,7481971774033727373,2471,1
tomato_mosaic_virus__f77db8faed,val,tomato mosaic virus,24,data/images/val/tomato_mosaic_virus/tomato_mosaic_virus__f77db8faed.jpg,173,244,train,train/Tomato leaf mosaic virus/4b0bfd_df5a85f728c74cecbe908a24feadab02.jpg,Tomato leaf mosaic virus,173,244,JPEG,f77db8faed2610b32a556722e504d575,12001704453774254924,1980,1
tomato_septoria_leaf_spot__3ed681f7af,val,tomato septoria leaf spot,25,data/images/val/tomato_septoria_leaf_spot/tomato_septoria_leaf_spot__3ed681f7af.jpg,512,384,train,train/Tomato Septoria leaf spot/IMG_0863_1500x1500%253E.jpg,Tomato Septoria leaf spot,1500,1125,JPEG,3ed681f7afa0f9bbbc097f2fc0cf124b,10036351869819528884,1639,1
tomato_septoria_leaf_spot__52cb9350d8,val,tomato septoria leaf spot,25,data/images/val/tomato_septoria_leaf_spot/tomato_septoria_leaf_spot__52cb9350d8.jpg,512,384,train,train/Tomato Septoria leaf spot/tomato-diseases-1-638.jpg,Tomato Septoria leaf spot,638,479,JPEG,52cb9350d804cb47f33dd898a372faea,3746365956163585,1711,1
tomato_septoria_leaf_spot__53fa795d3f,val,tomato septoria leaf spot,25,data/images/val/tomato_septoria_leaf_spot/tomato_septoria_leaf_spot__53fa795d3f.jpg,360,314,train,train/Tomato Septoria leaf spot/Septoria_leaf_spot_tomato.jpg,Tomato Septoria leaf spot,360,314,JPEG,53fa795d3fc8b68c7aedefc3200f1e70,1970616521508849222,1658,1
tomato_septoria_leaf_spot__75442751b6,val,tomato septoria leaf spot,25,data/images/val/tomato_septoria_leaf_spot/tomato_septoria_leaf_spot__75442751b6.jpg,448,318,train,train/Tomato Septoria leaf spot/2010-jul-5-jul-9-03.jpg,Tomato Septoria leaf spot,448,318,JPEG,75442751b6986fdeeaf0f9c5f1c52537,3680439862712891109,1605,1
tomato_septoria_leaf_spot__77a00cca9d,val,tomato septoria leaf spot,25,data/images/val/tomato_septoria_leaf_spot/tomato_septoria_leaf_spot__77a00cca9d.jpg,300,200,train,train/Tomato Septoria leaf spot/septoria-leaf-spot-tomato-1.jpg,Tomato Septoria leaf spot,300,200,JPEG,77a00cca9d4b5b6446c117b1d6157389,5099250175040825517,1686,1
tomato_septoria_leaf_spot__8c41e0be04,val,tomato septoria leaf spot,25,data/images/val/tomato_septoria_leaf_spot/tomato_septoria_leaf_spot__8c41e0be04.jpg,512,384,train,train/Tomato Septoria leaf spot/tomato-septoria-leaf-spot--.jpg,Tomato Septoria leaf spot,1200,900,JPEG,8c41e0be04f8815006c4ebd9df1f4c89,10767101815734343269,1721,1
tomato_septoria_leaf_spot__9b76d6faba,val,tomato septoria leaf spot,25,data/images/val/tomato_septoria_leaf_spot/tomato_septoria_leaf_spot__9b76d6faba.jpg,287,512,train,train/Tomato Septoria leaf spot/early+blight+on+leaf+yel+halo+IMG_2313.JPG.jpg,Tomato Septoria leaf spot,898,1600,JPEG,9b76d6faba3689531972394049afec05,9150987739999489521,1675,1
tomato_septoria_leaf_spot__ed0b688c5c,val,tomato septoria leaf spot,25,data/images/val/tomato_septoria_leaf_spot/tomato_septoria_leaf_spot__ed0b688c5c.jpg,300,400,train,train/Tomato Septoria leaf spot/Septoria%2Bleaf%2Bspot.tomato.JPG.jpg,Tomato Septoria leaf spot,300,400,JPEG,ed0b688c5ce1737bebd5425fb12b3dba,3689049604059832112,1646,1
tomato_yellow_leaf_curl_virus__0c79b0563d,val,tomato yellow leaf curl virus,26,data/images/val/tomato_yellow_leaf_curl_virus/tomato_yellow_leaf_curl_virus__0c79b0563d.jpg,384,512,test,test/Tomato leaf yellow virus/17fc47.jpg,Tomato leaf yellow virus,768,1024,JPEG,0c79b0563d44ad16229d8e68acd5658e,12301560300676693950,2478,1
tomato_yellow_leaf_curl_virus__81d5be8236,val,tomato yellow leaf curl virus,26,data/images/val/tomato_yellow_leaf_curl_virus/tomato_yellow_leaf_curl_virus__81d5be8236.jpg,512,384,train,train/Tomato leaf yellow virus/role-of-whitefly-in-plant-virus-transmission-by-pmanikandan-13-638.jpg,Tomato leaf yellow virus,638,479,JPEG,81d5be82361bfd1fe77a1800566116ac,7284952078576339249,2063,1
tomato_yellow_leaf_curl_virus__dbc62cfa69,val,tomato yellow leaf curl virus,26,data/images/val/tomato_yellow_leaf_curl_virus/tomato_yellow_leaf_curl_virus__dbc62cfa69.jpg,512,225,train,train/Tomato leaf yellow virus/tomato-yellow-leaf-curl-virus-tylcv_950983.jpg,Tomato leaf yellow virus,620,273,JPEG,dbc62cfa69ba89ebeada2ef574398b84,7730772785714808476,2079,1
tomato_yellow_leaf_curl_virus__fb28ea60af,val,tomato yellow leaf curl virus,26,data/images/val/tomato_yellow_leaf_curl_virus/tomato_yellow_leaf_curl_virus__fb28ea60af.jpg,259,194,train,train/Tomato leaf yellow virus/leaf%20curl_3.jpg,Tomato leaf yellow virus,259,194,JPEG,fb28ea60af8d88f14f6f8064b1d38fa9,15019738862137520947,2058,1
